,ai,env,start,subreddits,end,count
0,AI,water use,2023-02-28,,2023-03-30,4.0
1,AI,water use,2022-12-30,,2023-01-29,3.0
2,AI,water use,2023-01-29,,2023-02-28,3.0
3,AI,water use,2023-06-28,,2023-07-28,2.0
4,AI,water use,2023-05-29,,2023-06-28,2.0
5,AI,water use,2023-03-30,,2023-04-29,2.0
6,AI,water use,2022-11-30,,2022-12-30,0.0
7,AI,water use,2023-07-28,,2023-08-27,0.0
8,AI,water use,2023-04-29,,2023-05-29,0.0
9,Gemini,energy use,2023-05-29,,2023-06-28,0.0
10,Gemini,energy use,2023-12-25,,2024-01-24,0.0
11,Gemini,energy use,2023-11-25,,2023-12-25,0.0
12,Gemini,energy use,2023-10-26,,2023-11-25,0.0
13,Gemini,energy use,2024-02-23,,2024-03-24,0.0
14,Gemini,energy use,2024-03-24,,2024-04-23,0.0
15,Gemini,energy use,2024-01-24,,2024-02-23,0.0
16,Gemini,energy use,2023-07-28,,2023-08-27,0.0
17,Gemini,energy use,2023-06-28,,2023-07-28,0.0
18,Gemini,energy use,2023-08-27,,2023-09-26,0.0
19,Gemini,energy use,2023-09-26,,2023-10-26,0.0
20,Gemini,energy use,2024-09-20,,2024-10-20,0.0
21,Gemini,energy use,2024-10-20,,2024-11-19,-1.0
22,Gemini,energy use,2024-08-21,,2024-09-20,-1.0
23,Gemini,energy use,2024-12-19,,2025-01-18,-1.0
24,Gemini,energy use,2025-01-18,,2025-02-17,-1.0
25,Gemini,energy use,2024-11-19,,2024-12-19,-1.0
26,Gemini,energy use,2024-05-23,,2024-06-22,-1.0
27,Gemini,energy use,2024-04-23,,2024-05-23,-1.0
28,Gemini,energy use,2024-07-22,,2024-08-21,-1.0
29,Gemini,energy use,2024-06-22,,2024-07-22,-1.0
30,Gemini,energy consumption,2025-07-17,,2025-08-16,-1.0
31,Gemini,energy consumption,2025-06-17,,2025-07-17,-1.0
32,Gemini,energy consumption,2025-08-16,,2025-09-15,-1.0
33,Gemini,energy consumption,2025-05-18,,2025-06-17,-1.0
34,Gemini,energy consumption,2025-10-15,,2025-11-14,-1.0
35,Gemini,energy consumption,2025-09-15,,2025-10-15,-1.0
36,Gemini,energy consumption,2025-02-17,,2025-03-19,-1.0
37,Gemini,energy consumption,2025-01-18,,2025-02-17,-1.0
38,Gemini,energy consumption,2025-03-19,,2025-04-18,-1.0
39,Gemini,energy consumption,2024-12-19,,2025-01-18,-1.0
40,Gemini,energy consumption,2025-04-18,,2025-05-18,-1.0
41,Gemini,energy use,2023-02-28,,2023-03-30,-1.0
42,Gemini,energy use,2023-01-29,,2023-02-28,-1.0
43,Gemini,energy use,2022-12-30,,2023-01-29,-1.0
44,Gemini,energy use,2023-04-29,,2023-05-29,-1.0
45,Gemini,energy use,2023-03-30,,2023-04-29,-1.0
46,Gemini,energy consumption,2025-12-14,,2026-01-13,-1.0
47,Gemini,energy consumption,2025-11-14,,2025-12-14,-1.0
48,Gemini,energy consumption,2026-01-13,,2026-02-12,-1.0
49,Gemini,energy use,2022-11-30,,2022-12-30,-1.0
50,Gemini,energy usage,2023-12-25,,2024-01-24,-1.0
51,Gemini,energy usage,2024-01-24,,2024-02-23,-1.0
52,Gemini,energy usage,2023-11-25,,2023-12-25,-1.0
53,Gemini,energy usage,2024-03-24,,2024-04-23,-1.0
54,Gemini,energy usage,2024-02-23,,2024-03-24,-1.0
55,Gemini,energy usage,2023-10-26,,2023-11-25,-1.0
56,Gemini,energy usage,2023-07-28,,2023-08-27,-1.0
57,Gemini,energy usage,2023-08-27,,2023-09-26,-1.0
58,Gemini,energy usage,2023-06-28,,2023-07-28,-1.0
59,Gemini,energy usage,2023-09-26,,2023-10-26,-1.0
60,Gemini,energy usage,2024-10-20,,2024-11-19,-1.0
61,Gemini,energy usage,2024-11-19,,2024-12-19,-1.0
62,Gemini,energy usage,2024-09-20,,2024-10-20,-1.0
63,Gemini,energy usage,2024-08-21,,2024-09-20,-1.0
64,Gemini,energy usage,2025-01-18,,2025-02-17,-1.0
65,Gemini,energy usage,2024-12-19,,2025-01-18,-1.0
66,Gemini,energy usage,2024-05-23,,2024-06-22,-1.0
67,Gemini,energy usage,2024-06-22,,2024-07-22,-1.0
68,Gemini,energy usage,2024-04-23,,2024-05-23,-1.0
69,Gemini,energy usage,2024-07-22,,2024-08-21,-1.0
70,Gemini,energy use,2025-07-17,,2025-08-16,-1.0
71,Gemini,energy use,2025-08-16,,2025-09-15,-1.0
72,Gemini,energy use,2025-06-17,,2025-07-17,-1.0
73,Gemini,energy use,2025-11-14,,2025-12-14,-1.0
74,Gemini,energy use,2025-10-15,,2025-11-14,-1.0
75,Gemini,energy use,2025-09-15,,2025-10-15,-1.0
76,Gemini,energy use,2025-02-17,,2025-03-19,-1.0
77,Gemini,energy use,2025-03-19,,2025-04-18,-1.0
78,Gemini,energy use,2025-05-18,,2025-06-17,-1.0
79,Gemini,energy use,2025-04-18,,2025-05-18,-1.0
80,Gemini,energy usage,2023-02-28,,2023-03-30,-1.0
81,Gemini,energy usage,2023-03-30,,2023-04-29,-1.0
82,Gemini,energy usage,2023-01-29,,2023-02-28,-1.0
83,Gemini,energy usage,2023-05-29,,2023-06-28,-1.0
84,Gemini,energy usage,2023-04-29,,2023-05-29,-1.0
85,Gemini,energy use,2025-12-14,,2026-01-13,-1.0
86,Gemini,energy use,2026-01-13,,2026-02-12,-1.0
87,Gemini,energy usage,2022-12-30,,2023-01-29,-1.0
88,Gemini,energy usage,2022-11-30,,2022-12-30,-1.0
89,Gemini,waste,2023-10-26,,2023-11-25,-1.0
90,Gemini,waste,2023-11-25,,2023-12-25,-1.0
91,Gemini,waste,2023-09-26,,2023-10-26,-1.0
92,Gemini,waste,2024-02-23,,2024-03-24,-1.0
93,Gemini,waste,2024-01-24,,2024-02-23,-1.0
94,Gemini,waste,2023-12-25,,2024-01-24,-1.0
95,Gemini,waste,2023-05-29,,2023-06-28,-1.0
96,Gemini,waste,2023-06-28,,2023-07-28,-1.0
97,Gemini,waste,2023-04-29,,2023-05-29,-1.0
98,Gemini,waste,2023-08-27,,2023-09-26,-1.0
99,Gemini,waste,2023-07-28,,2023-08-27,-1.0
100,Gemini,waste,2024-08-21,,2024-09-20,-1.0
101,Gemini,waste,2024-09-20,,2024-10-20,-1.0
102,Gemini,waste,2024-07-22,,2024-08-21,-1.0
103,Gemini,waste,2024-11-19,,2024-12-19,-1.0
104,Gemini,waste,2024-10-20,,2024-11-19,-1.0
105,Gemini,waste,2024-03-24,,2024-04-23,-1.0
106,Gemini,waste,2024-04-23,,2024-05-23,-1.0
107,Gemini,waste,2024-06-22,,2024-07-22,-1.0
108,Gemini,waste,2024-05-23,,2024-06-22,-1.0
109,Gemini,waste,2024-12-19,,2025-01-18,-1.0
110,Gemini,pollution,2025-06-17,,2025-07-17,-1.0
111,Gemini,pollution,2025-05-18,,2025-06-17,-1.0
112,Gemini,pollution,2025-04-18,,2025-05-18,-1.0
113,Gemini,pollution,2025-09-15,,2025-10-15,-1.0
114,Gemini,pollution,2025-08-16,,2025-09-15,-1.0
115,Gemini,pollution,2025-07-17,,2025-08-16,-1.0
116,Gemini,pollution,2025-01-18,,2025-02-17,-1.0
117,Gemini,pollution,2024-12-19,,2025-01-18,-1.0
118,Gemini,pollution,2024-11-19,,2024-12-19,-1.0
119,Gemini,pollution,2025-03-19,,2025-04-18,-1.0
120,Gemini,pollution,2025-02-17,,2025-03-19,-1.0
121,Gemini,waste,2022-12-30,,2023-01-29,-1.0
122,Gemini,waste,2023-01-29,,2023-02-28,-1.0
123,Gemini,waste,2022-11-30,,2022-12-30,-1.0
124,Gemini,waste,2023-03-30,,2023-04-29,-1.0
125,Gemini,waste,2023-02-28,,2023-03-30,-1.0
126,Gemini,pollution,2025-11-14,,2025-12-14,-1.0
127,Gemini,pollution,2025-10-15,,2025-11-14,-1.0
128,Gemini,pollution,2026-01-13,,2026-02-12,-1.0
129,Gemini,pollution,2025-12-14,,2026-01-13,-1.0
130,Gemini,energy consumption,2023-11-25,,2023-12-25,-1.0
131,Gemini,energy consumption,2023-12-25,,2024-01-24,-1.0
132,Gemini,energy consumption,2023-10-26,,2023-11-25,-1.0
133,Gemini,energy consumption,2023-09-26,,2023-10-26,-1.0
134,Gemini,energy consumption,2024-02-23,,2024-03-24,-1.0
135,Gemini,energy consumption,2024-01-24,,2024-02-23,-1.0
136,Gemini,energy consumption,2023-06-28,,2023-07-28,-1.0
137,Gemini,energy consumption,2023-07-28,,2023-08-27,-1.0
138,Gemini,energy consumption,2023-05-29,,2023-06-28,-1.0
139,Gemini,energy consumption,2023-04-29,,2023-05-29,-1.0
140,Gemini,energy consumption,2023-08-27,,2023-09-26,-1.0
141,Gemini,energy consumption,2024-09-20,,2024-10-20,-1.0
142,Gemini,energy consumption,2024-08-21,,2024-09-20,-1.0
143,Gemini,energy consumption,2024-10-20,,2024-11-19,-1.0
144,Gemini,energy consumption,2024-07-22,,2024-08-21,-1.0
145,Gemini,energy consumption,2024-11-19,,2024-12-19,-1.0
146,Gemini,energy consumption,2024-04-23,,2024-05-23,-1.0
147,Gemini,energy consumption,2024-03-24,,2024-04-23,-1.0
148,Gemini,energy consumption,2024-05-23,,2024-06-22,-1.0
149,Gemini,energy consumption,2024-06-22,,2024-07-22,-1.0
150,Gemini,waste,2025-06-17,,2025-07-17,-1.0
151,Gemini,waste,2025-07-17,,2025-08-16,-1.0
152,Gemini,waste,2025-05-18,,2025-06-17,-1.0
153,Gemini,waste,2025-09-15,,2025-10-15,-1.0
154,Gemini,waste,2025-08-16,,2025-09-15,-1.0
155,Gemini,waste,2025-04-18,,2025-05-18,-1.0
156,Gemini,waste,2025-01-18,,2025-02-17,-1.0
157,Gemini,waste,2025-02-17,,2025-03-19,-1.0
158,Gemini,waste,2025-03-19,,2025-04-18,-1.0
159,Gemini,energy consumption,2023-01-29,,2023-02-28,-1.0
160,Gemini,energy consumption,2023-02-28,,2023-03-30,-1.0
161,Gemini,energy consumption,2022-12-30,,2023-01-29,-1.0
162,Gemini,energy consumption,2022-11-30,,2022-12-30,-1.0
163,Gemini,energy consumption,2023-03-30,,2023-04-29,-1.0
164,Gemini,waste,2025-11-14,,2025-12-14,-1.0
165,Gemini,waste,2025-12-14,,2026-01-13,-1.0
166,Gemini,waste,2025-10-15,,2025-11-14,-1.0
167,Gemini,waste,2026-01-13,,2026-02-12,-1.0
168,Gemini,energy cost,2024-02-23,,2024-03-24,-1.0
169,Gemini,energy cost,2024-03-24,,2024-04-23,-1.0
170,Gemini,energy cost,2024-01-24,,2024-02-23,-1.0
171,Gemini,energy cost,2023-12-25,,2024-01-24,-1.0
172,Gemini,energy cost,2024-05-23,,2024-06-22,-1.0
173,Gemini,energy cost,2024-04-23,,2024-05-23,-1.0
174,Gemini,energy cost,2023-09-26,,2023-10-26,-1.0
175,Gemini,energy cost,2023-10-26,,2023-11-25,-1.0
176,Gemini,energy cost,2023-08-27,,2023-09-26,-1.0
177,Gemini,energy cost,2023-07-28,,2023-08-27,-1.0
178,Gemini,energy cost,2023-11-25,,2023-12-25,-1.0
179,Gemini,energy cost,2024-12-19,,2025-01-18,-1.0
180,Gemini,energy cost,2024-11-19,,2024-12-19,-1.0
181,Gemini,energy cost,2025-01-18,,2025-02-17,-1.0
182,Gemini,energy cost,2024-10-20,,2024-11-19,-1.0
183,Gemini,energy cost,2025-02-17,,2025-03-19,-1.0
184,Gemini,energy cost,2025-03-19,,2025-04-18,-1.0
185,Gemini,energy cost,2024-07-22,,2024-08-21,-1.0
186,Gemini,energy cost,2024-08-21,,2024-09-20,-1.0
187,Gemini,energy cost,2024-06-22,,2024-07-22,-1.0
188,Gemini,energy cost,2024-09-20,,2024-10-20,-1.0
189,Gemini,energy impact,2025-09-15,,2025-10-15,-1.0
190,Gemini,energy impact,2025-10-15,,2025-11-14,-1.0
191,Gemini,energy impact,2025-08-16,,2025-09-15,-1.0
192,Gemini,energy impact,2025-12-14,,2026-01-13,-1.0
193,Gemini,energy impact,2025-11-14,,2025-12-14,-1.0
194,Gemini,energy impact,2025-04-18,,2025-05-18,-1.0
195,Gemini,energy impact,2025-05-18,,2025-06-17,-1.0
196,Gemini,energy impact,2025-07-17,,2025-08-16,-1.0
197,Gemini,energy impact,2025-03-19,,2025-04-18,-1.0
198,Gemini,energy impact,2025-06-17,,2025-07-17,-1.0
199,Gemini,energy cost,2023-04-29,,2023-05-29,-1.0
200,Gemini,energy cost,2023-05-29,,2023-06-28,-1.0
201,Gemini,energy cost,2023-03-30,,2023-04-29,-1.0
202,Gemini,energy cost,2023-02-28,,2023-03-30,-1.0
203,Gemini,energy cost,2023-06-28,,2023-07-28,-1.0
204,Gemini,energy cost,2022-11-30,,2022-12-30,-1.0
205,Gemini,energy cost,2022-12-30,,2023-01-29,-1.0
206,Gemini,energy impact,2026-01-13,,2026-02-12,-1.0
207,Gemini,energy cost,2023-01-29,,2023-02-28,-1.0
208,Gemini,carbon emission,2024-03-24,,2024-04-23,-1.0
209,Gemini,carbon emission,2024-02-23,,2024-03-24,-1.0
210,Gemini,carbon emission,2024-01-24,,2024-02-23,-1.0
211,Gemini,carbon emission,2024-06-22,,2024-07-22,-1.0
212,Gemini,carbon emission,2024-05-23,,2024-06-22,-1.0
213,Gemini,carbon emission,2024-04-23,,2024-05-23,-1.0
214,Gemini,carbon emission,2023-10-26,,2023-11-25,-1.0
215,Gemini,carbon emission,2023-09-26,,2023-10-26,-1.0
216,Gemini,carbon emission,2023-08-27,,2023-09-26,-1.0
217,Gemini,carbon emission,2023-12-25,,2024-01-24,-1.0
218,Gemini,carbon emission,2023-11-25,,2023-12-25,-1.0
219,Gemini,carbon emission,2025-01-18,,2025-02-17,-1.0
220,Gemini,carbon emission,2024-12-19,,2025-01-18,-1.0
221,Gemini,carbon emission,2024-11-19,,2024-12-19,-1.0
222,Gemini,carbon emission,2025-03-19,,2025-04-18,-1.0
223,Gemini,carbon emission,2025-04-18,,2025-05-18,-1.0
224,Gemini,carbon emission,2025-02-17,,2025-03-19,-1.0
225,Gemini,carbon emission,2024-08-21,,2024-09-20,-1.0
226,Gemini,carbon emission,2024-07-22,,2024-08-21,-1.0
227,Gemini,carbon emission,2024-10-20,,2024-11-19,-1.0
228,Gemini,carbon emission,2024-09-20,,2024-10-20,-1.0
229,Gemini,energy cost,2025-10-15,,2025-11-14,-1.0
230,Gemini,energy cost,2025-09-15,,2025-10-15,-1.0
231,Gemini,energy cost,2025-11-14,,2025-12-14,-1.0
232,Gemini,energy cost,2025-08-16,,2025-09-15,-1.0
233,Gemini,energy cost,2026-01-13,,2026-02-12,-1.0
234,Gemini,energy cost,2025-12-14,,2026-01-13,-1.0
235,Gemini,energy cost,2025-05-18,,2025-06-17,-1.0
236,Gemini,energy cost,2025-04-18,,2025-05-18,-1.0
237,Gemini,energy cost,2025-06-17,,2025-07-17,-1.0
238,Gemini,energy cost,2025-07-17,,2025-08-16,-1.0
239,Gemini,carbon emission,2023-05-29,,2023-06-28,-1.0
240,Gemini,carbon emission,2023-04-29,,2023-05-29,-1.0
241,Gemini,carbon emission,2023-06-28,,2023-07-28,-1.0
242,Gemini,carbon emission,2023-03-30,,2023-04-29,-1.0
243,Gemini,carbon emission,2023-07-28,,2023-08-27,-1.0
244,Gemini,carbon emission,2022-12-30,,2023-01-29,-1.0
245,Gemini,carbon emission,2022-11-30,,2022-12-30,-1.0
246,Gemini,carbon emission,2023-01-29,,2023-02-28,-1.0
247,Gemini,carbon emission,2023-02-28,,2023-03-30,-1.0
248,Gemini,energy footprint,2024-01-24,,2024-02-23,-1.0
249,Gemini,energy footprint,2023-12-25,,2024-01-24,-1.0
250,Gemini,energy footprint,2024-02-23,,2024-03-24,-1.0
251,Gemini,energy footprint,2023-11-25,,2023-12-25,-1.0
252,Gemini,energy footprint,2024-04-23,,2024-05-23,-1.0
253,Gemini,energy footprint,2024-03-24,,2024-04-23,-1.0
254,Gemini,energy footprint,2023-08-27,,2023-09-26,-1.0
255,Gemini,energy footprint,2023-07-28,,2023-08-27,-1.0
256,Gemini,energy footprint,2023-09-26,,2023-10-26,-1.0
257,Gemini,energy footprint,2023-06-28,,2023-07-28,-1.0
258,Gemini,energy footprint,2023-10-26,,2023-11-25,-1.0
259,Gemini,energy footprint,2024-11-19,,2024-12-19,-1.0
260,Gemini,energy footprint,2024-10-20,,2024-11-19,-1.0
261,Gemini,energy footprint,2024-09-20,,2024-10-20,-1.0
262,Gemini,energy footprint,2025-01-18,,2025-02-17,-1.0
263,Gemini,energy footprint,2025-02-17,,2025-03-19,-1.0
264,Gemini,energy footprint,2024-12-19,,2025-01-18,-1.0
265,Gemini,energy footprint,2024-06-22,,2024-07-22,-1.0
266,Gemini,energy footprint,2024-05-23,,2024-06-22,-1.0
267,Gemini,energy footprint,2024-07-22,,2024-08-21,-1.0
268,Gemini,energy footprint,2024-08-21,,2024-09-20,-1.0
269,Gemini,energy usage,2025-08-16,,2025-09-15,-1.0
270,Gemini,energy usage,2025-09-15,,2025-10-15,-1.0
271,Gemini,energy usage,2025-07-17,,2025-08-16,-1.0
272,Gemini,energy usage,2025-06-17,,2025-07-17,-1.0
273,Gemini,energy usage,2025-11-14,,2025-12-14,-1.0
274,Gemini,energy usage,2025-10-15,,2025-11-14,-1.0
275,Gemini,energy usage,2025-03-19,,2025-04-18,-1.0
276,Gemini,energy usage,2025-04-18,,2025-05-18,-1.0
277,Gemini,energy usage,2025-02-17,,2025-03-19,-1.0
278,Gemini,energy usage,2025-05-18,,2025-06-17,-1.0
279,Gemini,energy footprint,2023-03-30,,2023-04-29,-1.0
280,Gemini,energy footprint,2023-02-28,,2023-03-30,-1.0
281,Gemini,energy footprint,2023-04-29,,2023-05-29,-1.0
282,Gemini,energy footprint,2023-01-29,,2023-02-28,-1.0
283,Gemini,energy footprint,2023-05-29,,2023-06-28,-1.0
284,Gemini,energy usage,2026-01-13,,2026-02-12,-1.0
285,Gemini,energy footprint,2022-11-30,,2022-12-30,-1.0
286,Gemini,energy usage,2025-12-14,,2026-01-13,-1.0
287,Gemini,energy footprint,2022-12-30,,2023-01-29,-1.0
288,Gemini,energy impact,2024-01-24,,2024-02-23,-1.0
289,Gemini,energy impact,2024-02-23,,2024-03-24,-1.0
290,Gemini,energy impact,2023-12-25,,2024-01-24,-1.0
291,Gemini,energy impact,2024-05-23,,2024-06-22,-1.0
292,Gemini,energy impact,2024-04-23,,2024-05-23,-1.0
293,Gemini,energy impact,2024-03-24,,2024-04-23,-1.0
294,Gemini,energy impact,2023-08-27,,2023-09-26,-1.0
295,Gemini,energy impact,2023-09-26,,2023-10-26,-1.0
296,Gemini,energy impact,2023-07-28,,2023-08-27,-1.0
297,Gemini,energy impact,2023-11-25,,2023-12-25,-1.0
298,Gemini,energy impact,2023-10-26,,2023-11-25,-1.0
299,Gemini,energy impact,2024-11-19,,2024-12-19,-1.0
300,Gemini,energy impact,2024-12-19,,2025-01-18,-1.0
301,Gemini,energy impact,2024-10-20,,2024-11-19,-1.0
302,Gemini,energy impact,2025-02-17,,2025-03-19,-1.0
303,Gemini,energy impact,2025-01-18,,2025-02-17,-1.0
304,Gemini,energy impact,2024-06-22,,2024-07-22,-1.0
305,Gemini,energy impact,2024-07-22,,2024-08-21,-1.0
306,Gemini,energy impact,2024-09-20,,2024-10-20,-1.0
307,Gemini,energy impact,2024-08-21,,2024-09-20,-1.0
308,Gemini,energy footprint,2025-09-15,,2025-10-15,-1.0
309,Gemini,energy footprint,2025-08-16,,2025-09-15,-1.0
310,Gemini,energy footprint,2025-07-17,,2025-08-16,-1.0
311,Gemini,energy footprint,2025-12-14,,2026-01-13,-1.0
312,Gemini,energy footprint,2025-11-14,,2025-12-14,-1.0
313,Gemini,energy footprint,2025-10-15,,2025-11-14,-1.0
314,Gemini,energy footprint,2025-04-18,,2025-05-18,-1.0
315,Gemini,energy footprint,2025-03-19,,2025-04-18,-1.0
316,Gemini,energy footprint,2025-06-17,,2025-07-17,-1.0
317,Gemini,energy footprint,2025-05-18,,2025-06-17,-1.0
318,Gemini,energy impact,2023-04-29,,2023-05-29,-1.0
319,Gemini,energy impact,2023-03-30,,2023-04-29,-1.0
320,Gemini,energy impact,2023-02-28,,2023-03-30,-1.0
321,Gemini,energy impact,2023-06-28,,2023-07-28,-1.0
322,Gemini,energy impact,2023-05-29,,2023-06-28,-1.0
323,Gemini,energy impact,2022-11-30,,2022-12-30,-1.0
324,Gemini,energy footprint,2026-01-13,,2026-02-12,-1.0
325,Gemini,energy impact,2023-01-29,,2023-02-28,-1.0
326,Gemini,energy impact,2022-12-30,,2023-01-29,-1.0
327,Gemini,environment impact,2023-07-28,,2023-08-27,-1.0
328,Gemini,environment impact,2023-06-28,,2023-07-28,-1.0
329,Gemini,environment impact,2023-05-29,,2023-06-28,-1.0
330,Gemini,environment impact,2023-08-27,,2023-09-26,-1.0
331,Gemini,environment impact,2023-09-26,,2023-10-26,-1.0
332,Gemini,environment impact,2023-10-26,,2023-11-25,-1.0
333,Gemini,environment effect,2024-08-21,,2024-09-20,-1.0
334,Gemini,environment impact,2023-02-28,,2023-03-30,-1.0
335,Gemini,environment impact,2023-01-29,,2023-02-28,-1.0
336,Gemini,environment impact,2023-03-30,,2023-04-29,-1.0
337,Gemini,environment impact,2022-12-30,,2023-01-29,-1.0
338,Gemini,environment impact,2023-04-29,,2023-05-29,-1.0
339,Gemini,environment impact,2024-05-23,,2024-06-22,-1.0
340,Gemini,environment impact,2024-04-23,,2024-05-23,-1.0
341,Gemini,environment impact,2024-03-24,,2024-04-23,-1.0
342,Gemini,environment impact,2024-07-22,,2024-08-21,-1.0
343,Gemini,environment impact,2024-08-21,,2024-09-20,-1.0
344,Gemini,environment impact,2024-06-22,,2024-07-22,-1.0
345,Gemini,environment impact,2023-12-25,,2024-01-24,-1.0
346,Gemini,environment impact,2023-11-25,,2023-12-25,-1.0
347,Gemini,environment impact,2024-02-23,,2024-03-24,-1.0
348,Gemini,environment impact,2024-01-24,,2024-02-23,-1.0
349,Gemini,environment footprint,2025-02-17,,2025-03-19,-1.0
350,Gemini,environment footprint,2025-01-18,,2025-02-17,-1.0
351,Gemini,environment footprint,2025-03-19,,2025-04-18,-1.0
352,Gemini,environment footprint,2024-12-19,,2025-01-18,-1.0
353,Gemini,environment footprint,2025-05-18,,2025-06-17,-1.0
354,Gemini,environment footprint,2025-04-18,,2025-05-18,-1.0
355,Gemini,environment footprint,2024-09-20,,2024-10-20,-1.0
356,Gemini,environment footprint,2024-10-20,,2024-11-19,-1.0
357,Gemini,environment footprint,2024-08-21,,2024-09-20,-1.0
358,Gemini,environment footprint,2024-07-22,,2024-08-21,-1.0
359,Gemini,environment footprint,2024-11-19,,2024-12-19,-1.0
360,Gemini,environment footprint,2025-12-14,,2026-01-13,-1.0
361,Gemini,environment footprint,2025-11-14,,2025-12-14,-1.0
362,Gemini,environment footprint,2026-01-13,,2026-02-12,-1.0
363,Gemini,environment footprint,2025-10-15,,2025-11-14,-1.0
364,Gemini,environment impact,2022-11-30,,2022-12-30,-1.0
365,Gemini,environment footprint,2025-07-17,,2025-08-16,-1.0
366,Gemini,environment footprint,2025-06-17,,2025-07-17,-1.0
367,Gemini,environment footprint,2025-08-16,,2025-09-15,-1.0
368,Gemini,environment footprint,2025-09-15,,2025-10-15,-1.0
369,Gemini,environment effect,2023-07-28,,2023-08-27,-1.0
370,Gemini,environment effect,2023-08-27,,2023-09-26,-1.0
371,Gemini,environment effect,2023-06-28,,2023-07-28,-1.0
372,Gemini,environment effect,2023-11-25,,2023-12-25,-1.0
373,Gemini,environment effect,2023-10-26,,2023-11-25,-1.0
374,Gemini,environment effect,2023-09-26,,2023-10-26,-1.0
375,Gemini,environment effect,2023-02-28,,2023-03-30,-1.0
376,Gemini,environment effect,2023-03-30,,2023-04-29,-1.0
377,Gemini,environment effect,2023-01-29,,2023-02-28,-1.0
378,Gemini,environment effect,2023-05-29,,2023-06-28,-1.0
379,Gemini,environment effect,2023-04-29,,2023-05-29,-1.0
380,Gemini,environment effect,2024-05-23,,2024-06-22,-1.0
381,Gemini,environment effect,2024-06-22,,2024-07-22,-1.0
382,Gemini,environment effect,2024-04-23,,2024-05-23,-1.0
383,Gemini,environment effect,2024-07-22,,2024-08-21,-1.0
384,Gemini,environment effect,2023-12-25,,2024-01-24,-1.0
385,Gemini,environment effect,2024-01-24,,2024-02-23,-1.0
386,Gemini,environment effect,2024-03-24,,2024-04-23,-1.0
387,Gemini,environment effect,2024-02-23,,2024-03-24,-1.0
388,Gemini,environment impact,2025-03-19,,2025-04-18,-1.0
389,Gemini,environment impact,2025-02-17,,2025-03-19,-1.0
390,Gemini,environment impact,2025-01-18,,2025-02-17,-1.0
391,Gemini,environment impact,2025-06-17,,2025-07-17,-1.0
392,Gemini,environment impact,2025-05-18,,2025-06-17,-1.0
393,Gemini,environment impact,2025-04-18,,2025-05-18,-1.0
394,Gemini,environment impact,2024-10-20,,2024-11-19,-1.0
395,Gemini,environment impact,2024-09-20,,2024-10-20,-1.0
396,Gemini,environment impact,2024-12-19,,2025-01-18,-1.0
397,Gemini,environment impact,2024-11-19,,2024-12-19,-1.0
398,Gemini,environment impact,2025-12-14,,2026-01-13,-1.0
399,Gemini,environment impact,2026-01-13,,2026-02-12,-1.0
400,Gemini,environment impact,2025-11-14,,2025-12-14,-1.0
401,Gemini,environment effect,2022-12-30,,2023-01-29,-1.0
402,Gemini,environment effect,2022-11-30,,2022-12-30,-1.0
403,Gemini,environment impact,2025-07-17,,2025-08-16,-1.0
404,Gemini,environment impact,2025-08-16,,2025-09-15,-1.0
405,Gemini,environment impact,2025-10-15,,2025-11-14,-1.0
406,Gemini,environment impact,2025-09-15,,2025-10-15,-1.0
407,Gemini,sustainability,2023-05-29,,2023-06-28,-1.0
408,Gemini,sustainability,2023-06-28,,2023-07-28,-1.0
409,Gemini,sustainability,2023-04-29,,2023-05-29,-1.0
410,Gemini,sustainability,2023-09-26,,2023-10-26,-1.0
411,Gemini,sustainability,2023-08-27,,2023-09-26,-1.0
412,Gemini,sustainability,2023-07-28,,2023-08-27,-1.0
413,Gemini,sustainability,2023-01-29,,2023-02-28,-1.0
414,Gemini,sustainability,2022-12-30,,2023-01-29,-1.0
415,Gemini,sustainability,2022-11-30,,2022-12-30,-1.0
416,Gemini,sustainability,2023-03-30,,2023-04-29,-1.0
417,Gemini,sustainability,2023-02-28,,2023-03-30,-1.0
418,Gemini,sustainability,2024-03-24,,2024-04-23,-1.0
419,Gemini,sustainability,2024-04-23,,2024-05-23,-1.0
420,Gemini,sustainability,2024-02-23,,2024-03-24,-1.0
421,Gemini,sustainability,2024-06-22,,2024-07-22,-1.0
422,Gemini,sustainability,2024-05-23,,2024-06-22,-1.0
423,Gemini,sustainability,2024-07-22,,2024-08-21,-1.0
424,Gemini,sustainability,2023-10-26,,2023-11-25,-1.0
425,Gemini,sustainability,2023-11-25,,2023-12-25,-1.0
426,Gemini,sustainability,2024-01-24,,2024-02-23,-1.0
427,Gemini,sustainability,2023-12-25,,2024-01-24,-1.0
428,Gemini,water cost,2025-01-18,,2025-02-17,-1.0
429,Gemini,water cost,2024-12-19,,2025-01-18,-1.0
430,Gemini,water cost,2024-11-19,,2024-12-19,-1.0
431,Gemini,water cost,2025-04-18,,2025-05-18,-1.0
432,Gemini,water cost,2025-03-19,,2025-04-18,-1.0
433,Gemini,water cost,2025-02-17,,2025-03-19,-1.0
434,Gemini,water cost,2024-08-21,,2024-09-20,-1.0
435,Gemini,water cost,2024-07-22,,2024-08-21,-1.0
436,Gemini,water cost,2024-06-22,,2024-07-22,-1.0
437,Gemini,water cost,2024-09-20,,2024-10-20,-1.0
438,Gemini,water cost,2024-10-20,,2024-11-19,-1.0
439,Gemini,water cost,2025-11-14,,2025-12-14,-1.0
440,Gemini,water cost,2025-10-15,,2025-11-14,-1.0
441,Gemini,water cost,2025-09-15,,2025-10-15,-1.0
442,Gemini,water cost,2026-01-13,,2026-02-12,-1.0
443,Gemini,water cost,2025-12-14,,2026-01-13,-1.0
444,Gemini,water cost,2025-06-17,,2025-07-17,-1.0
445,Gemini,water cost,2025-05-18,,2025-06-17,-1.0
446,Gemini,water cost,2025-08-16,,2025-09-15,-1.0
447,Gemini,water cost,2025-07-17,,2025-08-16,-1.0
448,Gemini,environment footprint,2023-06-28,,2023-07-28,-1.0
449,Gemini,environment footprint,2023-07-28,,2023-08-27,-1.0
450,Gemini,environment footprint,2023-05-29,,2023-06-28,-1.0
451,Gemini,environment footprint,2023-04-29,,2023-05-29,-1.0
452,Gemini,environment footprint,2023-09-26,,2023-10-26,-1.0
453,Gemini,environment footprint,2023-08-27,,2023-09-26,-1.0
454,Gemini,environment footprint,2023-01-29,,2023-02-28,-1.0
455,Gemini,environment footprint,2023-02-28,,2023-03-30,-1.0
456,Gemini,environment footprint,2022-12-30,,2023-01-29,-1.0
457,Gemini,environment footprint,2022-11-30,,2022-12-30,-1.0
458,Gemini,environment footprint,2023-03-30,,2023-04-29,-1.0
459,Gemini,environment footprint,2024-04-23,,2024-05-23,-1.0
460,Gemini,environment footprint,2024-05-23,,2024-06-22,-1.0
461,Gemini,environment footprint,2024-03-24,,2024-04-23,-1.0
462,Gemini,environment footprint,2024-02-23,,2024-03-24,-1.0
463,Gemini,environment footprint,2024-06-22,,2024-07-22,-1.0
464,Gemini,environment footprint,2023-11-25,,2023-12-25,-1.0
465,Gemini,environment footprint,2023-12-25,,2024-01-24,-1.0
466,Gemini,environment footprint,2023-10-26,,2023-11-25,-1.0
467,Gemini,environment footprint,2024-01-24,,2024-02-23,-1.0
468,Gemini,sustainability,2025-01-18,,2025-02-17,-1.0
469,Gemini,sustainability,2025-02-17,,2025-03-19,-1.0
470,Gemini,sustainability,2024-12-19,,2025-01-18,-1.0
471,Gemini,sustainability,2025-05-18,,2025-06-17,-1.0
472,Gemini,sustainability,2025-04-18,,2025-05-18,-1.0
473,Gemini,sustainability,2025-03-19,,2025-04-18,-1.0
474,Gemini,sustainability,2024-08-21,,2024-09-20,-1.0
475,Gemini,sustainability,2024-09-20,,2024-10-20,-1.0
476,Gemini,sustainability,2024-11-19,,2024-12-19,-1.0
477,Gemini,sustainability,2024-10-20,,2024-11-19,-1.0
478,Gemini,sustainability,2025-11-14,,2025-12-14,-1.0
479,Gemini,sustainability,2025-12-14,,2026-01-13,-1.0
480,Gemini,sustainability,2025-10-15,,2025-11-14,-1.0
481,Gemini,sustainability,2026-01-13,,2026-02-12,-1.0
482,Gemini,sustainability,2025-09-15,,2025-10-15,-1.0
483,Gemini,sustainability,2025-06-17,,2025-07-17,-1.0
484,Gemini,sustainability,2025-07-17,,2025-08-16,-1.0
485,Gemini,sustainability,2025-08-16,,2025-09-15,-1.0
486,Gemini,environment negative,2023-09-26,,2023-10-26,-1.0
487,Gemini,environment negative,2023-10-26,,2023-11-25,-1.0
488,Gemini,environment negative,2023-08-27,,2023-09-26,-1.0
489,Gemini,environment negative,2023-07-28,,2023-08-27,-1.0
490,Gemini,environment negative,2023-12-25,,2024-01-24,-1.0
491,Gemini,environment negative,2023-11-25,,2023-12-25,-1.0
492,Gemini,environment effect,2024-09-20,,2024-10-20,-1.0
493,Gemini,environment negative,2023-04-29,,2023-05-29,-1.0
494,Gemini,environment negative,2023-05-29,,2023-06-28,-1.0
495,Gemini,environment negative,2023-03-30,,2023-04-29,-1.0
496,Gemini,environment negative,2023-06-28,,2023-07-28,-1.0
497,Gemini,environment negative,2024-07-22,,2024-08-21,-1.0
498,Gemini,environment negative,2024-08-21,,2024-09-20,-1.0
499,Gemini,environment negative,2024-06-22,,2024-07-22,-1.0
500,Gemini,environment negative,2024-05-23,,2024-06-22,-1.0
501,Gemini,environment negative,2024-10-20,,2024-11-19,-1.0
502,Gemini,environment negative,2024-09-20,,2024-10-20,-1.0
503,Gemini,environment negative,2024-02-23,,2024-03-24,-1.0
504,Gemini,environment negative,2024-03-24,,2024-04-23,-1.0
505,Gemini,environment negative,2024-01-24,,2024-02-23,-1.0
506,Gemini,environment negative,2024-04-23,,2024-05-23,-1.0
507,Gemini,environment negative,2023-02-28,,2023-03-30,-1.0
508,Gemini,environment harm,2025-04-18,,2025-05-18,-1.0
509,Gemini,environment harm,2025-05-18,,2025-06-17,-1.0
510,Gemini,environment harm,2025-03-19,,2025-04-18,-1.0
511,Gemini,environment harm,2025-08-16,,2025-09-15,-1.0
512,Gemini,environment harm,2025-07-17,,2025-08-16,-1.0
513,Gemini,environment harm,2025-06-17,,2025-07-17,-1.0
514,Gemini,environment harm,2024-11-19,,2024-12-19,-1.0
515,Gemini,environment harm,2024-12-19,,2025-01-18,-1.0
516,Gemini,environment harm,2024-10-20,,2024-11-19,-1.0
517,Gemini,environment harm,2025-02-17,,2025-03-19,-1.0
518,Gemini,environment harm,2025-01-18,,2025-02-17,-1.0
519,Gemini,environment negative,2022-11-30,,2022-12-30,-1.0
520,Gemini,environment negative,2022-12-30,,2023-01-29,-1.0
521,Gemini,environment harm,2026-01-13,,2026-02-12,-1.0
522,Gemini,environment negative,2023-01-29,,2023-02-28,-1.0
523,Gemini,environment harm,2025-09-15,,2025-10-15,-1.0
524,Gemini,environment harm,2025-10-15,,2025-11-14,-1.0
525,Gemini,environment harm,2025-12-14,,2026-01-13,-1.0
526,Gemini,environment harm,2025-11-14,,2025-12-14,-1.0
527,Gemini,pollution,2023-10-26,,2023-11-25,-1.0
528,Gemini,pollution,2023-09-26,,2023-10-26,-1.0
529,Gemini,pollution,2023-11-25,,2023-12-25,-1.0
530,Gemini,pollution,2023-08-27,,2023-09-26,-1.0
531,Gemini,pollution,2024-01-24,,2024-02-23,-1.0
532,Gemini,pollution,2023-12-25,,2024-01-24,-1.0
533,Gemini,pollution,2023-05-29,,2023-06-28,-1.0
534,Gemini,pollution,2023-04-29,,2023-05-29,-1.0
535,Gemini,pollution,2023-06-28,,2023-07-28,-1.0
536,Gemini,pollution,2023-03-30,,2023-04-29,-1.0
537,Gemini,pollution,2023-07-28,,2023-08-27,-1.0
538,Gemini,pollution,2024-08-21,,2024-09-20,-1.0
539,Gemini,pollution,2024-07-22,,2024-08-21,-1.0
540,Gemini,pollution,2024-06-22,,2024-07-22,-1.0
541,Gemini,pollution,2024-10-20,,2024-11-19,-1.0
542,Gemini,pollution,2024-09-20,,2024-10-20,-1.0
543,Gemini,pollution,2024-03-24,,2024-04-23,-1.0
544,Gemini,pollution,2024-02-23,,2024-03-24,-1.0
545,Gemini,pollution,2024-04-23,,2024-05-23,-1.0
546,Gemini,pollution,2024-05-23,,2024-06-22,-1.0
547,Gemini,environment negative,2025-05-18,,2025-06-17,-1.0
548,Gemini,environment negative,2025-06-17,,2025-07-17,-1.0
549,Gemini,environment negative,2025-04-18,,2025-05-18,-1.0
550,Gemini,environment negative,2025-03-19,,2025-04-18,-1.0
551,Gemini,environment negative,2025-08-16,,2025-09-15,-1.0
552,Gemini,environment negative,2025-07-17,,2025-08-16,-1.0
553,Gemini,environment negative,2024-12-19,,2025-01-18,-1.0
554,Gemini,environment negative,2025-01-18,,2025-02-17,-1.0
555,Gemini,environment negative,2024-11-19,,2024-12-19,-1.0
556,Gemini,environment negative,2025-02-17,,2025-03-19,-1.0
557,Gemini,pollution,2022-12-30,,2023-01-29,-1.0
558,Gemini,pollution,2022-11-30,,2022-12-30,-1.0
559,Gemini,pollution,2023-01-29,,2023-02-28,-1.0
560,Gemini,environment negative,2026-01-13,,2026-02-12,-1.0
561,Gemini,pollution,2023-02-28,,2023-03-30,-1.0
562,Gemini,environment negative,2025-10-15,,2025-11-14,-1.0
563,Gemini,environment negative,2025-09-15,,2025-10-15,-1.0
564,Gemini,environment negative,2025-11-14,,2025-12-14,-1.0
565,Gemini,environment negative,2025-12-14,,2026-01-13,-1.0
566,Gemini,environment cost,2023-08-27,,2023-09-26,-1.0
567,Gemini,environment cost,2023-07-28,,2023-08-27,-1.0
568,Gemini,environment cost,2023-09-26,,2023-10-26,-1.0
569,Gemini,environment cost,2023-06-28,,2023-07-28,-1.0
570,Gemini,environment cost,2023-11-25,,2023-12-25,-1.0
571,Gemini,environment cost,2023-10-26,,2023-11-25,-1.0
572,Gemini,environment cost,2023-03-30,,2023-04-29,-1.0
573,Gemini,environment cost,2023-04-29,,2023-05-29,-1.0
574,Gemini,environment cost,2023-02-28,,2023-03-30,-1.0
575,Gemini,environment cost,2023-01-29,,2023-02-28,-1.0
576,Gemini,environment cost,2023-05-29,,2023-06-28,-1.0
577,Gemini,environment cost,2024-06-22,,2024-07-22,-1.0
578,Gemini,environment cost,2024-05-23,,2024-06-22,-1.0
579,Gemini,environment cost,2024-07-22,,2024-08-21,-1.0
580,Gemini,environment cost,2024-04-23,,2024-05-23,-1.0
581,Gemini,environment cost,2024-08-21,,2024-09-20,-1.0
582,Gemini,environment cost,2024-09-20,,2024-10-20,-1.0
583,Gemini,environment cost,2024-01-24,,2024-02-23,-1.0
584,Gemini,environment cost,2023-12-25,,2024-01-24,-1.0
585,Gemini,environment cost,2024-02-23,,2024-03-24,-1.0
586,Gemini,environment cost,2024-03-24,,2024-04-23,-1.0
587,Gemini,environment effect,2025-03-19,,2025-04-18,-1.0
588,Gemini,environment effect,2025-04-18,,2025-05-18,-1.0
589,Gemini,environment effect,2025-02-17,,2025-03-19,-1.0
590,Gemini,environment effect,2025-01-18,,2025-02-17,-1.0
591,Gemini,environment effect,2025-06-17,,2025-07-17,-1.0
592,Gemini,environment effect,2025-05-18,,2025-06-17,-1.0
593,Gemini,environment effect,2024-10-20,,2024-11-19,-1.0
594,Gemini,environment effect,2024-11-19,,2024-12-19,-1.0
595,Gemini,environment effect,2024-12-19,,2025-01-18,-1.0
596,Gemini,environment effect,2026-01-13,,2026-02-12,-1.0
597,Gemini,environment cost,2022-11-30,,2022-12-30,-1.0
598,Gemini,environment effect,2025-12-14,,2026-01-13,-1.0
599,Gemini,environment effect,2025-11-14,,2025-12-14,-1.0
600,Gemini,environment cost,2022-12-30,,2023-01-29,-1.0
601,Gemini,environment effect,2025-08-16,,2025-09-15,-1.0
602,Gemini,environment effect,2025-09-15,,2025-10-15,-1.0
603,Gemini,environment effect,2025-07-17,,2025-08-16,-1.0
604,Gemini,environment effect,2025-10-15,,2025-11-14,-1.0
605,Gemini,environment harm,2023-09-26,,2023-10-26,-1.0
606,Gemini,environment harm,2023-08-27,,2023-09-26,-1.0
607,Gemini,environment harm,2023-07-28,,2023-08-27,-1.0
608,Gemini,environment harm,2023-12-25,,2024-01-24,-1.0
609,Gemini,environment harm,2023-11-25,,2023-12-25,-1.0
610,Gemini,environment harm,2023-10-26,,2023-11-25,-1.0
611,Gemini,environment harm,2023-04-29,,2023-05-29,-1.0
612,Gemini,environment harm,2023-03-30,,2023-04-29,-1.0
613,Gemini,environment harm,2023-02-28,,2023-03-30,-1.0
614,Gemini,environment harm,2023-06-28,,2023-07-28,-1.0
615,Gemini,environment harm,2023-05-29,,2023-06-28,-1.0
616,Gemini,environment harm,2024-06-22,,2024-07-22,-1.0
617,Gemini,environment harm,2024-07-22,,2024-08-21,-1.0
618,Gemini,environment harm,2024-05-23,,2024-06-22,-1.0
619,Gemini,environment harm,2024-09-20,,2024-10-20,-1.0
620,Gemini,environment harm,2024-08-21,,2024-09-20,-1.0
621,Gemini,environment harm,2024-01-24,,2024-02-23,-1.0
622,Gemini,environment harm,2024-02-23,,2024-03-24,-1.0
623,Gemini,environment harm,2024-04-23,,2024-05-23,-1.0
624,Gemini,environment harm,2024-03-24,,2024-04-23,-1.0
625,Gemini,environment cost,2025-04-18,,2025-05-18,-1.0
626,Gemini,environment cost,2025-03-19,,2025-04-18,-1.0
627,Gemini,environment cost,2025-05-18,,2025-06-17,-1.0
628,Gemini,environment cost,2025-02-17,,2025-03-19,-1.0
629,Gemini,environment cost,2025-07-17,,2025-08-16,-1.0
630,Gemini,environment cost,2025-06-17,,2025-07-17,-1.0
631,Gemini,environment cost,2024-11-19,,2024-12-19,-1.0
632,Gemini,environment cost,2024-10-20,,2024-11-19,-1.0
633,Gemini,environment cost,2024-12-19,,2025-01-18,-1.0
634,Gemini,environment cost,2025-01-18,,2025-02-17,-1.0
635,Gemini,environment harm,2022-11-30,,2022-12-30,-1.0
636,Gemini,environment cost,2026-01-13,,2026-02-12,-1.0
637,Gemini,environment cost,2025-12-14,,2026-01-13,-1.0
638,Gemini,environment harm,2023-01-29,,2023-02-28,-1.0
639,Gemini,environment harm,2022-12-30,,2023-01-29,-1.0
640,Gemini,environment cost,2025-09-15,,2025-10-15,-1.0
641,Gemini,environment cost,2025-08-16,,2025-09-15,-1.0
642,Gemini,environment cost,2025-11-14,,2025-12-14,-1.0
643,Gemini,environment cost,2025-10-15,,2025-11-14,-1.0
644,Llama,sustainability,2024-09-20,,2024-10-20,-1.0
645,Llama,sustainability,2024-10-20,,2024-11-19,-1.0
646,Llama,sustainability,2024-08-21,,2024-09-20,-1.0
647,Llama,sustainability,2024-12-19,,2025-01-18,-1.0
648,Llama,sustainability,2024-11-19,,2024-12-19,-1.0
649,Llama,sustainability,2025-01-18,,2025-02-17,-1.0
650,Llama,environment footprint,2025-11-14,,2025-12-14,-1.0
651,Llama,sustainability,2024-04-23,,2024-05-23,-1.0
652,Llama,sustainability,2024-05-23,,2024-06-22,-1.0
653,Llama,sustainability,2024-03-24,,2024-04-23,-1.0
654,Llama,sustainability,2024-07-22,,2024-08-21,-1.0
655,Llama,sustainability,2024-06-22,,2024-07-22,-1.0
656,Llama,sustainability,2025-07-17,,2025-08-16,-1.0
657,Llama,sustainability,2025-08-16,,2025-09-15,-1.0
658,Llama,sustainability,2025-06-17,,2025-07-17,-1.0
659,Llama,sustainability,2025-10-15,,2025-11-14,-1.0
660,Llama,sustainability,2025-09-15,,2025-10-15,-1.0
661,Llama,sustainability,2025-02-17,,2025-03-19,-1.0
662,Llama,sustainability,2025-03-19,,2025-04-18,-1.0
663,Llama,sustainability,2025-05-18,,2025-06-17,-1.0
664,Llama,sustainability,2025-04-18,,2025-05-18,-1.0
665,Llama,sustainability,2023-02-28,,2023-03-30,-1.0
666,Llama,sustainability,2023-01-29,,2023-02-28,-1.0
667,Llama,sustainability,2022-12-30,,2023-01-29,-1.0
668,Llama,sustainability,2023-05-29,,2023-06-28,-1.0
669,Llama,sustainability,2023-04-29,,2023-05-29,-1.0
670,Llama,sustainability,2023-03-30,,2023-04-29,-1.0
671,Llama,water cost,2025-12-14,,2026-01-13,-1.0
672,Llama,water cost,2025-11-14,,2025-12-14,-1.0
673,Llama,water cost,2025-10-15,,2025-11-14,-1.0
674,Llama,sustainability,2022-11-30,,2022-12-30,-1.0
675,Llama,water cost,2026-01-13,,2026-02-12,-1.0
676,Llama,sustainability,2023-11-25,,2023-12-25,-1.0
677,Llama,sustainability,2023-12-25,,2024-01-24,-1.0
678,Llama,sustainability,2023-10-26,,2023-11-25,-1.0
679,Llama,sustainability,2024-02-23,,2024-03-24,-1.0
680,Llama,sustainability,2024-01-24,,2024-02-23,-1.0
681,Llama,sustainability,2023-06-28,,2023-07-28,-1.0
682,Llama,sustainability,2023-07-28,,2023-08-27,-1.0
683,Llama,sustainability,2023-09-26,,2023-10-26,-1.0
684,Llama,sustainability,2023-08-27,,2023-09-26,-1.0
685,Llama,sustainability,2025-11-14,,2025-12-14,-1.0
686,Llama,environment footprint,2024-10-20,,2024-11-19,-1.0
687,Llama,environment footprint,2024-09-20,,2024-10-20,-1.0
688,Llama,environment footprint,2024-11-19,,2024-12-19,-1.0
689,Llama,environment footprint,2024-08-21,,2024-09-20,-1.0
690,Llama,environment footprint,2025-01-18,,2025-02-17,-1.0
691,Llama,environment footprint,2024-12-19,,2025-01-18,-1.0
692,Llama,environment footprint,2024-05-23,,2024-06-22,-1.0
693,Llama,environment footprint,2024-06-22,,2024-07-22,-1.0
694,Llama,environment footprint,2024-04-23,,2024-05-23,-1.0
695,Llama,environment footprint,2024-03-24,,2024-04-23,-1.0
696,Llama,environment footprint,2024-07-22,,2024-08-21,-1.0
697,Llama,environment footprint,2025-08-16,,2025-09-15,-1.0
698,Llama,environment footprint,2025-07-17,,2025-08-16,-1.0
699,Llama,environment footprint,2025-09-15,,2025-10-15,-1.0
700,Llama,environment footprint,2025-06-17,,2025-07-17,-1.0
701,Llama,environment footprint,2025-10-15,,2025-11-14,-1.0
702,Llama,environment footprint,2025-03-19,,2025-04-18,-1.0
703,Llama,environment footprint,2025-02-17,,2025-03-19,-1.0
704,Llama,environment footprint,2025-04-18,,2025-05-18,-1.0
705,Llama,environment footprint,2025-05-18,,2025-06-17,-1.0
706,Llama,environment footprint,2023-02-28,,2023-03-30,-1.0
707,Llama,environment footprint,2023-03-30,,2023-04-29,-1.0
708,Llama,environment footprint,2023-01-29,,2023-02-28,-1.0
709,Llama,environment footprint,2022-12-30,,2023-01-29,-1.0
710,Llama,environment footprint,2023-05-29,,2023-06-28,-1.0
711,Llama,environment footprint,2023-04-29,,2023-05-29,-1.0
712,Llama,sustainability,2025-12-14,,2026-01-13,-1.0
713,Llama,sustainability,2026-01-13,,2026-02-12,-1.0
714,Llama,environment footprint,2022-11-30,,2022-12-30,-1.0
715,Llama,environment footprint,2023-12-25,,2024-01-24,-1.0
716,Llama,environment footprint,2024-01-24,,2024-02-23,-1.0
717,Llama,environment footprint,2023-11-25,,2023-12-25,-1.0
718,Llama,environment footprint,2023-10-26,,2023-11-25,-1.0
719,Llama,environment footprint,2024-02-23,,2024-03-24,-1.0
720,Llama,environment footprint,2023-07-28,,2023-08-27,-1.0
721,Llama,environment footprint,2023-08-27,,2023-09-26,-1.0
722,Llama,environment footprint,2023-06-28,,2023-07-28,-1.0
723,Llama,environment footprint,2023-09-26,,2023-10-26,-1.0
724,Llama,water harm,2024-08-21,,2024-09-20,-1.0
725,Llama,water harm,2024-09-20,,2024-10-20,-1.0
726,Llama,water harm,2024-07-22,,2024-08-21,-1.0
727,Llama,water harm,2024-06-22,,2024-07-22,-1.0
728,Llama,water harm,2024-11-19,,2024-12-19,-1.0
729,Llama,water harm,2024-10-20,,2024-11-19,-1.0
730,Llama,water harm,2024-03-24,,2024-04-23,-1.0
731,Llama,water harm,2024-04-23,,2024-05-23,-1.0
732,Llama,water harm,2024-02-23,,2024-03-24,-1.0
733,Llama,water harm,2024-05-23,,2024-06-22,-1.0
734,Llama,water harm,2024-01-24,,2024-02-23,-1.0
735,Llama,water harm,2025-06-17,,2025-07-17,-1.0
736,Llama,water harm,2025-07-17,,2025-08-16,-1.0
737,Llama,water harm,2025-05-18,,2025-06-17,-1.0
738,Llama,water harm,2025-04-18,,2025-05-18,-1.0
739,Llama,water harm,2025-08-16,,2025-09-15,-1.0
740,Llama,water harm,2025-09-15,,2025-10-15,-1.0
741,Llama,water harm,2025-01-18,,2025-02-17,-1.0
742,Llama,water harm,2025-02-17,,2025-03-19,-1.0
743,Llama,water harm,2024-12-19,,2025-01-18,-1.0
744,Llama,water harm,2025-03-19,,2025-04-18,-1.0
745,Llama,water harm,2022-12-30,,2023-01-29,-1.0
746,Llama,water harm,2023-01-29,,2023-02-28,-1.0
747,Llama,water harm,2022-11-30,,2022-12-30,-1.0
748,Llama,water harm,2023-04-29,,2023-05-29,-1.0
749,Llama,water harm,2023-03-30,,2023-04-29,-1.0
750,Llama,water harm,2023-02-28,,2023-03-30,-1.0
751,Llama,water effect,2025-10-15,,2025-11-14,-1.0
752,Llama,water effect,2025-11-14,,2025-12-14,-1.0
753,Llama,water effect,2025-09-15,,2025-10-15,-1.0
754,Llama,water effect,2026-01-13,,2026-02-12,-1.0
755,Llama,water effect,2025-12-14,,2026-01-13,-1.0
756,Llama,water harm,2023-10-26,,2023-11-25,-1.0
757,Llama,water harm,2023-11-25,,2023-12-25,-1.0
758,Llama,water harm,2023-09-26,,2023-10-26,-1.0
759,Llama,water harm,2023-12-25,,2024-01-24,-1.0
760,Llama,water harm,2023-05-29,,2023-06-28,-1.0
761,Llama,water harm,2023-06-28,,2023-07-28,-1.0
762,Llama,water harm,2023-08-27,,2023-09-26,-1.0
763,Llama,water harm,2023-07-28,,2023-08-27,-1.0
764,Llama,water cost,2024-09-20,,2024-10-20,-1.0
765,Llama,water cost,2024-08-21,,2024-09-20,-1.0
766,Llama,water cost,2024-07-22,,2024-08-21,-1.0
767,Llama,water cost,2024-10-20,,2024-11-19,-1.0
768,Llama,water cost,2024-12-19,,2025-01-18,-1.0
769,Llama,water cost,2024-11-19,,2024-12-19,-1.0
770,Llama,water cost,2024-04-23,,2024-05-23,-1.0
771,Llama,water cost,2024-03-24,,2024-04-23,-1.0
772,Llama,water cost,2024-05-23,,2024-06-22,-1.0
773,Llama,water cost,2024-02-23,,2024-03-24,-1.0
774,Llama,water cost,2024-06-22,,2024-07-22,-1.0
775,Llama,water cost,2025-07-17,,2025-08-16,-1.0
776,Llama,water cost,2025-06-17,,2025-07-17,-1.0
777,Llama,water cost,2025-05-18,,2025-06-17,-1.0
778,Llama,water cost,2025-09-15,,2025-10-15,-1.0
779,Llama,water cost,2025-08-16,,2025-09-15,-1.0
780,Llama,water cost,2025-02-17,,2025-03-19,-1.0
781,Llama,water cost,2025-01-18,,2025-02-17,-1.0
782,Llama,water cost,2025-04-18,,2025-05-18,-1.0
783,Llama,water cost,2025-03-19,,2025-04-18,-1.0
784,Llama,water cost,2023-01-29,,2023-02-28,-1.0
785,Llama,water cost,2022-12-30,,2023-01-29,-1.0
786,Llama,water cost,2023-02-28,,2023-03-30,-1.0
787,Llama,water cost,2022-11-30,,2022-12-30,-1.0
788,Llama,water cost,2023-04-29,,2023-05-29,-1.0
789,Llama,water cost,2023-03-30,,2023-04-29,-1.0
790,Llama,water harm,2025-11-14,,2025-12-14,-1.0
791,Llama,water harm,2025-12-14,,2026-01-13,-1.0
792,Llama,water harm,2025-10-15,,2025-11-14,-1.0
793,Llama,water harm,2026-01-13,,2026-02-12,-1.0
794,Llama,water cost,2023-11-25,,2023-12-25,-1.0
795,Llama,water cost,2023-10-26,,2023-11-25,-1.0
796,Llama,water cost,2023-12-25,,2024-01-24,-1.0
797,Llama,water cost,2023-09-26,,2023-10-26,-1.0
798,Llama,water cost,2024-01-24,,2024-02-23,-1.0
799,Llama,water cost,2023-06-28,,2023-07-28,-1.0
800,Llama,water cost,2023-05-29,,2023-06-28,-1.0
801,Llama,water cost,2023-07-28,,2023-08-27,-1.0
802,Llama,water cost,2023-08-27,,2023-09-26,-1.0
803,Llama,environment cost,2024-12-19,,2025-01-18,-1.0
804,Llama,environment cost,2024-11-19,,2024-12-19,-1.0
805,Llama,environment cost,2025-01-18,,2025-02-17,-1.0
806,Llama,environment cost,2024-10-20,,2024-11-19,-1.0
807,Llama,environment cost,2025-02-17,,2025-03-19,-1.0
808,Llama,environment cost,2025-03-19,,2025-04-18,-1.0
809,Llama,environment cost,2024-07-22,,2024-08-21,-1.0
810,Llama,environment cost,2024-06-22,,2024-07-22,-1.0
811,Llama,environment cost,2024-08-21,,2024-09-20,-1.0
812,Llama,environment cost,2024-05-23,,2024-06-22,-1.0
813,Llama,environment cost,2024-09-20,,2024-10-20,-1.0
814,Llama,environment cost,2025-10-15,,2025-11-14,-1.0
815,Llama,environment cost,2025-09-15,,2025-10-15,-1.0
816,Llama,environment cost,2025-08-16,,2025-09-15,-1.0
817,Llama,environment cost,2025-12-14,,2026-01-13,-1.0
818,Llama,environment cost,2026-01-13,,2026-02-12,-1.0
819,Llama,environment cost,2025-11-14,,2025-12-14,-1.0
820,Llama,environment cost,2025-05-18,,2025-06-17,-1.0
821,Llama,environment cost,2025-04-18,,2025-05-18,-1.0
822,Llama,environment cost,2025-06-17,,2025-07-17,-1.0
823,Llama,environment cost,2025-07-17,,2025-08-16,-1.0
824,Llama,environment cost,2023-04-29,,2023-05-29,-1.0
825,Llama,environment cost,2023-05-29,,2023-06-28,-1.0
826,Llama,environment cost,2023-03-30,,2023-04-29,-1.0
827,Llama,environment cost,2023-02-28,,2023-03-30,-1.0
828,Llama,environment cost,2023-07-28,,2023-08-27,-1.0
829,Llama,environment cost,2023-06-28,,2023-07-28,-1.0
830,Llama,environment cost,2022-11-30,,2022-12-30,-1.0
831,Llama,environment cost,2022-12-30,,2023-01-29,-1.0
832,Llama,environment effect,2026-01-13,,2026-02-12,-1.0
833,Llama,environment effect,2025-12-14,,2026-01-13,-1.0
834,Llama,environment cost,2023-01-29,,2023-02-28,-1.0
835,Llama,environment cost,2024-02-23,,2024-03-24,-1.0
836,Llama,environment cost,2024-01-24,,2024-02-23,-1.0
837,Llama,environment cost,2024-03-24,,2024-04-23,-1.0
838,Llama,environment cost,2023-12-25,,2024-01-24,-1.0
839,Llama,environment cost,2024-04-23,,2024-05-23,-1.0
840,Llama,environment cost,2023-09-26,,2023-10-26,-1.0
841,Llama,environment cost,2023-08-27,,2023-09-26,-1.0
842,Llama,environment cost,2023-10-26,,2023-11-25,-1.0
843,Llama,environment cost,2023-11-25,,2023-12-25,-1.0
844,Llama,environment harm,2024-12-19,,2025-01-18,-1.0
845,Llama,environment harm,2025-01-18,,2025-02-17,-1.0
846,Llama,environment harm,2024-11-19,,2024-12-19,-1.0
847,Llama,environment harm,2025-04-18,,2025-05-18,-1.0
848,Llama,environment harm,2025-03-19,,2025-04-18,-1.0
849,Llama,environment harm,2025-02-17,,2025-03-19,-1.0
850,Llama,environment harm,2024-07-22,,2024-08-21,-1.0
851,Llama,environment harm,2024-08-21,,2024-09-20,-1.0
852,Llama,environment harm,2024-06-22,,2024-07-22,-1.0
853,Llama,environment harm,2024-10-20,,2024-11-19,-1.0
854,Llama,environment harm,2024-09-20,,2024-10-20,-1.0
855,Llama,environment harm,2025-10-15,,2025-11-14,-1.0
856,Llama,environment harm,2025-11-14,,2025-12-14,-1.0
857,Llama,environment harm,2025-09-15,,2025-10-15,-1.0
858,Llama,environment harm,2026-01-13,,2026-02-12,-1.0
859,Llama,environment harm,2025-12-14,,2026-01-13,-1.0
860,Llama,environment negative,2022-11-30,,2022-12-30,-1.0
861,Llama,environment harm,2025-05-18,,2025-06-17,-1.0
862,Llama,environment harm,2025-06-17,,2025-07-17,-1.0
863,Llama,environment harm,2025-08-16,,2025-09-15,-1.0
864,Llama,environment harm,2025-07-17,,2025-08-16,-1.0
865,Llama,environment harm,2023-05-29,,2023-06-28,-1.0
866,Llama,environment harm,2023-04-29,,2023-05-29,-1.0
867,Llama,environment harm,2023-03-30,,2023-04-29,-1.0
868,Llama,environment harm,2023-08-27,,2023-09-26,-1.0
869,Llama,environment harm,2023-07-28,,2023-08-27,-1.0
870,Llama,environment harm,2023-06-28,,2023-07-28,-1.0
871,Llama,environment harm,2022-12-30,,2023-01-29,-1.0
872,Llama,environment harm,2022-11-30,,2022-12-30,-1.0
873,Llama,environment harm,2023-02-28,,2023-03-30,-1.0
874,Llama,environment harm,2023-01-29,,2023-02-28,-1.0
875,Llama,environment harm,2024-02-23,,2024-03-24,-1.0
876,Llama,environment harm,2024-03-24,,2024-04-23,-1.0
877,Llama,environment harm,2024-01-24,,2024-02-23,-1.0
878,Llama,environment harm,2024-05-23,,2024-06-22,-1.0
879,Llama,environment harm,2024-04-23,,2024-05-23,-1.0
880,Llama,environment harm,2023-10-26,,2023-11-25,-1.0
881,Llama,environment harm,2023-09-26,,2023-10-26,-1.0
882,Llama,environment harm,2023-12-25,,2024-01-24,-1.0
883,Llama,environment harm,2023-11-25,,2023-12-25,-1.0
884,Llama,environment impact,2024-11-19,,2024-12-19,-1.0
885,Llama,environment impact,2024-10-20,,2024-11-19,-1.0
886,Llama,environment impact,2024-09-20,,2024-10-20,-1.0
887,Llama,environment impact,2025-02-17,,2025-03-19,-1.0
888,Llama,environment impact,2025-01-18,,2025-02-17,-1.0
889,Llama,environment impact,2024-12-19,,2025-01-18,-1.0
890,Llama,environment impact,2024-06-22,,2024-07-22,-1.0
891,Llama,environment impact,2024-05-23,,2024-06-22,-1.0
892,Llama,environment impact,2024-04-23,,2024-05-23,-1.0
893,Llama,environment impact,2024-08-21,,2024-09-20,-1.0
894,Llama,environment impact,2024-07-22,,2024-08-21,-1.0
895,Llama,environment impact,2025-08-16,,2025-09-15,-1.0
896,Llama,environment impact,2025-09-15,,2025-10-15,-1.0
897,Llama,environment impact,2025-07-17,,2025-08-16,-1.0
898,Llama,environment impact,2025-11-14,,2025-12-14,-1.0
899,Llama,environment impact,2025-10-15,,2025-11-14,-1.0
900,Llama,environment impact,2025-12-14,,2026-01-13,-1.0
901,Llama,environment impact,2025-04-18,,2025-05-18,-1.0
902,Llama,environment impact,2025-03-19,,2025-04-18,-1.0
903,Llama,environment impact,2025-06-17,,2025-07-17,-1.0
904,Llama,environment impact,2025-05-18,,2025-06-17,-1.0
905,Llama,environment impact,2023-03-30,,2023-04-29,-1.0
906,Llama,environment impact,2023-02-28,,2023-03-30,-1.0
907,Llama,environment impact,2023-04-29,,2023-05-29,-1.0
908,Llama,environment impact,2023-01-29,,2023-02-28,-1.0
909,Llama,environment impact,2023-06-28,,2023-07-28,-1.0
910,Llama,environment impact,2023-05-29,,2023-06-28,-1.0
911,Llama,environment footprint,2026-01-13,,2026-02-12,-1.0
912,Llama,environment footprint,2025-12-14,,2026-01-13,-1.0
913,Llama,environment impact,2022-11-30,,2022-12-30,-1.0
914,Llama,environment impact,2022-12-30,,2023-01-29,-1.0
915,Llama,environment impact,2024-01-24,,2024-02-23,-1.0
916,Llama,environment impact,2023-12-25,,2024-01-24,-1.0
917,Llama,environment impact,2023-11-25,,2023-12-25,-1.0
918,Llama,environment impact,2024-03-24,,2024-04-23,-1.0
919,Llama,environment impact,2024-02-23,,2024-03-24,-1.0
920,Llama,environment impact,2023-08-27,,2023-09-26,-1.0
921,Llama,environment impact,2023-07-28,,2023-08-27,-1.0
922,Llama,environment impact,2023-10-26,,2023-11-25,-1.0
923,Llama,environment impact,2023-09-26,,2023-10-26,-1.0
924,Llama,environment effect,2024-11-19,,2024-12-19,-1.0
925,Llama,environment effect,2024-12-19,,2025-01-18,-1.0
926,Llama,environment effect,2024-10-20,,2024-11-19,-1.0
927,Llama,environment effect,2024-09-20,,2024-10-20,-1.0
928,Llama,environment effect,2025-02-17,,2025-03-19,-1.0
929,Llama,environment effect,2025-01-18,,2025-02-17,-1.0
930,Llama,environment effect,2024-06-22,,2024-07-22,-1.0
931,Llama,environment effect,2024-07-22,,2024-08-21,-1.0
932,Llama,environment effect,2024-05-23,,2024-06-22,-1.0
933,Llama,environment effect,2024-08-21,,2024-09-20,-1.0
934,Llama,environment effect,2025-09-15,,2025-10-15,-1.0
935,Llama,environment effect,2025-10-15,,2025-11-14,-1.0
936,Llama,environment effect,2025-08-16,,2025-09-15,-1.0
937,Llama,environment effect,2025-07-17,,2025-08-16,-1.0
938,Llama,environment effect,2025-11-14,,2025-12-14,-1.0
939,Llama,environment effect,2025-04-18,,2025-05-18,-1.0
940,Llama,environment effect,2025-05-18,,2025-06-17,-1.0
941,Llama,environment effect,2025-03-19,,2025-04-18,-1.0
942,Llama,environment effect,2025-06-17,,2025-07-17,-1.0
943,Llama,environment effect,2023-03-30,,2023-04-29,-1.0
944,Llama,environment effect,2023-04-29,,2023-05-29,-1.0
945,Llama,environment effect,2023-02-28,,2023-03-30,-1.0
946,Llama,environment effect,2023-07-28,,2023-08-27,-1.0
947,Llama,environment effect,2023-06-28,,2023-07-28,-1.0
948,Llama,environment effect,2023-05-29,,2023-06-28,-1.0
949,Llama,environment impact,2026-01-13,,2026-02-12,-1.0
950,Llama,environment effect,2022-11-30,,2022-12-30,-1.0
951,Llama,environment effect,2023-01-29,,2023-02-28,-1.0
952,Llama,environment effect,2022-12-30,,2023-01-29,-1.0
953,Llama,environment effect,2024-04-23,,2024-05-23,-1.0
954,Llama,environment effect,2024-01-24,,2024-02-23,-1.0
955,Llama,environment effect,2024-02-23,,2024-03-24,-1.0
956,Llama,environment effect,2023-12-25,,2024-01-24,-1.0
957,Llama,environment effect,2024-03-24,,2024-04-23,-1.0
958,Llama,environment effect,2023-08-27,,2023-09-26,-1.0
959,Llama,environment effect,2023-09-26,,2023-10-26,-1.0
960,Llama,environment effect,2023-11-25,,2023-12-25,-1.0
961,Llama,environment effect,2023-10-26,,2023-11-25,-1.0
962,Gemini,carbon footprint,2024-04-23,,2024-05-23,-1.0
963,Gemini,carbon footprint,2024-05-23,,2024-06-22,-1.0
964,Gemini,carbon footprint,2024-03-24,,2024-04-23,-1.0
965,Gemini,carbon footprint,2024-07-22,,2024-08-21,-1.0
966,Gemini,carbon footprint,2024-06-22,,2024-07-22,-1.0
967,Gemini,carbon footprint,2024-08-21,,2024-09-20,-1.0
968,Llama,water use,2025-06-17,,2025-07-17,-1.0
969,Gemini,carbon footprint,2023-12-25,,2024-01-24,-1.0
970,Gemini,carbon footprint,2023-11-25,,2023-12-25,-1.0
971,Gemini,carbon footprint,2023-10-26,,2023-11-25,-1.0
972,Gemini,carbon footprint,2024-02-23,,2024-03-24,-1.0
973,Gemini,carbon footprint,2024-01-24,,2024-02-23,-1.0
974,Gemini,carbon footprint,2025-02-17,,2025-03-19,-1.0
975,Gemini,carbon footprint,2025-03-19,,2025-04-18,-1.0
976,Gemini,carbon footprint,2025-01-18,,2025-02-17,-1.0
977,Gemini,carbon footprint,2025-05-18,,2025-06-17,-1.0
978,Gemini,carbon footprint,2025-04-18,,2025-05-18,-1.0
979,Gemini,carbon footprint,2025-06-17,,2025-07-17,-1.0
980,Gemini,carbon footprint,2024-09-20,,2024-10-20,-1.0
981,Gemini,carbon footprint,2024-10-20,,2024-11-19,-1.0
982,Gemini,carbon footprint,2024-12-19,,2025-01-18,-1.0
983,Gemini,carbon footprint,2024-11-19,,2024-12-19,-1.0
984,Gemini,carbon imapct,2025-12-14,,2026-01-13,-1.0
985,Gemini,carbon imapct,2025-11-14,,2025-12-14,-1.0
986,Gemini,carbon imapct,2025-10-15,,2025-11-14,-1.0
987,Gemini,carbon footprint,2022-12-30,,2023-01-29,-1.0
988,Gemini,carbon footprint,2022-11-30,,2022-12-30,-1.0
989,Gemini,carbon imapct,2026-01-13,,2026-02-12,-1.0
990,Gemini,carbon imapct,2025-07-17,,2025-08-16,-1.0
991,Gemini,carbon imapct,2025-06-17,,2025-07-17,-1.0
992,Gemini,carbon imapct,2025-05-18,,2025-06-17,-1.0
993,Gemini,carbon imapct,2025-09-15,,2025-10-15,-1.0
994,Gemini,carbon imapct,2025-08-16,,2025-09-15,-1.0
995,Gemini,carbon footprint,2023-07-28,,2023-08-27,-1.0
996,Gemini,carbon footprint,2023-06-28,,2023-07-28,-1.0
997,Gemini,carbon footprint,2023-05-29,,2023-06-28,-1.0
998,Gemini,carbon footprint,2023-09-26,,2023-10-26,-1.0
999,Gemini,carbon footprint,2023-08-27,,2023-09-26,-1.0
1000,Gemini,carbon footprint,2023-02-28,,2023-03-30,-1.0
1001,Gemini,carbon footprint,2023-01-29,,2023-02-28,-1.0
1002,Gemini,carbon footprint,2023-04-29,,2023-05-29,-1.0
1003,Gemini,carbon footprint,2023-03-30,,2023-04-29,-1.0
1004,Llama,water use,2024-05-23,,2024-06-22,-1.0
1005,Llama,water use,2024-06-22,,2024-07-22,-1.0
1006,Llama,water use,2024-04-23,,2024-05-23,-1.0
1007,Llama,water use,2024-03-24,,2024-04-23,-1.0
1008,Llama,water use,2024-08-21,,2024-09-20,-1.0
1009,Llama,water use,2024-07-22,,2024-08-21,-1.0
1010,Llama,water use,2023-12-25,,2024-01-24,-1.0
1011,Llama,water use,2024-01-24,,2024-02-23,-1.0
1012,Llama,water use,2023-11-25,,2023-12-25,-1.0
1013,Llama,water use,2023-10-26,,2023-11-25,-1.0
1014,Llama,water use,2024-02-23,,2024-03-24,-1.0
1015,Llama,water use,2025-03-19,,2025-04-18,-1.0
1016,Llama,water use,2025-04-18,,2025-05-18,-1.0
1017,Llama,water use,2025-02-17,,2025-03-19,-1.0
1018,Llama,water use,2025-01-18,,2025-02-17,-1.0
1019,Llama,water use,2025-05-18,,2025-06-17,-1.0
1020,Llama,water use,2024-10-20,,2024-11-19,-1.0
1021,Llama,water use,2024-11-19,,2024-12-19,-1.0
1022,Llama,water use,2024-09-20,,2024-10-20,-1.0
1023,Llama,water use,2024-12-19,,2025-01-18,-1.0
1024,Gemini,carbon footprint,2025-12-14,,2026-01-13,-1.0
1025,Gemini,carbon footprint,2026-01-13,,2026-02-12,-1.0
1026,Gemini,carbon footprint,2025-11-14,,2025-12-14,-1.0
1027,Llama,water use,2023-01-29,,2023-02-28,-1.0
1028,Llama,water use,2022-12-30,,2023-01-29,-1.0
1029,Llama,water use,2022-11-30,,2022-12-30,-1.0
1030,Gemini,carbon footprint,2025-07-17,,2025-08-16,-1.0
1031,Gemini,carbon footprint,2025-08-16,,2025-09-15,-1.0
1032,Gemini,carbon footprint,2025-10-15,,2025-11-14,-1.0
1033,Gemini,carbon footprint,2025-09-15,,2025-10-15,-1.0
1034,Llama,water use,2023-07-28,,2023-08-27,-1.0
1035,Llama,water use,2023-08-27,,2023-09-26,-1.0
1036,Llama,water use,2023-06-28,,2023-07-28,-1.0
1037,Llama,water use,2023-09-26,,2023-10-26,-1.0
1038,Llama,water use,2023-05-29,,2023-06-28,-1.0
1039,Llama,water use,2023-02-28,,2023-03-30,-1.0
1040,Llama,water use,2023-03-30,,2023-04-29,-1.0
1041,Llama,water use,2023-04-29,,2023-05-29,-1.0
1042,Gemini,carbon cost,2024-03-24,,2024-04-23,-1.0
1043,Gemini,carbon cost,2024-04-23,,2024-05-23,-1.0
1044,Gemini,carbon cost,2024-02-23,,2024-03-24,-1.0
1045,Gemini,carbon cost,2024-06-22,,2024-07-22,-1.0
1046,Gemini,carbon cost,2024-05-23,,2024-06-22,-1.0
1047,Gemini,carbon cost,2023-10-26,,2023-11-25,-1.0
1048,Gemini,carbon cost,2023-11-25,,2023-12-25,-1.0
1049,Gemini,carbon cost,2023-09-26,,2023-10-26,-1.0
1050,Gemini,carbon cost,2024-01-24,,2024-02-23,-1.0
1051,Gemini,carbon cost,2023-12-25,,2024-01-24,-1.0
1052,Gemini,carbon cost,2024-07-22,,2024-08-21,-1.0
1053,Gemini,carbon cost,2025-01-18,,2025-02-17,-1.0
1054,Gemini,carbon cost,2025-02-17,,2025-03-19,-1.0
1055,Gemini,carbon cost,2024-12-19,,2025-01-18,-1.0
1056,Gemini,carbon cost,2024-11-19,,2024-12-19,-1.0
1057,Gemini,carbon cost,2025-04-18,,2025-05-18,-1.0
1058,Gemini,carbon cost,2025-03-19,,2025-04-18,-1.0
1059,Gemini,carbon cost,2024-08-21,,2024-09-20,-1.0
1060,Gemini,carbon cost,2024-09-20,,2024-10-20,-1.0
1061,Gemini,carbon cost,2024-10-20,,2024-11-19,-1.0
1062,Gemini,carbon emission,2025-10-15,,2025-11-14,-1.0
1063,Gemini,carbon emission,2025-11-14,,2025-12-14,-1.0
1064,Gemini,carbon emission,2025-09-15,,2025-10-15,-1.0
1065,Gemini,carbon cost,2022-11-30,,2022-12-30,-1.0
1066,Gemini,carbon emission,2026-01-13,,2026-02-12,-1.0
1067,Gemini,carbon emission,2025-12-14,,2026-01-13,-1.0
1068,Gemini,carbon emission,2025-05-18,,2025-06-17,-1.0
1069,Gemini,carbon emission,2025-06-17,,2025-07-17,-1.0
1070,Gemini,carbon emission,2025-08-16,,2025-09-15,-1.0
1071,Gemini,carbon emission,2025-07-17,,2025-08-16,-1.0
1072,Gemini,carbon cost,2023-05-29,,2023-06-28,-1.0
1073,Gemini,carbon cost,2023-06-28,,2023-07-28,-1.0
1074,Gemini,carbon cost,2023-04-29,,2023-05-29,-1.0
1075,Gemini,carbon cost,2023-08-27,,2023-09-26,-1.0
1076,Gemini,carbon cost,2023-07-28,,2023-08-27,-1.0
1077,Gemini,carbon cost,2022-12-30,,2023-01-29,-1.0
1078,Gemini,carbon cost,2023-01-29,,2023-02-28,-1.0
1079,Gemini,carbon cost,2023-03-30,,2023-04-29,-1.0
1080,Gemini,carbon cost,2023-02-28,,2023-03-30,-1.0
1081,Gemini,carbon imapct,2024-04-23,,2024-05-23,-1.0
1082,Gemini,carbon imapct,2024-03-24,,2024-04-23,-1.0
1083,Gemini,carbon imapct,2024-05-23,,2024-06-22,-1.0
1084,Gemini,carbon imapct,2024-02-23,,2024-03-24,-1.0
1085,Gemini,carbon imapct,2024-07-22,,2024-08-21,-1.0
1086,Gemini,carbon imapct,2024-06-22,,2024-07-22,-1.0
1087,Gemini,carbon imapct,2023-11-25,,2023-12-25,-1.0
1088,Gemini,carbon imapct,2023-10-26,,2023-11-25,-1.0
1089,Gemini,carbon imapct,2023-12-25,,2024-01-24,-1.0
1090,Gemini,carbon imapct,2023-09-26,,2023-10-26,-1.0
1091,Gemini,carbon imapct,2024-01-24,,2024-02-23,-1.0
1092,Gemini,carbon imapct,2025-02-17,,2025-03-19,-1.0
1093,Gemini,carbon imapct,2025-01-18,,2025-02-17,-1.0
1094,Gemini,carbon imapct,2025-03-19,,2025-04-18,-1.0
1095,Gemini,carbon imapct,2024-12-19,,2025-01-18,-1.0
1096,Gemini,carbon imapct,2025-04-18,,2025-05-18,-1.0
1097,Gemini,carbon imapct,2024-09-20,,2024-10-20,-1.0
1098,Gemini,carbon imapct,2024-08-21,,2024-09-20,-1.0
1099,Gemini,carbon imapct,2024-10-20,,2024-11-19,-1.0
1100,Gemini,carbon imapct,2024-11-19,,2024-12-19,-1.0
1101,Gemini,carbon cost,2025-11-14,,2025-12-14,-1.0
1102,Gemini,carbon cost,2025-12-14,,2026-01-13,-1.0
1103,Gemini,carbon cost,2025-10-15,,2025-11-14,-1.0
1104,Gemini,carbon cost,2025-09-15,,2025-10-15,-1.0
1105,Gemini,carbon imapct,2022-11-30,,2022-12-30,-1.0
1106,Gemini,carbon cost,2026-01-13,,2026-02-12,-1.0
1107,Gemini,carbon cost,2025-06-17,,2025-07-17,-1.0
1108,Gemini,carbon cost,2025-07-17,,2025-08-16,-1.0
1109,Gemini,carbon cost,2025-05-18,,2025-06-17,-1.0
1110,Gemini,carbon cost,2025-08-16,,2025-09-15,-1.0
1111,Gemini,carbon imapct,2023-06-28,,2023-07-28,-1.0
1112,Gemini,carbon imapct,2023-05-29,,2023-06-28,-1.0
1113,Gemini,carbon imapct,2023-07-28,,2023-08-27,-1.0
1114,Gemini,carbon imapct,2023-04-29,,2023-05-29,-1.0
1115,Gemini,carbon imapct,2023-08-27,,2023-09-26,-1.0
1116,Gemini,carbon imapct,2023-01-29,,2023-02-28,-1.0
1117,Gemini,carbon imapct,2023-02-28,,2023-03-30,-1.0
1118,Gemini,carbon imapct,2022-12-30,,2023-01-29,-1.0
1119,Gemini,carbon imapct,2023-03-30,,2023-04-29,-1.0
1120,Llama,water impact,2024-07-22,,2024-08-21,-1.0
1121,Llama,water impact,2024-06-22,,2024-07-22,-1.0
1122,Llama,water impact,2024-08-21,,2024-09-20,-1.0
1123,Llama,water impact,2024-05-23,,2024-06-22,-1.0
1124,Llama,water impact,2024-09-20,,2024-10-20,-1.0
1125,Llama,water impact,2024-10-20,,2024-11-19,-1.0
1126,Llama,water impact,2024-02-23,,2024-03-24,-1.0
1127,Llama,water impact,2024-01-24,,2024-02-23,-1.0
1128,Llama,water impact,2024-03-24,,2024-04-23,-1.0
1129,Llama,water impact,2023-12-25,,2024-01-24,-1.0
1130,Llama,water impact,2024-04-23,,2024-05-23,-1.0
1131,Llama,water impact,2025-05-18,,2025-06-17,-1.0
1132,Llama,water impact,2025-04-18,,2025-05-18,-1.0
1133,Llama,water impact,2025-06-17,,2025-07-17,-1.0
1134,Llama,water impact,2025-03-19,,2025-04-18,-1.0
1135,Llama,water impact,2025-07-17,,2025-08-16,-1.0
1136,Llama,water impact,2025-08-16,,2025-09-15,-1.0
1137,Llama,water impact,2024-12-19,,2025-01-18,-1.0
1138,Llama,water impact,2024-11-19,,2024-12-19,-1.0
1139,Llama,water impact,2025-01-18,,2025-02-17,-1.0
1140,Llama,water impact,2025-02-17,,2025-03-19,-1.0
1141,Llama,water impact,2022-11-30,,2022-12-30,-1.0
1142,Llama,water impact,2022-12-30,,2023-01-29,-1.0
1143,Llama,water footprint,2026-01-13,,2026-02-12,-1.0
1144,Llama,water footprint,2025-12-14,,2026-01-13,-1.0
1145,Llama,water impact,2023-02-28,,2023-03-30,-1.0
1146,Llama,water impact,2023-01-29,,2023-02-28,-1.0
1147,Llama,water footprint,2025-09-15,,2025-10-15,-1.0
1148,Llama,water footprint,2025-10-15,,2025-11-14,-1.0
1149,Llama,water footprint,2025-08-16,,2025-09-15,-1.0
1150,Llama,water footprint,2025-07-17,,2025-08-16,-1.0
1151,Llama,water footprint,2025-11-14,,2025-12-14,-1.0
1152,Llama,water impact,2023-09-26,,2023-10-26,-1.0
1153,Llama,water impact,2023-10-26,,2023-11-25,-1.0
1154,Llama,water impact,2023-08-27,,2023-09-26,-1.0
1155,Llama,water impact,2023-07-28,,2023-08-27,-1.0
1156,Llama,water impact,2023-11-25,,2023-12-25,-1.0
1157,Llama,water impact,2023-04-29,,2023-05-29,-1.0
1158,Llama,water impact,2023-05-29,,2023-06-28,-1.0
1159,Llama,water impact,2023-03-30,,2023-04-29,-1.0
1160,Llama,water impact,2023-06-28,,2023-07-28,-1.0
1161,Llama,water effect,2024-08-21,,2024-09-20,-1.0
1162,Llama,water effect,2024-07-22,,2024-08-21,-1.0
1163,Llama,water effect,2024-06-22,,2024-07-22,-1.0
1164,Llama,water effect,2024-11-19,,2024-12-19,-1.0
1165,Llama,water effect,2024-10-20,,2024-11-19,-1.0
1166,Llama,water effect,2024-09-20,,2024-10-20,-1.0
1167,Llama,water effect,2024-03-24,,2024-04-23,-1.0
1168,Llama,water effect,2024-02-23,,2024-03-24,-1.0
1169,Llama,water effect,2024-01-24,,2024-02-23,-1.0
1170,Llama,water effect,2024-05-23,,2024-06-22,-1.0
1171,Llama,water effect,2024-04-23,,2024-05-23,-1.0
1172,Llama,water effect,2025-05-18,,2025-06-17,-1.0
1173,Llama,water effect,2025-06-17,,2025-07-17,-1.0
1174,Llama,water effect,2025-04-18,,2025-05-18,-1.0
1175,Llama,water effect,2025-08-16,,2025-09-15,-1.0
1176,Llama,water effect,2025-07-17,,2025-08-16,-1.0
1177,Llama,water effect,2024-12-19,,2025-01-18,-1.0
1178,Llama,water effect,2025-01-18,,2025-02-17,-1.0
1179,Llama,water effect,2025-03-19,,2025-04-18,-1.0
1180,Llama,water effect,2025-02-17,,2025-03-19,-1.0
1181,Llama,water effect,2022-12-30,,2023-01-29,-1.0
1182,Llama,water effect,2022-11-30,,2022-12-30,-1.0
1183,Llama,water impact,2026-01-13,,2026-02-12,-1.0
1184,Llama,water effect,2023-03-30,,2023-04-29,-1.0
1185,Llama,water effect,2023-02-28,,2023-03-30,-1.0
1186,Llama,water effect,2023-01-29,,2023-02-28,-1.0
1187,Llama,water impact,2025-10-15,,2025-11-14,-1.0
1188,Llama,water impact,2025-09-15,,2025-10-15,-1.0
1189,Llama,water impact,2025-11-14,,2025-12-14,-1.0
1190,Llama,water impact,2025-12-14,,2026-01-13,-1.0
1191,Llama,water effect,2023-10-26,,2023-11-25,-1.0
1192,Llama,water effect,2023-09-26,,2023-10-26,-1.0
1193,Llama,water effect,2023-08-27,,2023-09-26,-1.0
1194,Llama,water effect,2023-12-25,,2024-01-24,-1.0
1195,Llama,water effect,2023-11-25,,2023-12-25,-1.0
1196,Llama,water effect,2023-05-29,,2023-06-28,-1.0
1197,Llama,water effect,2023-04-29,,2023-05-29,-1.0
1198,Llama,water effect,2023-07-28,,2023-08-27,-1.0
1199,Llama,water effect,2023-06-28,,2023-07-28,-1.0
1200,Llama,water usage,2024-06-22,,2024-07-22,-1.0
1201,Llama,water usage,2024-05-23,,2024-06-22,-1.0
1202,Llama,water usage,2024-04-23,,2024-05-23,-1.0
1203,Llama,water usage,2024-09-20,,2024-10-20,-1.0
1204,Llama,water usage,2024-08-21,,2024-09-20,-1.0
1205,Llama,water usage,2024-07-22,,2024-08-21,-1.0
1206,Llama,water usage,2024-01-24,,2024-02-23,-1.0
1207,Llama,water usage,2023-12-25,,2024-01-24,-1.0
1208,Llama,water usage,2023-11-25,,2023-12-25,-1.0
1209,Llama,water usage,2024-02-23,,2024-03-24,-1.0
1210,Llama,water usage,2024-03-24,,2024-04-23,-1.0
1211,Llama,water usage,2025-04-18,,2025-05-18,-1.0
1212,Llama,water usage,2025-03-19,,2025-04-18,-1.0
1213,Llama,water usage,2025-02-17,,2025-03-19,-1.0
1214,Llama,water usage,2025-06-17,,2025-07-17,-1.0
1215,Llama,water usage,2025-07-17,,2025-08-16,-1.0
1216,Llama,water usage,2025-05-18,,2025-06-17,-1.0
1217,Llama,water usage,2024-11-19,,2024-12-19,-1.0
1218,Llama,water usage,2024-10-20,,2024-11-19,-1.0
1219,Llama,water usage,2025-01-18,,2025-02-17,-1.0
1220,Llama,water usage,2024-12-19,,2025-01-18,-1.0
1221,Llama,water use,2026-01-13,,2026-02-12,-1.0
1222,Llama,water use,2025-12-14,,2026-01-13,-1.0
1223,Llama,water usage,2022-11-30,,2022-12-30,-1.0
1224,Llama,water use,2025-11-14,,2025-12-14,-1.0
1225,Llama,water usage,2023-01-29,,2023-02-28,-1.0
1226,Llama,water usage,2022-12-30,,2023-01-29,-1.0
1227,Llama,water use,2025-08-16,,2025-09-15,-1.0
1228,Llama,water use,2025-07-17,,2025-08-16,-1.0
1229,Llama,water use,2025-09-15,,2025-10-15,-1.0
1230,Llama,water use,2025-10-15,,2025-11-14,-1.0
1231,Llama,water usage,2023-08-27,,2023-09-26,-1.0
1232,Llama,water usage,2023-07-28,,2023-08-27,-1.0
1233,Llama,water usage,2023-09-26,,2023-10-26,-1.0
1234,Llama,water usage,2023-06-28,,2023-07-28,-1.0
1235,Llama,water usage,2023-10-26,,2023-11-25,-1.0
1236,Llama,water usage,2023-03-30,,2023-04-29,-1.0
1237,Llama,water usage,2023-02-28,,2023-03-30,-1.0
1238,Llama,water usage,2023-04-29,,2023-05-29,-1.0
1239,Llama,water usage,2023-05-29,,2023-06-28,-1.0
1240,Llama,water footprint,2024-06-22,,2024-07-22,-1.0
1241,Llama,water footprint,2024-07-22,,2024-08-21,-1.0
1242,Llama,water footprint,2024-05-23,,2024-06-22,-1.0
1243,Llama,water footprint,2024-10-20,,2024-11-19,-1.0
1244,Llama,water footprint,2024-09-20,,2024-10-20,-1.0
1245,Llama,water footprint,2024-08-21,,2024-09-20,-1.0
1246,Llama,water footprint,2024-01-24,,2024-02-23,-1.0
1247,Llama,water footprint,2024-02-23,,2024-03-24,-1.0
1248,Llama,water footprint,2023-12-25,,2024-01-24,-1.0
1249,Llama,water footprint,2024-04-23,,2024-05-23,-1.0
1250,Llama,water footprint,2024-03-24,,2024-04-23,-1.0
1251,Llama,water footprint,2025-04-18,,2025-05-18,-1.0
1252,Llama,water footprint,2025-05-18,,2025-06-17,-1.0
1253,Llama,water footprint,2025-03-19,,2025-04-18,-1.0
1254,Llama,water footprint,2025-06-17,,2025-07-17,-1.0
1255,Llama,water footprint,2025-02-17,,2025-03-19,-1.0
1256,Llama,water footprint,2024-11-19,,2024-12-19,-1.0
1257,Llama,water footprint,2024-12-19,,2025-01-18,-1.0
1258,Llama,water footprint,2025-01-18,,2025-02-17,-1.0
1259,Llama,water usage,2026-01-13,,2026-02-12,-1.0
1260,Llama,water footprint,2022-11-30,,2022-12-30,-1.0
1261,Llama,water usage,2025-12-14,,2026-01-13,-1.0
1262,Llama,water footprint,2023-02-28,,2023-03-30,-1.0
1263,Llama,water footprint,2023-01-29,,2023-02-28,-1.0
1264,Llama,water footprint,2022-12-30,,2023-01-29,-1.0
1265,Llama,water usage,2025-09-15,,2025-10-15,-1.0
1266,Llama,water usage,2025-08-16,,2025-09-15,-1.0
1267,Llama,water usage,2025-11-14,,2025-12-14,-1.0
1268,Llama,water usage,2025-10-15,,2025-11-14,-1.0
1269,Llama,water footprint,2023-08-27,,2023-09-26,-1.0
1270,Llama,water footprint,2023-09-26,,2023-10-26,-1.0
1271,Llama,water footprint,2023-07-28,,2023-08-27,-1.0
1272,Llama,water footprint,2023-11-25,,2023-12-25,-1.0
1273,Llama,water footprint,2023-10-26,,2023-11-25,-1.0
1274,Llama,water footprint,2023-03-30,,2023-04-29,-1.0
1275,Llama,water footprint,2023-04-29,,2023-05-29,-1.0
1276,Llama,water footprint,2023-06-28,,2023-07-28,-1.0
1277,Llama,water footprint,2023-05-29,,2023-06-28,-1.0
1278,DeepSeek,environment effect,2025-07-17,,2025-08-16,-1.0
1279,DeepSeek,environment effect,2025-08-16,,2025-09-15,-1.0
1280,DeepSeek,environment effect,2025-06-17,,2025-07-17,-1.0
1281,DeepSeek,environment effect,2025-05-18,,2025-06-17,-1.0
1282,DeepSeek,environment effect,2025-10-15,,2025-11-14,-1.0
1283,DeepSeek,environment effect,2025-09-15,,2025-10-15,-1.0
1284,DeepSeek,environment harm,2023-06-28,,2023-07-28,-1.0
1285,DeepSeek,environment effect,2025-02-17,,2025-03-19,-1.0
1286,DeepSeek,environment effect,2025-03-19,,2025-04-18,-1.0
1287,DeepSeek,environment effect,2025-01-18,,2025-02-17,-1.0
1288,DeepSeek,environment effect,2024-12-19,,2025-01-18,-1.0
1289,DeepSeek,environment effect,2025-04-18,,2025-05-18,-1.0
1290,DeepSeek,environment cost,2023-02-28,,2023-03-30,-1.0
1291,DeepSeek,environment cost,2023-03-30,,2023-04-29,-1.0
1292,DeepSeek,environment cost,2023-01-29,,2023-02-28,-1.0
1293,DeepSeek,environment cost,2022-12-30,,2023-01-29,-1.0
1294,DeepSeek,environment cost,2023-04-29,,2023-05-29,-1.0
1295,DeepSeek,environment cost,2023-05-29,,2023-06-28,-1.0
1296,DeepSeek,environment effect,2025-12-14,,2026-01-13,-1.0
1297,DeepSeek,environment effect,2026-01-13,,2026-02-12,-1.0
1298,DeepSeek,environment effect,2025-11-14,,2025-12-14,-1.0
1299,DeepSeek,environment cost,2022-11-30,,2022-12-30,-1.0
1300,DeepSeek,environment effect,2023-11-25,,2023-12-25,-1.0
1301,DeepSeek,environment effect,2023-12-25,,2024-01-24,-1.0
1302,DeepSeek,environment effect,2023-10-26,,2023-11-25,-1.0
1303,DeepSeek,environment effect,2024-03-24,,2024-04-23,-1.0
1304,DeepSeek,environment effect,2024-02-23,,2024-03-24,-1.0
1305,DeepSeek,environment effect,2024-01-24,,2024-02-23,-1.0
1306,DeepSeek,environment effect,2023-06-28,,2023-07-28,-1.0
1307,DeepSeek,environment effect,2023-07-28,,2023-08-27,-1.0
1308,DeepSeek,environment effect,2023-05-29,,2023-06-28,-1.0
1309,DeepSeek,environment effect,2023-09-26,,2023-10-26,-1.0
1310,DeepSeek,environment effect,2023-08-27,,2023-09-26,-1.0
1311,DeepSeek,environment effect,2024-09-20,,2024-10-20,-1.0
1312,DeepSeek,environment effect,2024-10-20,,2024-11-19,-1.0
1313,DeepSeek,environment effect,2024-08-21,,2024-09-20,-1.0
1314,DeepSeek,environment effect,2024-11-19,,2024-12-19,-1.0
1315,DeepSeek,environment effect,2024-07-22,,2024-08-21,-1.0
1316,DeepSeek,environment effect,2024-04-23,,2024-05-23,-1.0
1317,DeepSeek,environment effect,2024-05-23,,2024-06-22,-1.0
1318,DeepSeek,environment effect,2024-06-22,,2024-07-22,-1.0
1319,DeepSeek,environment cost,2025-08-16,,2025-09-15,-1.0
1320,DeepSeek,environment cost,2025-07-17,,2025-08-16,-1.0
1321,DeepSeek,environment cost,2025-06-17,,2025-07-17,-1.0
1322,DeepSeek,environment cost,2025-11-14,,2025-12-14,-1.0
1323,DeepSeek,environment cost,2025-10-15,,2025-11-14,-1.0
1324,DeepSeek,environment cost,2025-09-15,,2025-10-15,-1.0
1325,DeepSeek,environment cost,2025-03-19,,2025-04-18,-1.0
1326,DeepSeek,environment cost,2025-02-17,,2025-03-19,-1.0
1327,DeepSeek,environment cost,2025-04-18,,2025-05-18,-1.0
1328,DeepSeek,environment cost,2025-01-18,,2025-02-17,-1.0
1329,DeepSeek,environment cost,2025-05-18,,2025-06-17,-1.0
1330,DeepSeek,environment harm,2023-03-30,,2023-04-29,-1.0
1331,DeepSeek,environment harm,2023-02-28,,2023-03-30,-1.0
1332,DeepSeek,environment harm,2023-01-29,,2023-02-28,-1.0
1333,DeepSeek,environment harm,2023-05-29,,2023-06-28,-1.0
1334,DeepSeek,environment harm,2023-04-29,,2023-05-29,-1.0
1335,DeepSeek,environment cost,2026-01-13,,2026-02-12,-1.0
1336,DeepSeek,environment cost,2025-12-14,,2026-01-13,-1.0
1337,DeepSeek,environment harm,2022-12-30,,2023-01-29,-1.0
1338,DeepSeek,environment harm,2022-11-30,,2022-12-30,-1.0
1339,DeepSeek,environment cost,2023-12-25,,2024-01-24,-1.0
1340,DeepSeek,environment cost,2023-11-25,,2023-12-25,-1.0
1341,DeepSeek,environment cost,2024-01-24,,2024-02-23,-1.0
1342,DeepSeek,environment cost,2023-10-26,,2023-11-25,-1.0
1343,DeepSeek,environment cost,2024-03-24,,2024-04-23,-1.0
1344,DeepSeek,environment cost,2024-02-23,,2024-03-24,-1.0
1345,DeepSeek,environment cost,2023-07-28,,2023-08-27,-1.0
1346,DeepSeek,environment cost,2023-08-27,,2023-09-26,-1.0
1347,DeepSeek,environment cost,2023-06-28,,2023-07-28,-1.0
1348,DeepSeek,environment cost,2023-09-26,,2023-10-26,-1.0
1349,DeepSeek,environment cost,2024-10-20,,2024-11-19,-1.0
1350,DeepSeek,environment cost,2024-09-20,,2024-10-20,-1.0
1351,DeepSeek,environment cost,2024-11-19,,2024-12-19,-1.0
1352,DeepSeek,environment cost,2024-08-21,,2024-09-20,-1.0
1353,DeepSeek,environment cost,2024-12-19,,2025-01-18,-1.0
1354,DeepSeek,environment cost,2024-05-23,,2024-06-22,-1.0
1355,DeepSeek,environment cost,2024-04-23,,2024-05-23,-1.0
1356,DeepSeek,environment cost,2024-06-22,,2024-07-22,-1.0
1357,DeepSeek,environment cost,2024-07-22,,2024-08-21,-1.0
1358,DeepSeek,environment footprint,2025-06-17,,2025-07-17,-1.0
1359,DeepSeek,environment footprint,2025-05-18,,2025-06-17,-1.0
1360,DeepSeek,environment footprint,2025-07-17,,2025-08-16,-1.0
1361,DeepSeek,environment footprint,2025-04-18,,2025-05-18,-1.0
1362,DeepSeek,environment footprint,2025-09-15,,2025-10-15,-1.0
1363,DeepSeek,environment footprint,2025-08-16,,2025-09-15,-1.0
1364,DeepSeek,environment footprint,2025-01-18,,2025-02-17,-1.0
1365,DeepSeek,environment footprint,2024-12-19,,2025-01-18,-1.0
1366,DeepSeek,environment footprint,2025-02-17,,2025-03-19,-1.0
1367,DeepSeek,environment footprint,2024-11-19,,2024-12-19,-1.0
1368,DeepSeek,environment footprint,2025-03-19,,2025-04-18,-1.0
1369,DeepSeek,environment impact,2023-01-29,,2023-02-28,-1.0
1370,DeepSeek,environment impact,2022-12-30,,2023-01-29,-1.0
1371,DeepSeek,environment impact,2023-02-28,,2023-03-30,-1.0
1372,DeepSeek,environment impact,2022-11-30,,2022-12-30,-1.0
1373,DeepSeek,environment impact,2023-03-30,,2023-04-29,-1.0
1374,DeepSeek,environment impact,2023-04-29,,2023-05-29,-1.0
1375,DeepSeek,environment footprint,2025-11-14,,2025-12-14,-1.0
1376,DeepSeek,environment footprint,2025-10-15,,2025-11-14,-1.0
1377,DeepSeek,environment footprint,2025-12-14,,2026-01-13,-1.0
1378,DeepSeek,environment footprint,2026-01-13,,2026-02-12,-1.0
1379,DeepSeek,environment footprint,2023-10-26,,2023-11-25,-1.0
1380,DeepSeek,environment footprint,2023-11-25,,2023-12-25,-1.0
1381,DeepSeek,environment footprint,2023-09-26,,2023-10-26,-1.0
1382,DeepSeek,environment footprint,2023-08-27,,2023-09-26,-1.0
1383,DeepSeek,environment footprint,2024-01-24,,2024-02-23,-1.0
1384,DeepSeek,environment footprint,2023-12-25,,2024-01-24,-1.0
1385,DeepSeek,environment footprint,2023-05-29,,2023-06-28,-1.0
1386,DeepSeek,environment footprint,2023-06-28,,2023-07-28,-1.0
1387,DeepSeek,environment footprint,2023-04-29,,2023-05-29,-1.0
1388,DeepSeek,environment footprint,2023-03-30,,2023-04-29,-1.0
1389,DeepSeek,environment footprint,2023-07-28,,2023-08-27,-1.0
1390,DeepSeek,environment footprint,2024-08-21,,2024-09-20,-1.0
1391,DeepSeek,environment footprint,2024-09-20,,2024-10-20,-1.0
1392,DeepSeek,environment footprint,2024-07-22,,2024-08-21,-1.0
1393,DeepSeek,environment footprint,2024-06-22,,2024-07-22,-1.0
1394,DeepSeek,environment footprint,2024-10-20,,2024-11-19,-1.0
1395,DeepSeek,environment footprint,2024-03-24,,2024-04-23,-1.0
1396,DeepSeek,environment footprint,2024-04-23,,2024-05-23,-1.0
1397,DeepSeek,environment footprint,2024-02-23,,2024-03-24,-1.0
1398,DeepSeek,environment footprint,2024-05-23,,2024-06-22,-1.0
1399,DeepSeek,environment impact,2025-06-17,,2025-07-17,-1.0
1400,DeepSeek,environment impact,2025-07-17,,2025-08-16,-1.0
1401,DeepSeek,environment impact,2025-05-18,,2025-06-17,-1.0
1402,DeepSeek,environment impact,2025-10-15,,2025-11-14,-1.0
1403,DeepSeek,environment impact,2025-09-15,,2025-10-15,-1.0
1404,DeepSeek,environment impact,2025-08-16,,2025-09-15,-1.0
1405,DeepSeek,environment impact,2025-02-17,,2025-03-19,-1.0
1406,DeepSeek,environment impact,2025-01-18,,2025-02-17,-1.0
1407,DeepSeek,environment impact,2024-12-19,,2025-01-18,-1.0
1408,DeepSeek,environment impact,2025-04-18,,2025-05-18,-1.0
1409,DeepSeek,environment impact,2025-03-19,,2025-04-18,-1.0
1410,DeepSeek,environment effect,2023-01-29,,2023-02-28,-1.0
1411,DeepSeek,environment effect,2023-02-28,,2023-03-30,-1.0
1412,DeepSeek,environment effect,2022-12-30,,2023-01-29,-1.0
1413,DeepSeek,environment effect,2023-04-29,,2023-05-29,-1.0
1414,DeepSeek,environment effect,2023-03-30,,2023-04-29,-1.0
1415,DeepSeek,environment impact,2025-11-14,,2025-12-14,-1.0
1416,DeepSeek,environment impact,2025-12-14,,2026-01-13,-1.0
1417,DeepSeek,environment effect,2022-11-30,,2022-12-30,-1.0
1418,DeepSeek,environment impact,2026-01-13,,2026-02-12,-1.0
1419,DeepSeek,environment impact,2023-11-25,,2023-12-25,-1.0
1420,DeepSeek,environment impact,2023-10-26,,2023-11-25,-1.0
1421,DeepSeek,environment impact,2023-09-26,,2023-10-26,-1.0
1422,DeepSeek,environment impact,2024-02-23,,2024-03-24,-1.0
1423,DeepSeek,environment impact,2024-01-24,,2024-02-23,-1.0
1424,DeepSeek,environment impact,2023-12-25,,2024-01-24,-1.0
1425,DeepSeek,environment impact,2023-06-28,,2023-07-28,-1.0
1426,DeepSeek,environment impact,2023-05-29,,2023-06-28,-1.0
1427,DeepSeek,environment impact,2023-07-28,,2023-08-27,-1.0
1428,DeepSeek,environment impact,2023-08-27,,2023-09-26,-1.0
1429,DeepSeek,environment impact,2024-09-20,,2024-10-20,-1.0
1430,DeepSeek,environment impact,2024-08-21,,2024-09-20,-1.0
1431,DeepSeek,environment impact,2024-07-22,,2024-08-21,-1.0
1432,DeepSeek,environment impact,2024-11-19,,2024-12-19,-1.0
1433,DeepSeek,environment impact,2024-10-20,,2024-11-19,-1.0
1434,DeepSeek,environment impact,2024-04-23,,2024-05-23,-1.0
1435,DeepSeek,environment impact,2024-03-24,,2024-04-23,-1.0
1436,DeepSeek,environment impact,2024-06-22,,2024-07-22,-1.0
1437,DeepSeek,environment impact,2024-05-23,,2024-06-22,-1.0
1438,DeepSeek,pollution,2025-10-15,,2025-11-14,-1.0
1439,DeepSeek,pollution,2025-09-15,,2025-10-15,-1.0
1440,DeepSeek,pollution,2025-08-16,,2025-09-15,-1.0
1441,DeepSeek,pollution,2025-12-14,,2026-01-13,-1.0
1442,DeepSeek,pollution,2026-01-13,,2026-02-12,-1.0
1443,DeepSeek,pollution,2025-11-14,,2025-12-14,-1.0
1444,DeepSeek,pollution,2025-05-18,,2025-06-17,-1.0
1445,DeepSeek,pollution,2025-04-18,,2025-05-18,-1.0
1446,DeepSeek,pollution,2025-03-19,,2025-04-18,-1.0
1447,DeepSeek,pollution,2025-07-17,,2025-08-16,-1.0
1448,DeepSeek,pollution,2025-06-17,,2025-07-17,-1.0
1449,DeepSeek,waste,2023-04-29,,2023-05-29,-1.0
1450,DeepSeek,waste,2023-05-29,,2023-06-28,-1.0
1451,DeepSeek,waste,2023-03-30,,2023-04-29,-1.0
1452,DeepSeek,waste,2023-07-28,,2023-08-27,-1.0
1453,DeepSeek,waste,2023-06-28,,2023-07-28,-1.0
1454,DeepSeek,waste,2023-08-27,,2023-09-26,-1.0
1455,DeepSeek,waste,2022-11-30,,2022-12-30,-1.0
1456,DeepSeek,waste,2022-12-30,,2023-01-29,-1.0
1457,DeepSeek,waste,2023-02-28,,2023-03-30,-1.0
1458,DeepSeek,waste,2023-01-29,,2023-02-28,-1.0
1459,DeepSeek,pollution,2024-02-23,,2024-03-24,-1.0
1460,DeepSeek,pollution,2024-01-24,,2024-02-23,-1.0
1461,DeepSeek,pollution,2023-12-25,,2024-01-24,-1.0
1462,DeepSeek,pollution,2024-03-24,,2024-04-23,-1.0
1463,DeepSeek,pollution,2024-05-23,,2024-06-22,-1.0
1464,DeepSeek,pollution,2024-04-23,,2024-05-23,-1.0
1465,DeepSeek,pollution,2023-09-26,,2023-10-26,-1.0
1466,DeepSeek,pollution,2023-08-27,,2023-09-26,-1.0
1467,DeepSeek,pollution,2023-10-26,,2023-11-25,-1.0
1468,DeepSeek,pollution,2023-07-28,,2023-08-27,-1.0
1469,DeepSeek,pollution,2023-11-25,,2023-12-25,-1.0
1470,DeepSeek,pollution,2024-12-19,,2025-01-18,-1.0
1471,DeepSeek,pollution,2024-11-19,,2024-12-19,-1.0
1472,DeepSeek,pollution,2024-10-20,,2024-11-19,-1.0
1473,DeepSeek,pollution,2025-02-17,,2025-03-19,-1.0
1474,DeepSeek,pollution,2025-01-18,,2025-02-17,-1.0
1475,DeepSeek,pollution,2024-07-22,,2024-08-21,-1.0
1476,DeepSeek,pollution,2024-06-22,,2024-07-22,-1.0
1477,DeepSeek,pollution,2024-09-20,,2024-10-20,-1.0
1478,DeepSeek,pollution,2024-08-21,,2024-09-20,-1.0
1479,DeepSeek,waste,2025-10-15,,2025-11-14,-1.0
1480,DeepSeek,waste,2025-11-14,,2025-12-14,-1.0
1481,DeepSeek,waste,2025-09-15,,2025-10-15,-1.0
1482,DeepSeek,waste,2025-08-16,,2025-09-15,-1.0
1483,DeepSeek,waste,2026-01-13,,2026-02-12,-1.0
1484,DeepSeek,waste,2025-12-14,,2026-01-13,-1.0
1485,DeepSeek,waste,2025-05-18,,2025-06-17,-1.0
1486,DeepSeek,waste,2025-06-17,,2025-07-17,-1.0
1487,DeepSeek,waste,2025-04-18,,2025-05-18,-1.0
1488,DeepSeek,waste,2025-07-17,,2025-08-16,-1.0
1489,DeepSeek,energy consumption,2023-05-29,,2023-06-28,-1.0
1490,DeepSeek,energy consumption,2023-06-28,,2023-07-28,-1.0
1491,DeepSeek,energy consumption,2023-04-29,,2023-05-29,-1.0
1492,DeepSeek,energy consumption,2023-03-30,,2023-04-29,-1.0
1493,DeepSeek,energy consumption,2023-08-27,,2023-09-26,-1.0
1494,DeepSeek,energy consumption,2023-07-28,,2023-08-27,-1.0
1495,DeepSeek,energy consumption,2022-12-30,,2023-01-29,-1.0
1496,DeepSeek,energy consumption,2023-01-29,,2023-02-28,-1.0
1497,DeepSeek,energy consumption,2022-11-30,,2022-12-30,-1.0
1498,DeepSeek,energy consumption,2023-02-28,,2023-03-30,-1.0
1499,DeepSeek,waste,2025-03-19,,2025-04-18,-1.0
1500,DeepSeek,waste,2024-02-23,,2024-03-24,-1.0
1501,DeepSeek,waste,2024-03-24,,2024-04-23,-1.0
1502,DeepSeek,waste,2024-01-24,,2024-02-23,-1.0
1503,DeepSeek,waste,2024-06-22,,2024-07-22,-1.0
1504,DeepSeek,waste,2024-05-23,,2024-06-22,-1.0
1505,DeepSeek,waste,2024-04-23,,2024-05-23,-1.0
1506,DeepSeek,waste,2023-09-26,,2023-10-26,-1.0
1507,DeepSeek,waste,2023-10-26,,2023-11-25,-1.0
1508,DeepSeek,waste,2023-12-25,,2024-01-24,-1.0
1509,DeepSeek,waste,2023-11-25,,2023-12-25,-1.0
1510,DeepSeek,waste,2024-12-19,,2025-01-18,-1.0
1511,DeepSeek,waste,2025-01-18,,2025-02-17,-1.0
1512,DeepSeek,waste,2024-11-19,,2024-12-19,-1.0
1513,DeepSeek,waste,2025-02-17,,2025-03-19,-1.0
1514,DeepSeek,waste,2024-07-22,,2024-08-21,-1.0
1515,DeepSeek,waste,2024-08-21,,2024-09-20,-1.0
1516,DeepSeek,waste,2024-10-20,,2024-11-19,-1.0
1517,DeepSeek,waste,2024-09-20,,2024-10-20,-1.0
1518,DeepSeek,environment harm,2025-08-16,,2025-09-15,-1.0
1519,DeepSeek,environment harm,2025-09-15,,2025-10-15,-1.0
1520,DeepSeek,environment harm,2025-07-17,,2025-08-16,-1.0
1521,DeepSeek,environment harm,2025-12-14,,2026-01-13,-1.0
1522,DeepSeek,environment harm,2025-11-14,,2025-12-14,-1.0
1523,DeepSeek,environment harm,2025-10-15,,2025-11-14,-1.0
1524,DeepSeek,environment harm,2025-03-19,,2025-04-18,-1.0
1525,DeepSeek,environment harm,2025-04-18,,2025-05-18,-1.0
1526,DeepSeek,environment harm,2025-02-17,,2025-03-19,-1.0
1527,DeepSeek,environment harm,2025-06-17,,2025-07-17,-1.0
1528,DeepSeek,environment harm,2025-05-18,,2025-06-17,-1.0
1529,DeepSeek,environment negative,2023-03-30,,2023-04-29,-1.0
1530,DeepSeek,environment negative,2023-04-29,,2023-05-29,-1.0
1531,DeepSeek,environment negative,2023-02-28,,2023-03-30,-1.0
1532,DeepSeek,environment negative,2023-06-28,,2023-07-28,-1.0
1533,DeepSeek,environment negative,2023-05-29,,2023-06-28,-1.0
1534,DeepSeek,environment harm,2026-01-13,,2026-02-12,-1.0
1535,DeepSeek,environment negative,2022-11-30,,2022-12-30,-1.0
1536,DeepSeek,environment negative,2023-01-29,,2023-02-28,-1.0
1537,DeepSeek,environment negative,2022-12-30,,2023-01-29,-1.0
1538,DeepSeek,environment harm,2024-01-24,,2024-02-23,-1.0
1539,DeepSeek,environment harm,2023-12-25,,2024-01-24,-1.0
1540,DeepSeek,environment harm,2023-11-25,,2023-12-25,-1.0
1541,DeepSeek,environment harm,2024-04-23,,2024-05-23,-1.0
1542,DeepSeek,environment harm,2024-03-24,,2024-04-23,-1.0
1543,DeepSeek,environment harm,2024-02-23,,2024-03-24,-1.0
1544,DeepSeek,environment harm,2023-08-27,,2023-09-26,-1.0
1545,DeepSeek,environment harm,2023-07-28,,2023-08-27,-1.0
1546,DeepSeek,environment harm,2023-10-26,,2023-11-25,-1.0
1547,DeepSeek,environment harm,2023-09-26,,2023-10-26,-1.0
1548,DeepSeek,environment harm,2024-10-20,,2024-11-19,-1.0
1549,DeepSeek,environment harm,2024-11-19,,2024-12-19,-1.0
1550,DeepSeek,environment harm,2024-09-20,,2024-10-20,-1.0
1551,DeepSeek,environment harm,2025-01-18,,2025-02-17,-1.0
1552,DeepSeek,environment harm,2024-12-19,,2025-01-18,-1.0
1553,DeepSeek,environment harm,2024-05-23,,2024-06-22,-1.0
1554,DeepSeek,environment harm,2024-06-22,,2024-07-22,-1.0
1555,DeepSeek,environment harm,2024-08-21,,2024-09-20,-1.0
1556,DeepSeek,environment harm,2024-07-22,,2024-08-21,-1.0
1557,DeepSeek,environment negative,2025-09-15,,2025-10-15,-1.0
1558,DeepSeek,environment negative,2025-08-16,,2025-09-15,-1.0
1559,DeepSeek,environment negative,2025-10-15,,2025-11-14,-1.0
1560,DeepSeek,environment negative,2025-07-17,,2025-08-16,-1.0
1561,DeepSeek,environment negative,2025-12-14,,2026-01-13,-1.0
1562,DeepSeek,environment negative,2025-11-14,,2025-12-14,-1.0
1563,DeepSeek,environment negative,2025-04-18,,2025-05-18,-1.0
1564,DeepSeek,environment negative,2025-05-18,,2025-06-17,-1.0
1565,DeepSeek,environment negative,2025-03-19,,2025-04-18,-1.0
1566,DeepSeek,environment negative,2025-02-17,,2025-03-19,-1.0
1567,DeepSeek,environment negative,2025-06-17,,2025-07-17,-1.0
1568,DeepSeek,pollution,2023-04-29,,2023-05-29,-1.0
1569,DeepSeek,pollution,2023-03-30,,2023-04-29,-1.0
1570,DeepSeek,pollution,2023-05-29,,2023-06-28,-1.0
1571,DeepSeek,pollution,2023-02-28,,2023-03-30,-1.0
1572,DeepSeek,pollution,2023-06-28,,2023-07-28,-1.0
1573,DeepSeek,pollution,2022-11-30,,2022-12-30,-1.0
1574,DeepSeek,environment negative,2026-01-13,,2026-02-12,-1.0
1575,DeepSeek,pollution,2022-12-30,,2023-01-29,-1.0
1576,DeepSeek,pollution,2023-01-29,,2023-02-28,-1.0
1577,DeepSeek,environment negative,2024-01-24,,2024-02-23,-1.0
1578,DeepSeek,environment negative,2024-02-23,,2024-03-24,-1.0
1579,DeepSeek,environment negative,2023-12-25,,2024-01-24,-1.0
1580,DeepSeek,environment negative,2023-11-25,,2023-12-25,-1.0
1581,DeepSeek,environment negative,2024-04-23,,2024-05-23,-1.0
1582,DeepSeek,environment negative,2024-03-24,,2024-04-23,-1.0
1583,DeepSeek,environment negative,2023-08-27,,2023-09-26,-1.0
1584,DeepSeek,environment negative,2023-09-26,,2023-10-26,-1.0
1585,DeepSeek,environment negative,2023-07-28,,2023-08-27,-1.0
1586,DeepSeek,environment negative,2023-10-26,,2023-11-25,-1.0
1587,DeepSeek,environment negative,2024-11-19,,2024-12-19,-1.0
1588,DeepSeek,environment negative,2024-12-19,,2025-01-18,-1.0
1589,DeepSeek,environment negative,2024-10-20,,2024-11-19,-1.0
1590,DeepSeek,environment negative,2024-09-20,,2024-10-20,-1.0
1591,DeepSeek,environment negative,2025-01-18,,2025-02-17,-1.0
1592,DeepSeek,environment negative,2024-06-22,,2024-07-22,-1.0
1593,DeepSeek,environment negative,2024-07-22,,2024-08-21,-1.0
1594,DeepSeek,environment negative,2024-05-23,,2024-06-22,-1.0
1595,DeepSeek,environment negative,2024-08-21,,2024-09-20,-1.0
1596,DeepSeek,water footprint,2025-02-17,,2025-03-19,-1.0
1597,DeepSeek,water footprint,2025-03-19,,2025-04-18,-1.0
1598,DeepSeek,water footprint,2025-01-18,,2025-02-17,-1.0
1599,DeepSeek,water footprint,2025-05-18,,2025-06-17,-1.0
1600,DeepSeek,water footprint,2025-04-18,,2025-05-18,-1.0
1601,DeepSeek,water effect,2023-01-29,,2023-02-28,-1.0
1602,DeepSeek,water footprint,2024-09-20,,2024-10-20,-1.0
1603,DeepSeek,water footprint,2024-10-20,,2024-11-19,-1.0
1604,DeepSeek,water footprint,2024-08-21,,2024-09-20,-1.0
1605,DeepSeek,water footprint,2024-12-19,,2025-01-18,-1.0
1606,DeepSeek,water footprint,2024-11-19,,2024-12-19,-1.0
1607,DeepSeek,water footprint,2025-12-14,,2026-01-13,-1.0
1608,DeepSeek,water footprint,2026-01-13,,2026-02-12,-1.0
1609,DeepSeek,water footprint,2025-11-14,,2025-12-14,-1.0
1610,DeepSeek,water footprint,2025-10-15,,2025-11-14,-1.0
1611,DeepSeek,water footprint,2025-06-17,,2025-07-17,-1.0
1612,DeepSeek,water impact,2022-12-30,,2023-01-29,-1.0
1613,DeepSeek,water impact,2022-11-30,,2022-12-30,-1.0
1614,DeepSeek,water footprint,2025-07-17,,2025-08-16,-1.0
1615,DeepSeek,water footprint,2025-08-16,,2025-09-15,-1.0
1616,DeepSeek,water footprint,2025-09-15,,2025-10-15,-1.0
1617,DeepSeek,water footprint,2023-06-28,,2023-07-28,-1.0
1618,DeepSeek,water footprint,2023-07-28,,2023-08-27,-1.0
1619,DeepSeek,water footprint,2023-05-29,,2023-06-28,-1.0
1620,DeepSeek,water footprint,2023-10-26,,2023-11-25,-1.0
1621,DeepSeek,water footprint,2023-09-26,,2023-10-26,-1.0
1622,DeepSeek,water footprint,2023-08-27,,2023-09-26,-1.0
1623,DeepSeek,water footprint,2023-01-29,,2023-02-28,-1.0
1624,DeepSeek,water footprint,2023-02-28,,2023-03-30,-1.0
1625,DeepSeek,water footprint,2022-12-30,,2023-01-29,-1.0
1626,DeepSeek,water footprint,2023-04-29,,2023-05-29,-1.0
1627,DeepSeek,water footprint,2023-03-30,,2023-04-29,-1.0
1628,DeepSeek,water footprint,2024-04-23,,2024-05-23,-1.0
1629,DeepSeek,water footprint,2024-05-23,,2024-06-22,-1.0
1630,DeepSeek,water footprint,2024-03-24,,2024-04-23,-1.0
1631,DeepSeek,water footprint,2024-07-22,,2024-08-21,-1.0
1632,DeepSeek,water footprint,2024-06-22,,2024-07-22,-1.0
1633,DeepSeek,water footprint,2023-11-25,,2023-12-25,-1.0
1634,DeepSeek,water footprint,2023-12-25,,2024-01-24,-1.0
1635,DeepSeek,water footprint,2024-02-23,,2024-03-24,-1.0
1636,DeepSeek,water footprint,2024-01-24,,2024-02-23,-1.0
1637,DeepSeek,water impact,2025-03-19,,2025-04-18,-1.0
1638,DeepSeek,water impact,2025-02-17,,2025-03-19,-1.0
1639,DeepSeek,water impact,2025-04-18,,2025-05-18,-1.0
1640,DeepSeek,water impact,2025-01-18,,2025-02-17,-1.0
1641,DeepSeek,water impact,2025-06-17,,2025-07-17,-1.0
1642,DeepSeek,water impact,2025-05-18,,2025-06-17,-1.0
1643,DeepSeek,water impact,2024-10-20,,2024-11-19,-1.0
1644,DeepSeek,water impact,2024-09-20,,2024-10-20,-1.0
1645,DeepSeek,water impact,2024-11-19,,2024-12-19,-1.0
1646,DeepSeek,water impact,2024-08-21,,2024-09-20,-1.0
1647,DeepSeek,water impact,2024-12-19,,2025-01-18,-1.0
1648,DeepSeek,water impact,2026-01-13,,2026-02-12,-1.0
1649,DeepSeek,water impact,2025-12-14,,2026-01-13,-1.0
1650,DeepSeek,water effect,2022-11-30,,2022-12-30,-1.0
1651,DeepSeek,water impact,2025-11-14,,2025-12-14,-1.0
1652,DeepSeek,water effect,2022-12-30,,2023-01-29,-1.0
1653,DeepSeek,water impact,2025-08-16,,2025-09-15,-1.0
1654,DeepSeek,water impact,2025-07-17,,2025-08-16,-1.0
1655,DeepSeek,water impact,2025-09-15,,2025-10-15,-1.0
1656,DeepSeek,water impact,2025-10-15,,2025-11-14,-1.0
1657,DeepSeek,water impact,2023-07-28,,2023-08-27,-1.0
1658,DeepSeek,water impact,2023-08-27,,2023-09-26,-1.0
1659,DeepSeek,water impact,2023-06-28,,2023-07-28,-1.0
1660,DeepSeek,water impact,2023-05-29,,2023-06-28,-1.0
1661,DeepSeek,water impact,2023-10-26,,2023-11-25,-1.0
1662,DeepSeek,water impact,2023-09-26,,2023-10-26,-1.0
1663,DeepSeek,water impact,2023-02-28,,2023-03-30,-1.0
1664,DeepSeek,water impact,2023-03-30,,2023-04-29,-1.0
1665,DeepSeek,water impact,2023-01-29,,2023-02-28,-1.0
1666,DeepSeek,water impact,2023-04-29,,2023-05-29,-1.0
1667,DeepSeek,water impact,2024-05-23,,2024-06-22,-1.0
1668,DeepSeek,water impact,2024-04-23,,2024-05-23,-1.0
1669,DeepSeek,water impact,2024-06-22,,2024-07-22,-1.0
1670,DeepSeek,water impact,2024-03-24,,2024-04-23,-1.0
1671,DeepSeek,water impact,2024-07-22,,2024-08-21,-1.0
1672,DeepSeek,water impact,2023-12-25,,2024-01-24,-1.0
1673,DeepSeek,water impact,2024-01-24,,2024-02-23,-1.0
1674,DeepSeek,water impact,2023-11-25,,2023-12-25,-1.0
1675,DeepSeek,water impact,2024-02-23,,2024-03-24,-1.0
1676,DeepSeek,water use,2025-01-18,,2025-02-17,-1.0
1677,DeepSeek,water use,2025-02-17,,2025-03-19,-1.0
1678,DeepSeek,water use,2024-12-19,,2025-01-18,-1.0
1679,DeepSeek,water use,2024-11-19,,2024-12-19,-1.0
1680,DeepSeek,water use,2025-04-18,,2025-05-18,-1.0
1681,DeepSeek,water use,2025-03-19,,2025-04-18,-1.0
1682,DeepSeek,water use,2024-08-21,,2024-09-20,-1.0
1683,DeepSeek,water use,2024-09-20,,2024-10-20,-1.0
1684,DeepSeek,water use,2024-07-22,,2024-08-21,-1.0
1685,DeepSeek,water use,2024-06-22,,2024-07-22,-1.0
1686,DeepSeek,water use,2024-10-20,,2024-11-19,-1.0
1687,DeepSeek,water use,2025-11-14,,2025-12-14,-1.0
1688,DeepSeek,water use,2025-10-15,,2025-11-14,-1.0
1689,DeepSeek,water use,2025-12-14,,2026-01-13,-1.0
1690,DeepSeek,water use,2025-09-15,,2025-10-15,-1.0
1691,DeepSeek,water use,2026-01-13,,2026-02-12,-1.0
1692,DeepSeek,water usage,2022-11-30,,2022-12-30,-1.0
1693,DeepSeek,water use,2025-06-17,,2025-07-17,-1.0
1694,DeepSeek,water use,2025-07-17,,2025-08-16,-1.0
1695,DeepSeek,water use,2025-05-18,,2025-06-17,-1.0
1696,DeepSeek,water use,2025-08-16,,2025-09-15,-1.0
1697,DeepSeek,water use,2023-05-29,,2023-06-28,-1.0
1698,DeepSeek,water use,2023-06-28,,2023-07-28,-1.0
1699,DeepSeek,water use,2023-04-29,,2023-05-29,-1.0
1700,DeepSeek,water use,2023-08-27,,2023-09-26,-1.0
1701,DeepSeek,water use,2023-07-28,,2023-08-27,-1.0
1702,DeepSeek,water use,2023-03-30,,2023-04-29,-1.0
1703,DeepSeek,water use,2022-12-30,,2023-01-29,-1.0
1704,DeepSeek,water use,2023-01-29,,2023-02-28,-1.0
1705,DeepSeek,water use,2022-11-30,,2022-12-30,-1.0
1706,DeepSeek,water use,2023-02-28,,2023-03-30,-1.0
1707,DeepSeek,water use,2024-03-24,,2024-04-23,-1.0
1708,DeepSeek,water use,2024-04-23,,2024-05-23,-1.0
1709,DeepSeek,water use,2024-02-23,,2024-03-24,-1.0
1710,DeepSeek,water use,2024-01-24,,2024-02-23,-1.0
1711,DeepSeek,water use,2024-05-23,,2024-06-22,-1.0
1712,DeepSeek,water use,2023-10-26,,2023-11-25,-1.0
1713,DeepSeek,water use,2023-11-25,,2023-12-25,-1.0
1714,DeepSeek,water use,2023-09-26,,2023-10-26,-1.0
1715,DeepSeek,water use,2023-12-25,,2024-01-24,-1.0
1716,DeepSeek,water usage,2025-02-17,,2025-03-19,-1.0
1717,DeepSeek,water usage,2025-01-18,,2025-02-17,-1.0
1718,DeepSeek,water usage,2024-12-19,,2025-01-18,-1.0
1719,DeepSeek,water usage,2025-05-18,,2025-06-17,-1.0
1720,DeepSeek,water usage,2025-04-18,,2025-05-18,-1.0
1721,DeepSeek,water usage,2025-03-19,,2025-04-18,-1.0
1722,DeepSeek,water usage,2024-09-20,,2024-10-20,-1.0
1723,DeepSeek,water usage,2024-08-21,,2024-09-20,-1.0
1724,DeepSeek,water usage,2024-07-22,,2024-08-21,-1.0
1725,DeepSeek,water usage,2024-11-19,,2024-12-19,-1.0
1726,DeepSeek,water usage,2024-10-20,,2024-11-19,-1.0
1727,DeepSeek,water usage,2025-12-14,,2026-01-13,-1.0
1728,DeepSeek,water usage,2025-11-14,,2025-12-14,-1.0
1729,DeepSeek,water usage,2025-10-15,,2025-11-14,-1.0
1730,DeepSeek,water footprint,2022-11-30,,2022-12-30,-1.0
1731,DeepSeek,water usage,2026-01-13,,2026-02-12,-1.0
1732,DeepSeek,water usage,2025-07-17,,2025-08-16,-1.0
1733,DeepSeek,water usage,2025-06-17,,2025-07-17,-1.0
1734,DeepSeek,water usage,2025-09-15,,2025-10-15,-1.0
1735,DeepSeek,water usage,2025-08-16,,2025-09-15,-1.0
1736,DeepSeek,water usage,2023-06-28,,2023-07-28,-1.0
1737,DeepSeek,water usage,2023-05-29,,2023-06-28,-1.0
1738,DeepSeek,water usage,2023-07-28,,2023-08-27,-1.0
1739,DeepSeek,water usage,2023-04-29,,2023-05-29,-1.0
1740,DeepSeek,water usage,2023-09-26,,2023-10-26,-1.0
1741,DeepSeek,water usage,2023-08-27,,2023-09-26,-1.0
1742,DeepSeek,water usage,2023-01-29,,2023-02-28,-1.0
1743,DeepSeek,water usage,2022-12-30,,2023-01-29,-1.0
1744,DeepSeek,water usage,2023-02-28,,2023-03-30,-1.0
1745,DeepSeek,water usage,2023-03-30,,2023-04-29,-1.0
1746,DeepSeek,water usage,2024-04-23,,2024-05-23,-1.0
1747,DeepSeek,water usage,2024-03-24,,2024-04-23,-1.0
1748,DeepSeek,water usage,2024-02-23,,2024-03-24,-1.0
1749,DeepSeek,water usage,2024-06-22,,2024-07-22,-1.0
1750,DeepSeek,water usage,2024-05-23,,2024-06-22,-1.0
1751,DeepSeek,water usage,2023-11-25,,2023-12-25,-1.0
1752,DeepSeek,water usage,2023-10-26,,2023-11-25,-1.0
1753,DeepSeek,water usage,2023-12-25,,2024-01-24,-1.0
1754,DeepSeek,water usage,2024-01-24,,2024-02-23,-1.0
1755,DeepSeek,water cost,2025-05-18,,2025-06-17,-1.0
1756,DeepSeek,water cost,2025-04-18,,2025-05-18,-1.0
1757,DeepSeek,water cost,2025-03-19,,2025-04-18,-1.0
1758,DeepSeek,water cost,2025-07-17,,2025-08-16,-1.0
1759,DeepSeek,water cost,2025-08-16,,2025-09-15,-1.0
1760,DeepSeek,water cost,2025-06-17,,2025-07-17,-1.0
1761,DeepSeek,water cost,2024-12-19,,2025-01-18,-1.0
1762,DeepSeek,water cost,2024-11-19,,2024-12-19,-1.0
1763,DeepSeek,water cost,2024-10-20,,2024-11-19,-1.0
1764,DeepSeek,water cost,2025-02-17,,2025-03-19,-1.0
1765,DeepSeek,water cost,2025-01-18,,2025-02-17,-1.0
1766,DeepSeek,sustainability,2022-12-30,,2023-01-29,-1.0
1767,DeepSeek,sustainability,2022-11-30,,2022-12-30,-1.0
1768,DeepSeek,water cost,2026-01-13,,2026-02-12,-1.0
1769,DeepSeek,sustainability,2023-02-28,,2023-03-30,-1.0
1770,DeepSeek,sustainability,2023-03-30,,2023-04-29,-1.0
1771,DeepSeek,sustainability,2023-01-29,,2023-02-28,-1.0
1772,DeepSeek,water cost,2025-10-15,,2025-11-14,-1.0
1773,DeepSeek,water cost,2025-09-15,,2025-10-15,-1.0
1774,DeepSeek,water cost,2025-12-14,,2026-01-13,-1.0
1775,DeepSeek,water cost,2025-11-14,,2025-12-14,-1.0
1776,DeepSeek,water cost,2023-09-26,,2023-10-26,-1.0
1777,DeepSeek,water cost,2023-08-27,,2023-09-26,-1.0
1778,DeepSeek,water cost,2023-10-26,,2023-11-25,-1.0
1779,DeepSeek,water cost,2023-07-28,,2023-08-27,-1.0
1780,DeepSeek,water cost,2023-12-25,,2024-01-24,-1.0
1781,DeepSeek,water cost,2023-11-25,,2023-12-25,-1.0
1782,DeepSeek,water cost,2023-04-29,,2023-05-29,-1.0
1783,DeepSeek,water cost,2023-03-30,,2023-04-29,-1.0
1784,DeepSeek,water cost,2023-05-29,,2023-06-28,-1.0
1785,DeepSeek,water cost,2023-02-28,,2023-03-30,-1.0
1786,DeepSeek,water cost,2023-06-28,,2023-07-28,-1.0
1787,DeepSeek,water cost,2024-07-22,,2024-08-21,-1.0
1788,DeepSeek,water cost,2024-06-22,,2024-07-22,-1.0
1789,DeepSeek,water cost,2024-08-21,,2024-09-20,-1.0
1790,DeepSeek,water cost,2024-05-23,,2024-06-22,-1.0
1791,DeepSeek,water cost,2024-09-20,,2024-10-20,-1.0
1792,DeepSeek,water cost,2024-02-23,,2024-03-24,-1.0
1793,DeepSeek,water cost,2024-01-24,,2024-02-23,-1.0
1794,DeepSeek,water cost,2024-03-24,,2024-04-23,-1.0
1795,DeepSeek,water cost,2024-04-23,,2024-05-23,-1.0
1796,DeepSeek,sustainability,2025-05-18,,2025-06-17,-1.0
1797,DeepSeek,sustainability,2025-06-17,,2025-07-17,-1.0
1798,DeepSeek,sustainability,2025-04-18,,2025-05-18,-1.0
1799,DeepSeek,sustainability,2025-09-15,,2025-10-15,-1.0
1800,DeepSeek,sustainability,2025-08-16,,2025-09-15,-1.0
1801,DeepSeek,sustainability,2025-07-17,,2025-08-16,-1.0
1802,DeepSeek,sustainability,2024-12-19,,2025-01-18,-1.0
1803,DeepSeek,sustainability,2025-01-18,,2025-02-17,-1.0
1804,DeepSeek,sustainability,2024-11-19,,2024-12-19,-1.0
1805,DeepSeek,sustainability,2025-03-19,,2025-04-18,-1.0
1806,DeepSeek,sustainability,2025-02-17,,2025-03-19,-1.0
1807,DeepSeek,environment footprint,2022-12-30,,2023-01-29,-1.0
1808,DeepSeek,environment footprint,2023-01-29,,2023-02-28,-1.0
1809,DeepSeek,environment footprint,2022-11-30,,2022-12-30,-1.0
1810,DeepSeek,environment footprint,2023-02-28,,2023-03-30,-1.0
1811,DeepSeek,sustainability,2026-01-13,,2026-02-12,-1.0
1812,DeepSeek,sustainability,2025-10-15,,2025-11-14,-1.0
1813,DeepSeek,sustainability,2025-11-14,,2025-12-14,-1.0
1814,DeepSeek,sustainability,2025-12-14,,2026-01-13,-1.0
1815,DeepSeek,sustainability,2023-09-26,,2023-10-26,-1.0
1816,DeepSeek,sustainability,2023-10-26,,2023-11-25,-1.0
1817,DeepSeek,sustainability,2023-08-27,,2023-09-26,-1.0
1818,DeepSeek,sustainability,2024-01-24,,2024-02-23,-1.0
1819,DeepSeek,sustainability,2023-12-25,,2024-01-24,-1.0
1820,DeepSeek,sustainability,2023-11-25,,2023-12-25,-1.0
1821,DeepSeek,sustainability,2023-05-29,,2023-06-28,-1.0
1822,DeepSeek,sustainability,2023-04-29,,2023-05-29,-1.0
1823,DeepSeek,sustainability,2023-07-28,,2023-08-27,-1.0
1824,DeepSeek,sustainability,2023-06-28,,2023-07-28,-1.0
1825,DeepSeek,sustainability,2024-07-22,,2024-08-21,-1.0
1826,DeepSeek,sustainability,2024-08-21,,2024-09-20,-1.0
1827,DeepSeek,sustainability,2024-06-22,,2024-07-22,-1.0
1828,DeepSeek,sustainability,2024-10-20,,2024-11-19,-1.0
1829,DeepSeek,sustainability,2024-09-20,,2024-10-20,-1.0
1830,DeepSeek,sustainability,2024-02-23,,2024-03-24,-1.0
1831,DeepSeek,sustainability,2024-03-24,,2024-04-23,-1.0
1832,DeepSeek,sustainability,2024-05-23,,2024-06-22,-1.0
1833,DeepSeek,sustainability,2024-04-23,,2024-05-23,-1.0
1834,DeepSeek,water effect,2025-03-19,,2025-04-18,-1.0
1835,DeepSeek,water effect,2025-04-18,,2025-05-18,-1.0
1836,DeepSeek,water effect,2025-02-17,,2025-03-19,-1.0
1837,DeepSeek,water effect,2025-07-17,,2025-08-16,-1.0
1838,DeepSeek,water effect,2025-06-17,,2025-07-17,-1.0
1839,DeepSeek,water effect,2025-05-18,,2025-06-17,-1.0
1840,DeepSeek,water effect,2024-10-20,,2024-11-19,-1.0
1841,DeepSeek,water effect,2024-11-19,,2024-12-19,-1.0
1842,DeepSeek,water effect,2024-09-20,,2024-10-20,-1.0
1843,DeepSeek,water effect,2025-01-18,,2025-02-17,-1.0
1844,DeepSeek,water effect,2024-12-19,,2025-01-18,-1.0
1845,DeepSeek,water effect,2026-01-13,,2026-02-12,-1.0
1846,DeepSeek,water harm,2022-11-30,,2022-12-30,-1.0
1847,DeepSeek,water effect,2025-12-14,,2026-01-13,-1.0
1848,DeepSeek,water harm,2023-01-29,,2023-02-28,-1.0
1849,DeepSeek,water harm,2022-12-30,,2023-01-29,-1.0
1850,DeepSeek,water harm,2023-02-28,,2023-03-30,-1.0
1851,DeepSeek,water effect,2025-08-16,,2025-09-15,-1.0
1852,DeepSeek,water effect,2025-09-15,,2025-10-15,-1.0
1853,DeepSeek,water effect,2025-11-14,,2025-12-14,-1.0
1854,DeepSeek,water effect,2025-10-15,,2025-11-14,-1.0
1855,DeepSeek,water effect,2023-08-27,,2023-09-26,-1.0
1856,DeepSeek,water effect,2023-07-28,,2023-08-27,-1.0
1857,DeepSeek,water effect,2023-06-28,,2023-07-28,-1.0
1858,DeepSeek,water effect,2023-11-25,,2023-12-25,-1.0
1859,DeepSeek,water effect,2023-10-26,,2023-11-25,-1.0
1860,DeepSeek,water effect,2023-09-26,,2023-10-26,-1.0
1861,DeepSeek,water effect,2023-03-30,,2023-04-29,-1.0
1862,DeepSeek,water effect,2023-02-28,,2023-03-30,-1.0
1863,DeepSeek,water effect,2023-05-29,,2023-06-28,-1.0
1864,DeepSeek,water effect,2023-04-29,,2023-05-29,-1.0
1865,DeepSeek,water effect,2024-06-22,,2024-07-22,-1.0
1866,DeepSeek,water effect,2024-05-23,,2024-06-22,-1.0
1867,DeepSeek,water effect,2024-04-23,,2024-05-23,-1.0
1868,DeepSeek,water effect,2024-08-21,,2024-09-20,-1.0
1869,DeepSeek,water effect,2024-07-22,,2024-08-21,-1.0
1870,DeepSeek,water effect,2024-01-24,,2024-02-23,-1.0
1871,DeepSeek,water effect,2023-12-25,,2024-01-24,-1.0
1872,DeepSeek,water effect,2024-03-24,,2024-04-23,-1.0
1873,DeepSeek,water effect,2024-02-23,,2024-03-24,-1.0
1874,DeepSeek,water harm,2025-04-18,,2025-05-18,-1.0
1875,DeepSeek,water harm,2025-05-18,,2025-06-17,-1.0
1876,DeepSeek,water harm,2025-03-19,,2025-04-18,-1.0
1877,DeepSeek,water harm,2025-02-17,,2025-03-19,-1.0
1878,DeepSeek,water harm,2025-07-17,,2025-08-16,-1.0
1879,DeepSeek,water harm,2025-06-17,,2025-07-17,-1.0
1880,DeepSeek,water harm,2024-11-19,,2024-12-19,-1.0
1881,DeepSeek,water harm,2024-12-19,,2025-01-18,-1.0
1882,DeepSeek,water harm,2024-10-20,,2024-11-19,-1.0
1883,DeepSeek,water harm,2024-09-20,,2024-10-20,-1.0
1884,DeepSeek,water harm,2025-01-18,,2025-02-17,-1.0
1885,DeepSeek,water cost,2022-11-30,,2022-12-30,-1.0
1886,DeepSeek,water harm,2026-01-13,,2026-02-12,-1.0
1887,DeepSeek,water cost,2022-12-30,,2023-01-29,-1.0
1888,DeepSeek,water harm,2025-12-14,,2026-01-13,-1.0
1889,DeepSeek,water cost,2023-01-29,,2023-02-28,-1.0
1890,DeepSeek,water harm,2025-09-15,,2025-10-15,-1.0
1891,DeepSeek,water harm,2025-10-15,,2025-11-14,-1.0
1892,DeepSeek,water harm,2025-08-16,,2025-09-15,-1.0
1893,DeepSeek,water harm,2025-11-14,,2025-12-14,-1.0
1894,DeepSeek,water harm,2023-08-27,,2023-09-26,-1.0
1895,DeepSeek,water harm,2023-09-26,,2023-10-26,-1.0
1896,DeepSeek,water harm,2023-07-28,,2023-08-27,-1.0
1897,DeepSeek,water harm,2023-11-25,,2023-12-25,-1.0
1898,DeepSeek,water harm,2023-10-26,,2023-11-25,-1.0
1899,DeepSeek,water harm,2023-03-30,,2023-04-29,-1.0
1900,DeepSeek,water harm,2023-04-29,,2023-05-29,-1.0
1901,DeepSeek,water harm,2023-06-28,,2023-07-28,-1.0
1902,DeepSeek,water harm,2023-05-29,,2023-06-28,-1.0
1903,DeepSeek,water harm,2023-12-25,,2024-01-24,-1.0
1904,DeepSeek,water harm,2024-06-22,,2024-07-22,-1.0
1905,DeepSeek,water harm,2024-07-22,,2024-08-21,-1.0
1906,DeepSeek,water harm,2024-05-23,,2024-06-22,-1.0
1907,DeepSeek,water harm,2024-04-23,,2024-05-23,-1.0
1908,DeepSeek,water harm,2024-08-21,,2024-09-20,-1.0
1909,DeepSeek,water harm,2024-01-24,,2024-02-23,-1.0
1910,DeepSeek,water harm,2024-02-23,,2024-03-24,-1.0
1911,DeepSeek,water harm,2024-03-24,,2024-04-23,-1.0
1912,Gemini,water usage,2023-02-28,,2023-03-30,-1.0
1913,Gemini,water usage,2023-01-29,,2023-02-28,-1.0
1914,Gemini,water usage,2023-03-30,,2023-04-29,-1.0
1915,Gemini,water usage,2022-12-30,,2023-01-29,-1.0
1916,Gemini,water usage,2023-04-29,,2023-05-29,-1.0
1917,Gemini,water usage,2023-05-29,,2023-06-28,-1.0
1918,Gemini,water footprint,2024-04-23,,2024-05-23,-1.0
1919,Gemini,water use,2025-12-14,,2026-01-13,-1.0
1920,Gemini,water use,2025-11-14,,2025-12-14,-1.0
1921,Gemini,water use,2026-01-13,,2026-02-12,-1.0
1922,Gemini,water use,2025-10-15,,2025-11-14,-1.0
1923,Gemini,water usage,2022-11-30,,2022-12-30,-1.0
1924,Gemini,water usage,2023-12-25,,2024-01-24,-1.0
1925,Gemini,water usage,2023-11-25,,2023-12-25,-1.0
1926,Gemini,water usage,2024-01-24,,2024-02-23,-1.0
1927,Gemini,water usage,2023-10-26,,2023-11-25,-1.0
1928,Gemini,water usage,2024-02-23,,2024-03-24,-1.0
1929,Gemini,water usage,2024-03-24,,2024-04-23,-1.0
1930,Gemini,water usage,2023-07-28,,2023-08-27,-1.0
1931,Gemini,water usage,2023-06-28,,2023-07-28,-1.0
1932,Gemini,water usage,2023-08-27,,2023-09-26,-1.0
1933,Gemini,water usage,2023-09-26,,2023-10-26,-1.0
1934,Gemini,water use,2024-09-20,,2024-10-20,-1.0
1935,Gemini,water use,2024-10-20,,2024-11-19,-1.0
1936,Gemini,water use,2024-08-21,,2024-09-20,-1.0
1937,Gemini,water use,2024-07-22,,2024-08-21,-1.0
1938,Gemini,water use,2024-12-19,,2025-01-18,-1.0
1939,Gemini,water use,2024-11-19,,2024-12-19,-1.0
1940,Gemini,water use,2024-04-23,,2024-05-23,-1.0
1941,Gemini,water use,2024-05-23,,2024-06-22,-1.0
1942,Gemini,water use,2024-03-24,,2024-04-23,-1.0
1943,Gemini,water use,2024-02-23,,2024-03-24,-1.0
1944,Gemini,water use,2024-06-22,,2024-07-22,-1.0
1945,Gemini,water use,2025-07-17,,2025-08-16,-1.0
1946,Gemini,water use,2025-06-17,,2025-07-17,-1.0
1947,Gemini,water use,2025-08-16,,2025-09-15,-1.0
1948,Gemini,water use,2025-05-18,,2025-06-17,-1.0
1949,Gemini,water use,2025-09-15,,2025-10-15,-1.0
1950,Gemini,water use,2025-02-17,,2025-03-19,-1.0
1951,Gemini,water use,2025-03-19,,2025-04-18,-1.0
1952,Gemini,water use,2025-01-18,,2025-02-17,-1.0
1953,Gemini,water use,2025-04-18,,2025-05-18,-1.0
1954,Gemini,water footprint,2023-02-28,,2023-03-30,-1.0
1955,Gemini,water footprint,2023-03-30,,2023-04-29,-1.0
1956,Gemini,water footprint,2023-01-29,,2023-02-28,-1.0
1957,Gemini,water footprint,2023-06-28,,2023-07-28,-1.0
1958,Gemini,water footprint,2023-05-29,,2023-06-28,-1.0
1959,Gemini,water footprint,2023-04-29,,2023-05-29,-1.0
1960,Gemini,water usage,2026-01-13,,2026-02-12,-1.0
1961,Gemini,water usage,2025-12-14,,2026-01-13,-1.0
1962,Gemini,water usage,2025-11-14,,2025-12-14,-1.0
1963,Gemini,water footprint,2022-12-30,,2023-01-29,-1.0
1964,Gemini,water footprint,2022-11-30,,2022-12-30,-1.0
1965,Gemini,water footprint,2023-12-25,,2024-01-24,-1.0
1966,Gemini,water footprint,2024-01-24,,2024-02-23,-1.0
1967,Gemini,water footprint,2023-11-25,,2023-12-25,-1.0
1968,Gemini,water footprint,2024-03-24,,2024-04-23,-1.0
1969,Gemini,water footprint,2024-02-23,,2024-03-24,-1.0
1970,Gemini,water footprint,2023-07-28,,2023-08-27,-1.0
1971,Gemini,water footprint,2023-08-27,,2023-09-26,-1.0
1972,Gemini,water footprint,2023-10-26,,2023-11-25,-1.0
1973,Gemini,water footprint,2023-09-26,,2023-10-26,-1.0
1974,Gemini,water usage,2024-10-20,,2024-11-19,-1.0
1975,Gemini,water usage,2024-09-20,,2024-10-20,-1.0
1976,Gemini,water usage,2024-08-21,,2024-09-20,-1.0
1977,Gemini,water usage,2025-01-18,,2025-02-17,-1.0
1978,Gemini,water usage,2024-12-19,,2025-01-18,-1.0
1979,Gemini,water usage,2024-11-19,,2024-12-19,-1.0
1980,Gemini,water usage,2024-05-23,,2024-06-22,-1.0
1981,Gemini,water usage,2024-04-23,,2024-05-23,-1.0
1982,Gemini,water usage,2024-07-22,,2024-08-21,-1.0
1983,Gemini,water usage,2024-06-22,,2024-07-22,-1.0
1984,Gemini,water usage,2025-08-16,,2025-09-15,-1.0
1985,Gemini,water usage,2025-07-17,,2025-08-16,-1.0
1986,Gemini,water usage,2025-06-17,,2025-07-17,-1.0
1987,Gemini,water usage,2025-10-15,,2025-11-14,-1.0
1988,Gemini,water usage,2025-09-15,,2025-10-15,-1.0
1989,Gemini,water usage,2025-03-19,,2025-04-18,-1.0
1990,Gemini,water usage,2025-02-17,,2025-03-19,-1.0
1991,Gemini,water usage,2025-05-18,,2025-06-17,-1.0
1992,Gemini,water usage,2025-04-18,,2025-05-18,-1.0
1993,DeepSeek,carbon footprint,2023-01-29,,2023-02-28,-1.0
1994,DeepSeek,carbon footprint,2022-12-30,,2023-01-29,-1.0
1995,DeepSeek,carbon footprint,2022-11-30,,2022-12-30,-1.0
1996,DeepSeek,carbon footprint,2023-04-29,,2023-05-29,-1.0
1997,DeepSeek,carbon footprint,2023-03-30,,2023-04-29,-1.0
1998,DeepSeek,carbon footprint,2023-02-28,,2023-03-30,-1.0
1999,DeepSeek,carbon imapct,2025-11-14,,2025-12-14,-1.0
2000,DeepSeek,carbon imapct,2025-10-15,,2025-11-14,-1.0
2001,DeepSeek,carbon imapct,2025-09-15,,2025-10-15,-1.0
2002,DeepSeek,carbon imapct,2026-01-13,,2026-02-12,-1.0
2003,DeepSeek,carbon imapct,2025-12-14,,2026-01-13,-1.0
2004,DeepSeek,carbon footprint,2023-11-25,,2023-12-25,-1.0
2005,DeepSeek,carbon footprint,2023-10-26,,2023-11-25,-1.0
2006,DeepSeek,carbon footprint,2023-09-26,,2023-10-26,-1.0
2007,DeepSeek,carbon footprint,2024-01-24,,2024-02-23,-1.0
2008,DeepSeek,carbon footprint,2024-02-23,,2024-03-24,-1.0
2009,DeepSeek,carbon footprint,2023-12-25,,2024-01-24,-1.0
2010,DeepSeek,carbon footprint,2023-06-28,,2023-07-28,-1.0
2011,DeepSeek,carbon footprint,2023-05-29,,2023-06-28,-1.0
2012,DeepSeek,carbon footprint,2023-08-27,,2023-09-26,-1.0
2013,DeepSeek,carbon footprint,2023-07-28,,2023-08-27,-1.0
2014,DeepSeek,carbon imapct,2024-08-21,,2024-09-20,-1.0
2015,DeepSeek,carbon imapct,2024-07-22,,2024-08-21,-1.0
2016,DeepSeek,carbon imapct,2024-09-20,,2024-10-20,-1.0
2017,DeepSeek,carbon imapct,2024-06-22,,2024-07-22,-1.0
2018,DeepSeek,carbon imapct,2024-11-19,,2024-12-19,-1.0
2019,DeepSeek,carbon imapct,2024-10-20,,2024-11-19,-1.0
2020,DeepSeek,carbon imapct,2024-03-24,,2024-04-23,-1.0
2021,DeepSeek,carbon imapct,2024-02-23,,2024-03-24,-1.0
2022,DeepSeek,carbon imapct,2024-04-23,,2024-05-23,-1.0
2023,DeepSeek,carbon imapct,2024-01-24,,2024-02-23,-1.0
2024,DeepSeek,carbon imapct,2024-05-23,,2024-06-22,-1.0
2025,DeepSeek,carbon imapct,2025-06-17,,2025-07-17,-1.0
2026,DeepSeek,carbon imapct,2025-05-18,,2025-06-17,-1.0
2027,DeepSeek,carbon imapct,2025-04-18,,2025-05-18,-1.0
2028,DeepSeek,carbon imapct,2025-07-17,,2025-08-16,-1.0
2029,DeepSeek,carbon imapct,2025-08-16,,2025-09-15,-1.0
2030,DeepSeek,carbon imapct,2025-01-18,,2025-02-17,-1.0
2031,DeepSeek,carbon imapct,2024-12-19,,2025-01-18,-1.0
2032,DeepSeek,carbon imapct,2025-02-17,,2025-03-19,-1.0
2033,DeepSeek,carbon imapct,2025-03-19,,2025-04-18,-1.0
2034,Gemini,water use,2023-01-29,,2023-02-28,-1.0
2035,Gemini,water use,2023-02-28,,2023-03-30,-1.0
2036,Gemini,water use,2022-12-30,,2023-01-29,-1.0
2037,Gemini,water use,2023-04-29,,2023-05-29,-1.0
2038,Gemini,water use,2023-03-30,,2023-04-29,-1.0
2039,DeepSeek,carbon footprint,2025-11-14,,2025-12-14,-1.0
2040,DeepSeek,carbon footprint,2025-12-14,,2026-01-13,-1.0
2041,DeepSeek,carbon footprint,2025-10-15,,2025-11-14,-1.0
2042,Gemini,water use,2022-11-30,,2022-12-30,-1.0
2043,DeepSeek,carbon footprint,2026-01-13,,2026-02-12,-1.0
2044,Gemini,water use,2023-11-25,,2023-12-25,-1.0
2045,Gemini,water use,2023-12-25,,2024-01-24,-1.0
2046,Gemini,water use,2023-10-26,,2023-11-25,-1.0
2047,Gemini,water use,2023-09-26,,2023-10-26,-1.0
2048,Gemini,water use,2023-05-29,,2023-06-28,-1.0
2049,Gemini,water use,2024-01-24,,2024-02-23,-1.0
2050,Gemini,water use,2023-06-28,,2023-07-28,-1.0
2051,Gemini,water use,2023-07-28,,2023-08-27,-1.0
2052,Gemini,water use,2023-08-27,,2023-09-26,-1.0
2053,DeepSeek,carbon footprint,2024-08-21,,2024-09-20,-1.0
2054,DeepSeek,carbon footprint,2024-09-20,,2024-10-20,-1.0
2055,DeepSeek,carbon footprint,2024-07-22,,2024-08-21,-1.0
2056,DeepSeek,carbon footprint,2024-12-19,,2025-01-18,-1.0
2057,DeepSeek,carbon footprint,2024-11-19,,2024-12-19,-1.0
2058,DeepSeek,carbon footprint,2024-10-20,,2024-11-19,-1.0
2059,DeepSeek,carbon footprint,2024-03-24,,2024-04-23,-1.0
2060,DeepSeek,carbon footprint,2024-04-23,,2024-05-23,-1.0
2061,DeepSeek,carbon footprint,2024-06-22,,2024-07-22,-1.0
2062,DeepSeek,carbon footprint,2024-05-23,,2024-06-22,-1.0
2063,DeepSeek,carbon footprint,2025-06-17,,2025-07-17,-1.0
2064,DeepSeek,carbon footprint,2025-07-17,,2025-08-16,-1.0
2065,DeepSeek,carbon footprint,2025-05-18,,2025-06-17,-1.0
2066,DeepSeek,carbon footprint,2025-09-15,,2025-10-15,-1.0
2067,DeepSeek,carbon footprint,2025-08-16,,2025-09-15,-1.0
2068,DeepSeek,carbon footprint,2025-01-18,,2025-02-17,-1.0
2069,DeepSeek,carbon footprint,2025-02-17,,2025-03-19,-1.0
2070,DeepSeek,carbon footprint,2025-04-18,,2025-05-18,-1.0
2071,DeepSeek,carbon footprint,2025-03-19,,2025-04-18,-1.0
2072,Gemini,water harm,2023-04-29,,2023-05-29,-1.0
2073,Gemini,water harm,2023-05-29,,2023-06-28,-1.0
2074,Gemini,water harm,2023-03-30,,2023-04-29,-1.0
2075,Gemini,water harm,2023-07-28,,2023-08-27,-1.0
2076,Gemini,water harm,2023-06-28,,2023-07-28,-1.0
2077,Gemini,water harm,2023-08-27,,2023-09-26,-1.0
2078,Gemini,water harm,2022-11-30,,2022-12-30,-1.0
2079,Gemini,water harm,2022-12-30,,2023-01-29,-1.0
2080,Gemini,water effect,2026-01-13,,2026-02-12,-1.0
2081,Gemini,water harm,2023-02-28,,2023-03-30,-1.0
2082,Gemini,water harm,2023-01-29,,2023-02-28,-1.0
2083,Gemini,water harm,2024-02-23,,2024-03-24,-1.0
2084,Gemini,water harm,2024-03-24,,2024-04-23,-1.0
2085,Gemini,water harm,2024-01-24,,2024-02-23,-1.0
2086,Gemini,water harm,2024-05-23,,2024-06-22,-1.0
2087,Gemini,water harm,2024-04-23,,2024-05-23,-1.0
2088,Gemini,water harm,2023-12-25,,2024-01-24,-1.0
2089,Gemini,water harm,2023-09-26,,2023-10-26,-1.0
2090,Gemini,water harm,2023-10-26,,2023-11-25,-1.0
2091,Gemini,water harm,2023-11-25,,2023-12-25,-1.0
2092,Gemini,water effect,2024-11-19,,2024-12-19,-1.0
2093,Gemini,water effect,2024-12-19,,2025-01-18,-1.0
2094,Gemini,water effect,2024-10-20,,2024-11-19,-1.0
2095,Gemini,water effect,2025-03-19,,2025-04-18,-1.0
2096,Gemini,water effect,2025-02-17,,2025-03-19,-1.0
2097,Gemini,water effect,2025-01-18,,2025-02-17,-1.0
2098,Gemini,water effect,2024-07-22,,2024-08-21,-1.0
2099,Gemini,water effect,2024-06-22,,2024-07-22,-1.0
2100,Gemini,water effect,2024-05-23,,2024-06-22,-1.0
2101,Gemini,water effect,2024-09-20,,2024-10-20,-1.0
2102,Gemini,water effect,2024-08-21,,2024-09-20,-1.0
2103,Gemini,water effect,2025-09-15,,2025-10-15,-1.0
2104,Gemini,water effect,2025-10-15,,2025-11-14,-1.0
2105,Gemini,water effect,2025-08-16,,2025-09-15,-1.0
2106,Gemini,water effect,2025-12-14,,2026-01-13,-1.0
2107,Gemini,water effect,2025-11-14,,2025-12-14,-1.0
2108,Gemini,water effect,2025-04-18,,2025-05-18,-1.0
2109,Gemini,water effect,2025-05-18,,2025-06-17,-1.0
2110,Gemini,water effect,2025-07-17,,2025-08-16,-1.0
2111,Gemini,water effect,2025-06-17,,2025-07-17,-1.0
2112,Gemini,water cost,2023-05-29,,2023-06-28,-1.0
2113,Gemini,water cost,2023-04-29,,2023-05-29,-1.0
2114,Gemini,water cost,2023-06-28,,2023-07-28,-1.0
2115,Gemini,water cost,2023-03-30,,2023-04-29,-1.0
2116,Gemini,water cost,2023-08-27,,2023-09-26,-1.0
2117,Gemini,water cost,2023-07-28,,2023-08-27,-1.0
2118,Gemini,water cost,2022-12-30,,2023-01-29,-1.0
2119,Gemini,water cost,2022-11-30,,2022-12-30,-1.0
2120,Gemini,water cost,2023-01-29,,2023-02-28,-1.0
2121,Gemini,water harm,2026-01-13,,2026-02-12,-1.0
2122,Gemini,water cost,2023-02-28,,2023-03-30,-1.0
2123,Gemini,water cost,2024-03-24,,2024-04-23,-1.0
2124,Gemini,water cost,2024-02-23,,2024-03-24,-1.0
2125,Gemini,water cost,2024-04-23,,2024-05-23,-1.0
2126,Gemini,water cost,2024-01-24,,2024-02-23,-1.0
2127,Gemini,water cost,2024-05-23,,2024-06-22,-1.0
2128,Gemini,water cost,2023-10-26,,2023-11-25,-1.0
2129,Gemini,water cost,2023-09-26,,2023-10-26,-1.0
2130,Gemini,water cost,2023-11-25,,2023-12-25,-1.0
2131,Gemini,water cost,2023-12-25,,2024-01-24,-1.0
2132,Gemini,water harm,2024-12-19,,2025-01-18,-1.0
2133,Gemini,water harm,2025-01-18,,2025-02-17,-1.0
2134,Gemini,water harm,2024-11-19,,2024-12-19,-1.0
2135,Gemini,water harm,2024-10-20,,2024-11-19,-1.0
2136,Gemini,water harm,2025-03-19,,2025-04-18,-1.0
2137,Gemini,water harm,2025-02-17,,2025-03-19,-1.0
2138,Gemini,water harm,2024-07-22,,2024-08-21,-1.0
2139,Gemini,water harm,2024-08-21,,2024-09-20,-1.0
2140,Gemini,water harm,2024-06-22,,2024-07-22,-1.0
2141,Gemini,water harm,2024-09-20,,2024-10-20,-1.0
2142,Gemini,water harm,2025-10-15,,2025-11-14,-1.0
2143,Gemini,water harm,2025-11-14,,2025-12-14,-1.0
2144,Gemini,water harm,2025-09-15,,2025-10-15,-1.0
2145,Gemini,water harm,2025-08-16,,2025-09-15,-1.0
2146,Gemini,water harm,2025-12-14,,2026-01-13,-1.0
2147,Gemini,water harm,2025-05-18,,2025-06-17,-1.0
2148,Gemini,water harm,2025-06-17,,2025-07-17,-1.0
2149,Gemini,water harm,2025-04-18,,2025-05-18,-1.0
2150,Gemini,water harm,2025-07-17,,2025-08-16,-1.0
2151,Gemini,water impact,2023-03-30,,2023-04-29,-1.0
2152,Gemini,water impact,2023-04-29,,2023-05-29,-1.0
2153,Gemini,water impact,2023-02-28,,2023-03-30,-1.0
2154,Gemini,water impact,2023-01-29,,2023-02-28,-1.0
2155,Gemini,water impact,2023-06-28,,2023-07-28,-1.0
2156,Gemini,water impact,2023-05-29,,2023-06-28,-1.0
2157,Gemini,water footprint,2026-01-13,,2026-02-12,-1.0
2158,Gemini,water impact,2022-11-30,,2022-12-30,-1.0
2159,Gemini,water footprint,2025-12-14,,2026-01-13,-1.0
2160,Gemini,water footprint,2025-11-14,,2025-12-14,-1.0
2161,Gemini,water impact,2022-12-30,,2023-01-29,-1.0
2162,Gemini,water impact,2024-01-24,,2024-02-23,-1.0
2163,Gemini,water impact,2024-02-23,,2024-03-24,-1.0
2164,Gemini,water impact,2023-12-25,,2024-01-24,-1.0
2165,Gemini,water impact,2023-11-25,,2023-12-25,-1.0
2166,Gemini,water impact,2024-03-24,,2024-04-23,-1.0
2167,Gemini,water impact,2024-04-23,,2024-05-23,-1.0
2168,Gemini,water impact,2023-08-27,,2023-09-26,-1.0
2169,Gemini,water impact,2023-09-26,,2023-10-26,-1.0
2170,Gemini,water impact,2023-07-28,,2023-08-27,-1.0
2171,Gemini,water impact,2023-10-26,,2023-11-25,-1.0
2172,Gemini,water footprint,2024-10-20,,2024-11-19,-1.0
2173,Gemini,water footprint,2024-11-19,,2024-12-19,-1.0
2174,Gemini,water footprint,2024-09-20,,2024-10-20,-1.0
2175,Gemini,water footprint,2025-02-17,,2025-03-19,-1.0
2176,Gemini,water footprint,2025-01-18,,2025-02-17,-1.0
2177,Gemini,water footprint,2024-12-19,,2025-01-18,-1.0
2178,Gemini,water footprint,2024-05-23,,2024-06-22,-1.0
2179,Gemini,water footprint,2024-06-22,,2024-07-22,-1.0
2180,Gemini,water footprint,2024-08-21,,2024-09-20,-1.0
2181,Gemini,water footprint,2024-07-22,,2024-08-21,-1.0
2182,Gemini,water footprint,2025-08-16,,2025-09-15,-1.0
2183,Gemini,water footprint,2025-09-15,,2025-10-15,-1.0
2184,Gemini,water footprint,2025-07-17,,2025-08-16,-1.0
2185,Gemini,water footprint,2025-06-17,,2025-07-17,-1.0
2186,Gemini,water footprint,2025-10-15,,2025-11-14,-1.0
2187,Gemini,water footprint,2025-03-19,,2025-04-18,-1.0
2188,Gemini,water footprint,2025-04-18,,2025-05-18,-1.0
2189,Gemini,water footprint,2025-05-18,,2025-06-17,-1.0
2190,Gemini,water effect,2023-04-29,,2023-05-29,-1.0
2191,Gemini,water effect,2023-03-30,,2023-04-29,-1.0
2192,Gemini,water effect,2023-02-28,,2023-03-30,-1.0
2193,Gemini,water effect,2023-07-28,,2023-08-27,-1.0
2194,Gemini,water effect,2023-06-28,,2023-07-28,-1.0
2195,Gemini,water effect,2023-05-29,,2023-06-28,-1.0
2196,Gemini,water effect,2022-11-30,,2022-12-30,-1.0
2197,Gemini,water impact,2026-01-13,,2026-02-12,-1.0
2198,Gemini,water impact,2025-12-14,,2026-01-13,-1.0
2199,Gemini,water effect,2022-12-30,,2023-01-29,-1.0
2200,Gemini,water effect,2023-01-29,,2023-02-28,-1.0
2201,Gemini,water effect,2024-02-23,,2024-03-24,-1.0
2202,Gemini,water effect,2024-01-24,,2024-02-23,-1.0
2203,Gemini,water effect,2023-12-25,,2024-01-24,-1.0
2204,Gemini,water effect,2024-04-23,,2024-05-23,-1.0
2205,Gemini,water effect,2024-03-24,,2024-04-23,-1.0
2206,Gemini,water effect,2023-09-26,,2023-10-26,-1.0
2207,Gemini,water effect,2023-08-27,,2023-09-26,-1.0
2208,Gemini,water effect,2023-11-25,,2023-12-25,-1.0
2209,Gemini,water effect,2023-10-26,,2023-11-25,-1.0
2210,Gemini,water impact,2024-11-19,,2024-12-19,-1.0
2211,Gemini,water impact,2024-10-20,,2024-11-19,-1.0
2212,Gemini,water impact,2024-12-19,,2025-01-18,-1.0
2213,Gemini,water impact,2024-09-20,,2024-10-20,-1.0
2214,Gemini,water impact,2025-02-17,,2025-03-19,-1.0
2215,Gemini,water impact,2025-01-18,,2025-02-17,-1.0
2216,Gemini,water impact,2024-06-22,,2024-07-22,-1.0
2217,Gemini,water impact,2024-05-23,,2024-06-22,-1.0
2218,Gemini,water impact,2024-07-22,,2024-08-21,-1.0
2219,Gemini,water impact,2024-08-21,,2024-09-20,-1.0
2220,Gemini,water impact,2025-09-15,,2025-10-15,-1.0
2221,Gemini,water impact,2025-08-16,,2025-09-15,-1.0
2222,Gemini,water impact,2025-10-15,,2025-11-14,-1.0
2223,Gemini,water impact,2025-07-17,,2025-08-16,-1.0
2224,Gemini,water impact,2025-11-14,,2025-12-14,-1.0
2225,Gemini,water impact,2025-04-18,,2025-05-18,-1.0
2226,Gemini,water impact,2025-03-19,,2025-04-18,-1.0
2227,Gemini,water impact,2025-05-18,,2025-06-17,-1.0
2228,Gemini,water impact,2025-06-17,,2025-07-17,-1.0
2229,DeepSeek,energy usage,2025-12-14,,2026-01-13,-1.0
2230,DeepSeek,energy usage,2026-01-13,,2026-02-12,-1.0
2231,DeepSeek,energy usage,2025-11-14,,2025-12-14,-1.0
2232,DeepSeek,energy usage,2025-10-15,,2025-11-14,-1.0
2233,DeepSeek,energy footprint,2022-11-30,,2022-12-30,-1.0
2234,DeepSeek,energy footprint,2022-12-30,,2023-01-29,-1.0
2235,DeepSeek,energy impact,2023-11-25,,2023-12-25,-1.0
2236,DeepSeek,energy usage,2025-07-17,,2025-08-16,-1.0
2237,DeepSeek,energy usage,2025-08-16,,2025-09-15,-1.0
2238,DeepSeek,energy usage,2025-06-17,,2025-07-17,-1.0
2239,DeepSeek,energy usage,2025-05-18,,2025-06-17,-1.0
2240,DeepSeek,energy usage,2025-09-15,,2025-10-15,-1.0
2241,DeepSeek,energy footprint,2023-07-28,,2023-08-27,-1.0
2242,DeepSeek,energy footprint,2023-06-28,,2023-07-28,-1.0
2243,DeepSeek,energy footprint,2023-08-27,,2023-09-26,-1.0
2244,DeepSeek,energy footprint,2023-05-29,,2023-06-28,-1.0
2245,DeepSeek,energy footprint,2023-09-26,,2023-10-26,-1.0
2246,DeepSeek,energy footprint,2023-10-26,,2023-11-25,-1.0
2247,DeepSeek,energy footprint,2023-02-28,,2023-03-30,-1.0
2248,DeepSeek,energy footprint,2023-01-29,,2023-02-28,-1.0
2249,DeepSeek,energy footprint,2023-03-30,,2023-04-29,-1.0
2250,DeepSeek,energy footprint,2023-04-29,,2023-05-29,-1.0
2251,DeepSeek,energy usage,2024-04-23,,2024-05-23,-1.0
2252,DeepSeek,energy usage,2024-05-23,,2024-06-22,-1.0
2253,DeepSeek,energy usage,2024-03-24,,2024-04-23,-1.0
2254,DeepSeek,energy usage,2024-02-23,,2024-03-24,-1.0
2255,DeepSeek,energy usage,2024-07-22,,2024-08-21,-1.0
2256,DeepSeek,energy usage,2024-06-22,,2024-07-22,-1.0
2257,DeepSeek,energy usage,2023-11-25,,2023-12-25,-1.0
2258,DeepSeek,energy usage,2023-12-25,,2024-01-24,-1.0
2259,DeepSeek,energy usage,2023-10-26,,2023-11-25,-1.0
2260,DeepSeek,energy usage,2024-01-24,,2024-02-23,-1.0
2261,DeepSeek,energy usage,2025-02-17,,2025-03-19,-1.0
2262,DeepSeek,energy usage,2025-03-19,,2025-04-18,-1.0
2263,DeepSeek,energy usage,2025-01-18,,2025-02-17,-1.0
2264,DeepSeek,energy usage,2024-12-19,,2025-01-18,-1.0
2265,DeepSeek,energy usage,2025-04-18,,2025-05-18,-1.0
2266,DeepSeek,energy usage,2024-09-20,,2024-10-20,-1.0
2267,DeepSeek,energy usage,2024-10-20,,2024-11-19,-1.0
2268,DeepSeek,energy usage,2024-08-21,,2024-09-20,-1.0
2269,DeepSeek,energy usage,2024-11-19,,2024-12-19,-1.0
2270,DeepSeek,energy footprint,2026-01-13,,2026-02-12,-1.0
2271,DeepSeek,energy footprint,2025-12-14,,2026-01-13,-1.0
2272,DeepSeek,energy footprint,2025-11-14,,2025-12-14,-1.0
2273,DeepSeek,energy impact,2023-01-29,,2023-02-28,-1.0
2274,DeepSeek,energy impact,2022-12-30,,2023-01-29,-1.0
2275,DeepSeek,energy impact,2022-11-30,,2022-12-30,-1.0
2276,DeepSeek,energy footprint,2025-08-16,,2025-09-15,-1.0
2277,DeepSeek,energy footprint,2025-07-17,,2025-08-16,-1.0
2278,DeepSeek,energy footprint,2025-06-17,,2025-07-17,-1.0
2279,DeepSeek,energy footprint,2025-10-15,,2025-11-14,-1.0
2280,DeepSeek,energy footprint,2025-09-15,,2025-10-15,-1.0
2281,DeepSeek,energy impact,2023-07-28,,2023-08-27,-1.0
2282,DeepSeek,energy impact,2023-08-27,,2023-09-26,-1.0
2283,DeepSeek,energy impact,2023-06-28,,2023-07-28,-1.0
2284,DeepSeek,energy impact,2023-10-26,,2023-11-25,-1.0
2285,DeepSeek,energy impact,2023-09-26,,2023-10-26,-1.0
2286,DeepSeek,energy impact,2023-03-30,,2023-04-29,-1.0
2287,DeepSeek,energy impact,2023-02-28,,2023-03-30,-1.0
2288,DeepSeek,energy impact,2023-05-29,,2023-06-28,-1.0
2289,DeepSeek,energy impact,2023-04-29,,2023-05-29,-1.0
2290,DeepSeek,energy footprint,2024-05-23,,2024-06-22,-1.0
2291,DeepSeek,energy footprint,2024-04-23,,2024-05-23,-1.0
2292,DeepSeek,energy footprint,2024-06-22,,2024-07-22,-1.0
2293,DeepSeek,energy footprint,2024-03-24,,2024-04-23,-1.0
2294,DeepSeek,energy footprint,2024-08-21,,2024-09-20,-1.0
2295,DeepSeek,energy footprint,2024-07-22,,2024-08-21,-1.0
2296,DeepSeek,energy footprint,2023-12-25,,2024-01-24,-1.0
2297,DeepSeek,energy footprint,2023-11-25,,2023-12-25,-1.0
2298,DeepSeek,energy footprint,2024-01-24,,2024-02-23,-1.0
2299,DeepSeek,energy footprint,2024-02-23,,2024-03-24,-1.0
2300,DeepSeek,energy footprint,2025-03-19,,2025-04-18,-1.0
2301,DeepSeek,energy footprint,2025-02-17,,2025-03-19,-1.0
2302,DeepSeek,energy footprint,2025-01-18,,2025-02-17,-1.0
2303,DeepSeek,energy footprint,2025-05-18,,2025-06-17,-1.0
2304,DeepSeek,energy footprint,2025-04-18,,2025-05-18,-1.0
2305,DeepSeek,energy footprint,2024-10-20,,2024-11-19,-1.0
2306,DeepSeek,energy footprint,2024-09-20,,2024-10-20,-1.0
2307,DeepSeek,energy footprint,2024-11-19,,2024-12-19,-1.0
2308,DeepSeek,energy footprint,2024-12-19,,2025-01-18,-1.0
2309,DeepSeek,energy consumption,2025-11-14,,2025-12-14,-1.0
2310,DeepSeek,energy consumption,2025-10-15,,2025-11-14,-1.0
2311,DeepSeek,energy consumption,2025-12-14,,2026-01-13,-1.0
2312,DeepSeek,energy consumption,2025-09-15,,2025-10-15,-1.0
2313,DeepSeek,energy use,2022-11-30,,2022-12-30,-1.0
2314,DeepSeek,energy consumption,2026-01-13,,2026-02-12,-1.0
2315,DeepSeek,energy consumption,2025-06-17,,2025-07-17,-1.0
2316,DeepSeek,energy consumption,2025-05-18,,2025-06-17,-1.0
2317,DeepSeek,energy consumption,2025-07-17,,2025-08-16,-1.0
2318,DeepSeek,energy consumption,2025-04-18,,2025-05-18,-1.0
2319,DeepSeek,energy consumption,2025-08-16,,2025-09-15,-1.0
2320,DeepSeek,energy use,2023-06-28,,2023-07-28,-1.0
2321,DeepSeek,energy use,2023-05-29,,2023-06-28,-1.0
2322,DeepSeek,energy use,2023-04-29,,2023-05-29,-1.0
2323,DeepSeek,energy use,2023-08-27,,2023-09-26,-1.0
2324,DeepSeek,energy use,2023-09-26,,2023-10-26,-1.0
2325,DeepSeek,energy use,2023-07-28,,2023-08-27,-1.0
2326,DeepSeek,energy use,2023-01-29,,2023-02-28,-1.0
2327,DeepSeek,energy use,2022-12-30,,2023-01-29,-1.0
2328,DeepSeek,energy use,2023-03-30,,2023-04-29,-1.0
2329,DeepSeek,energy use,2023-02-28,,2023-03-30,-1.0
2330,DeepSeek,energy consumption,2024-03-24,,2024-04-23,-1.0
2331,DeepSeek,energy consumption,2024-02-23,,2024-03-24,-1.0
2332,DeepSeek,energy consumption,2024-04-23,,2024-05-23,-1.0
2333,DeepSeek,energy consumption,2024-01-24,,2024-02-23,-1.0
2334,DeepSeek,energy consumption,2024-06-22,,2024-07-22,-1.0
2335,DeepSeek,energy consumption,2024-05-23,,2024-06-22,-1.0
2336,DeepSeek,energy consumption,2023-10-26,,2023-11-25,-1.0
2337,DeepSeek,energy consumption,2023-11-25,,2023-12-25,-1.0
2338,DeepSeek,energy consumption,2023-09-26,,2023-10-26,-1.0
2339,DeepSeek,energy consumption,2023-12-25,,2024-01-24,-1.0
2340,DeepSeek,energy consumption,2025-01-18,,2025-02-17,-1.0
2341,DeepSeek,energy consumption,2024-12-19,,2025-01-18,-1.0
2342,DeepSeek,energy consumption,2025-02-17,,2025-03-19,-1.0
2343,DeepSeek,energy consumption,2024-11-19,,2024-12-19,-1.0
2344,DeepSeek,energy consumption,2025-03-19,,2025-04-18,-1.0
2345,DeepSeek,energy consumption,2024-08-21,,2024-09-20,-1.0
2346,DeepSeek,energy consumption,2024-07-22,,2024-08-21,-1.0
2347,DeepSeek,energy consumption,2024-09-20,,2024-10-20,-1.0
2348,DeepSeek,energy consumption,2024-10-20,,2024-11-19,-1.0
2349,DeepSeek,energy usage,2023-09-26,,2023-10-26,-1.0
2350,DeepSeek,energy use,2025-11-14,,2025-12-14,-1.0
2351,DeepSeek,energy use,2025-12-14,,2026-01-13,-1.0
2352,DeepSeek,energy use,2025-10-15,,2025-11-14,-1.0
2353,DeepSeek,energy usage,2022-12-30,,2023-01-29,-1.0
2354,DeepSeek,energy usage,2022-11-30,,2022-12-30,-1.0
2355,DeepSeek,energy use,2026-01-13,,2026-02-12,-1.0
2356,DeepSeek,energy use,2025-06-17,,2025-07-17,-1.0
2357,DeepSeek,energy use,2025-07-17,,2025-08-16,-1.0
2358,DeepSeek,energy use,2025-05-18,,2025-06-17,-1.0
2359,DeepSeek,energy use,2025-09-15,,2025-10-15,-1.0
2360,DeepSeek,energy use,2025-08-16,,2025-09-15,-1.0
2361,DeepSeek,energy usage,2023-06-28,,2023-07-28,-1.0
2362,DeepSeek,energy usage,2023-07-28,,2023-08-27,-1.0
2363,DeepSeek,energy usage,2023-05-29,,2023-06-28,-1.0
2364,DeepSeek,energy usage,2023-08-27,,2023-09-26,-1.0
2365,DeepSeek,energy usage,2023-01-29,,2023-02-28,-1.0
2366,DeepSeek,energy usage,2023-02-28,,2023-03-30,-1.0
2367,DeepSeek,energy usage,2023-04-29,,2023-05-29,-1.0
2368,DeepSeek,energy usage,2023-03-30,,2023-04-29,-1.0
2369,DeepSeek,energy use,2024-04-23,,2024-05-23,-1.0
2370,DeepSeek,energy use,2024-03-24,,2024-04-23,-1.0
2371,DeepSeek,energy use,2024-02-23,,2024-03-24,-1.0
2372,DeepSeek,energy use,2024-07-22,,2024-08-21,-1.0
2373,DeepSeek,energy use,2024-06-22,,2024-07-22,-1.0
2374,DeepSeek,energy use,2024-05-23,,2024-06-22,-1.0
2375,DeepSeek,energy use,2023-11-25,,2023-12-25,-1.0
2376,DeepSeek,energy use,2023-10-26,,2023-11-25,-1.0
2377,DeepSeek,energy use,2024-01-24,,2024-02-23,-1.0
2378,DeepSeek,energy use,2023-12-25,,2024-01-24,-1.0
2379,DeepSeek,energy use,2025-01-18,,2025-02-17,-1.0
2380,DeepSeek,energy use,2025-02-17,,2025-03-19,-1.0
2381,DeepSeek,energy use,2024-12-19,,2025-01-18,-1.0
2382,DeepSeek,energy use,2025-04-18,,2025-05-18,-1.0
2383,DeepSeek,energy use,2025-03-19,,2025-04-18,-1.0
2384,DeepSeek,energy use,2024-09-20,,2024-10-20,-1.0
2385,DeepSeek,energy use,2024-08-21,,2024-09-20,-1.0
2386,DeepSeek,energy use,2024-11-19,,2024-12-19,-1.0
2387,DeepSeek,energy use,2024-10-20,,2024-11-19,-1.0
2388,DeepSeek,carbon cost,2022-11-30,,2022-12-30,-1.0
2389,DeepSeek,carbon cost,2022-12-30,,2023-01-29,-1.0
2390,DeepSeek,carbon emission,2026-01-13,,2026-02-12,-1.0
2391,DeepSeek,carbon cost,2023-02-28,,2023-03-30,-1.0
2392,DeepSeek,carbon cost,2023-01-29,,2023-02-28,-1.0
2393,DeepSeek,carbon cost,2023-03-30,,2023-04-29,-1.0
2394,DeepSeek,carbon emission,2025-09-15,,2025-10-15,-1.0
2395,DeepSeek,carbon emission,2025-10-15,,2025-11-14,-1.0
2396,DeepSeek,carbon emission,2025-08-16,,2025-09-15,-1.0
2397,DeepSeek,carbon emission,2025-12-14,,2026-01-13,-1.0
2398,DeepSeek,carbon emission,2025-11-14,,2025-12-14,-1.0
2399,DeepSeek,carbon cost,2023-09-26,,2023-10-26,-1.0
2400,DeepSeek,carbon cost,2023-10-26,,2023-11-25,-1.0
2401,DeepSeek,carbon cost,2023-08-27,,2023-09-26,-1.0
2402,DeepSeek,carbon cost,2023-12-25,,2024-01-24,-1.0
2403,DeepSeek,carbon cost,2023-11-25,,2023-12-25,-1.0
2404,DeepSeek,carbon cost,2024-01-24,,2024-02-23,-1.0
2405,DeepSeek,carbon cost,2023-04-29,,2023-05-29,-1.0
2406,DeepSeek,carbon cost,2023-05-29,,2023-06-28,-1.0
2407,DeepSeek,carbon cost,2023-07-28,,2023-08-27,-1.0
2408,DeepSeek,carbon cost,2023-06-28,,2023-07-28,-1.0
2409,DeepSeek,carbon emission,2024-07-22,,2024-08-21,-1.0
2410,DeepSeek,carbon emission,2024-06-22,,2024-07-22,-1.0
2411,DeepSeek,carbon emission,2024-05-23,,2024-06-22,-1.0
2412,DeepSeek,carbon emission,2024-10-20,,2024-11-19,-1.0
2413,DeepSeek,carbon emission,2024-09-20,,2024-10-20,-1.0
2414,DeepSeek,carbon emission,2024-08-21,,2024-09-20,-1.0
2415,DeepSeek,carbon emission,2024-02-23,,2024-03-24,-1.0
2416,DeepSeek,carbon emission,2024-01-24,,2024-02-23,-1.0
2417,DeepSeek,carbon emission,2023-12-25,,2024-01-24,-1.0
2418,DeepSeek,carbon emission,2024-04-23,,2024-05-23,-1.0
2419,DeepSeek,carbon emission,2024-03-24,,2024-04-23,-1.0
2420,DeepSeek,carbon emission,2025-04-18,,2025-05-18,-1.0
2421,DeepSeek,carbon emission,2025-05-18,,2025-06-17,-1.0
2422,DeepSeek,carbon emission,2025-03-19,,2025-04-18,-1.0
2423,DeepSeek,carbon emission,2025-07-17,,2025-08-16,-1.0
2424,DeepSeek,carbon emission,2025-06-17,,2025-07-17,-1.0
2425,DeepSeek,carbon emission,2024-12-19,,2025-01-18,-1.0
2426,DeepSeek,carbon emission,2024-11-19,,2024-12-19,-1.0
2427,DeepSeek,carbon emission,2025-02-17,,2025-03-19,-1.0
2428,DeepSeek,carbon emission,2025-01-18,,2025-02-17,-1.0
2429,DeepSeek,carbon imapct,2022-12-30,,2023-01-29,-1.0
2430,DeepSeek,carbon imapct,2023-01-29,,2023-02-28,-1.0
2431,DeepSeek,carbon imapct,2022-11-30,,2022-12-30,-1.0
2432,DeepSeek,carbon cost,2026-01-13,,2026-02-12,-1.0
2433,DeepSeek,carbon imapct,2023-03-30,,2023-04-29,-1.0
2434,DeepSeek,carbon imapct,2023-02-28,,2023-03-30,-1.0
2435,DeepSeek,carbon cost,2025-10-15,,2025-11-14,-1.0
2436,DeepSeek,carbon cost,2025-11-14,,2025-12-14,-1.0
2437,DeepSeek,carbon cost,2025-09-15,,2025-10-15,-1.0
2438,DeepSeek,carbon cost,2025-08-16,,2025-09-15,-1.0
2439,DeepSeek,carbon cost,2025-12-14,,2026-01-13,-1.0
2440,DeepSeek,carbon imapct,2023-10-26,,2023-11-25,-1.0
2441,DeepSeek,carbon imapct,2023-09-26,,2023-10-26,-1.0
2442,DeepSeek,carbon imapct,2023-11-25,,2023-12-25,-1.0
2443,DeepSeek,carbon imapct,2023-08-27,,2023-09-26,-1.0
2444,DeepSeek,carbon imapct,2023-12-25,,2024-01-24,-1.0
2445,DeepSeek,carbon imapct,2023-05-29,,2023-06-28,-1.0
2446,DeepSeek,carbon imapct,2023-06-28,,2023-07-28,-1.0
2447,DeepSeek,carbon imapct,2023-04-29,,2023-05-29,-1.0
2448,DeepSeek,carbon imapct,2023-07-28,,2023-08-27,-1.0
2449,DeepSeek,carbon cost,2024-07-22,,2024-08-21,-1.0
2450,DeepSeek,carbon cost,2024-08-21,,2024-09-20,-1.0
2451,DeepSeek,carbon cost,2024-06-22,,2024-07-22,-1.0
2452,DeepSeek,carbon cost,2024-10-20,,2024-11-19,-1.0
2453,DeepSeek,carbon cost,2024-09-20,,2024-10-20,-1.0
2454,DeepSeek,carbon cost,2024-02-23,,2024-03-24,-1.0
2455,DeepSeek,carbon cost,2024-03-24,,2024-04-23,-1.0
2456,DeepSeek,carbon cost,2024-05-23,,2024-06-22,-1.0
2457,DeepSeek,carbon cost,2024-04-23,,2024-05-23,-1.0
2458,DeepSeek,carbon cost,2025-05-18,,2025-06-17,-1.0
2459,DeepSeek,carbon cost,2025-06-17,,2025-07-17,-1.0
2460,DeepSeek,carbon cost,2025-04-18,,2025-05-18,-1.0
2461,DeepSeek,carbon cost,2025-03-19,,2025-04-18,-1.0
2462,DeepSeek,carbon cost,2025-07-17,,2025-08-16,-1.0
2463,DeepSeek,carbon cost,2024-12-19,,2025-01-18,-1.0
2464,DeepSeek,carbon cost,2025-01-18,,2025-02-17,-1.0
2465,DeepSeek,carbon cost,2024-11-19,,2024-12-19,-1.0
2466,DeepSeek,carbon cost,2025-02-17,,2025-03-19,-1.0
2467,DeepSeek,energy impact,2026-01-13,,2026-02-12,-1.0
2468,DeepSeek,energy cost,2022-11-30,,2022-12-30,-1.0
2469,DeepSeek,energy impact,2025-12-14,,2026-01-13,-1.0
2470,DeepSeek,energy cost,2023-01-29,,2023-02-28,-1.0
2471,DeepSeek,energy cost,2022-12-30,,2023-01-29,-1.0
2472,DeepSeek,energy impact,2025-11-14,,2025-12-14,-1.0
2473,DeepSeek,energy impact,2025-08-16,,2025-09-15,-1.0
2474,DeepSeek,energy impact,2025-09-15,,2025-10-15,-1.0
2475,DeepSeek,energy impact,2025-07-17,,2025-08-16,-1.0
2476,DeepSeek,energy impact,2025-10-15,,2025-11-14,-1.0
2477,DeepSeek,energy cost,2023-08-27,,2023-09-26,-1.0
2478,DeepSeek,energy cost,2023-09-26,,2023-10-26,-1.0
2479,DeepSeek,energy cost,2023-07-28,,2023-08-27,-1.0
2480,DeepSeek,energy cost,2023-06-28,,2023-07-28,-1.0
2481,DeepSeek,energy cost,2023-11-25,,2023-12-25,-1.0
2482,DeepSeek,energy cost,2023-10-26,,2023-11-25,-1.0
2483,DeepSeek,energy cost,2023-03-30,,2023-04-29,-1.0
2484,DeepSeek,energy cost,2023-04-29,,2023-05-29,-1.0
2485,DeepSeek,energy cost,2023-02-28,,2023-03-30,-1.0
2486,DeepSeek,energy cost,2023-05-29,,2023-06-28,-1.0
2487,DeepSeek,energy impact,2024-05-23,,2024-06-22,-1.0
2488,DeepSeek,energy impact,2024-06-22,,2024-07-22,-1.0
2489,DeepSeek,energy impact,2024-04-23,,2024-05-23,-1.0
2490,DeepSeek,energy impact,2024-09-20,,2024-10-20,-1.0
2491,DeepSeek,energy impact,2024-08-21,,2024-09-20,-1.0
2492,DeepSeek,energy impact,2024-07-22,,2024-08-21,-1.0
2493,DeepSeek,energy impact,2023-12-25,,2024-01-24,-1.0
2494,DeepSeek,energy impact,2024-01-24,,2024-02-23,-1.0
2495,DeepSeek,energy impact,2024-03-24,,2024-04-23,-1.0
2496,DeepSeek,energy impact,2024-02-23,,2024-03-24,-1.0
2497,DeepSeek,energy impact,2025-03-19,,2025-04-18,-1.0
2498,DeepSeek,energy impact,2025-04-18,,2025-05-18,-1.0
2499,DeepSeek,energy impact,2025-02-17,,2025-03-19,-1.0
2500,DeepSeek,energy impact,2025-06-17,,2025-07-17,-1.0
2501,DeepSeek,energy impact,2025-05-18,,2025-06-17,-1.0
2502,DeepSeek,energy impact,2024-10-20,,2024-11-19,-1.0
2503,DeepSeek,energy impact,2024-11-19,,2024-12-19,-1.0
2504,DeepSeek,energy impact,2025-01-18,,2025-02-17,-1.0
2505,DeepSeek,energy impact,2024-12-19,,2025-01-18,-1.0
2506,DeepSeek,carbon emission,2022-11-30,,2022-12-30,-1.0
2507,DeepSeek,energy cost,2026-01-13,,2026-02-12,-1.0
2508,DeepSeek,carbon emission,2022-12-30,,2023-01-29,-1.0
2509,DeepSeek,energy cost,2025-12-14,,2026-01-13,-1.0
2510,DeepSeek,carbon emission,2023-02-28,,2023-03-30,-1.0
2511,DeepSeek,carbon emission,2023-01-29,,2023-02-28,-1.0
2512,DeepSeek,energy cost,2025-09-15,,2025-10-15,-1.0
2513,DeepSeek,energy cost,2025-08-16,,2025-09-15,-1.0
2514,DeepSeek,energy cost,2025-10-15,,2025-11-14,-1.0
2515,DeepSeek,energy cost,2025-07-17,,2025-08-16,-1.0
2516,DeepSeek,energy cost,2025-11-14,,2025-12-14,-1.0
2517,DeepSeek,carbon emission,2023-09-26,,2023-10-26,-1.0
2518,DeepSeek,carbon emission,2023-08-27,,2023-09-26,-1.0
2519,DeepSeek,carbon emission,2023-07-28,,2023-08-27,-1.0
2520,DeepSeek,carbon emission,2023-11-25,,2023-12-25,-1.0
2521,DeepSeek,carbon emission,2023-10-26,,2023-11-25,-1.0
2522,DeepSeek,carbon emission,2023-04-29,,2023-05-29,-1.0
2523,DeepSeek,carbon emission,2023-03-30,,2023-04-29,-1.0
2524,DeepSeek,carbon emission,2023-05-29,,2023-06-28,-1.0
2525,DeepSeek,carbon emission,2023-06-28,,2023-07-28,-1.0
2526,DeepSeek,energy cost,2024-06-22,,2024-07-22,-1.0
2527,DeepSeek,energy cost,2024-07-22,,2024-08-21,-1.0
2528,DeepSeek,energy cost,2024-05-23,,2024-06-22,-1.0
2529,DeepSeek,energy cost,2024-04-23,,2024-05-23,-1.0
2530,DeepSeek,energy cost,2024-09-20,,2024-10-20,-1.0
2531,DeepSeek,energy cost,2024-08-21,,2024-09-20,-1.0
2532,DeepSeek,energy cost,2024-01-24,,2024-02-23,-1.0
2533,DeepSeek,energy cost,2024-02-23,,2024-03-24,-1.0
2534,DeepSeek,energy cost,2023-12-25,,2024-01-24,-1.0
2535,DeepSeek,energy cost,2024-03-24,,2024-04-23,-1.0
2536,DeepSeek,energy cost,2025-04-18,,2025-05-18,-1.0
2537,DeepSeek,energy cost,2025-03-19,,2025-04-18,-1.0
2538,DeepSeek,energy cost,2025-05-18,,2025-06-17,-1.0
2539,DeepSeek,energy cost,2025-02-17,,2025-03-19,-1.0
2540,DeepSeek,energy cost,2025-06-17,,2025-07-17,-1.0
2541,DeepSeek,energy cost,2024-11-19,,2024-12-19,-1.0
2542,DeepSeek,energy cost,2024-10-20,,2024-11-19,-1.0
2543,DeepSeek,energy cost,2024-12-19,,2025-01-18,-1.0
2544,DeepSeek,energy cost,2025-01-18,,2025-02-17,-1.0
2545,data center,water effect,2023-12-25,,2024-01-24,-1.0
2546,data center,water effect,2023-11-25,,2023-12-25,-1.0
2547,data center,water effect,2023-10-26,,2023-11-25,-1.0
2548,data center,water effect,2024-02-23,,2024-03-24,-1.0
2549,data center,water effect,2024-03-24,,2024-04-23,-1.0
2550,data center,water effect,2024-01-24,,2024-02-23,-1.0
2551,data center,water harm,2025-01-18,,2025-02-17,-1.0
2552,data center,water effect,2023-07-28,,2023-08-27,-1.0
2553,data center,water effect,2023-06-28,,2023-07-28,-1.0
2554,data center,water effect,2023-05-29,,2023-06-28,-1.0
2555,data center,water effect,2023-09-26,,2023-10-26,-1.0
2556,data center,water effect,2023-08-27,,2023-09-26,-1.0
2557,data center,water effect,2024-09-20,,2024-10-20,-1.0
2558,data center,water effect,2024-10-20,,2024-11-19,-1.0
2559,data center,water effect,2024-08-21,,2024-09-20,-1.0
2560,data center,water effect,2024-12-19,,2025-01-18,-1.0
2561,data center,water effect,2024-11-19,,2024-12-19,-1.0
2562,data center,water effect,2025-01-18,,2025-02-17,-1.0
2563,data center,water effect,2024-05-23,,2024-06-22,-1.0
2564,data center,water effect,2024-04-23,,2024-05-23,-1.0
2565,data center,water effect,2024-07-22,,2024-08-21,-1.0
2566,data center,water effect,2024-06-22,,2024-07-22,-1.0
2567,data center,water impact,2025-07-17,,2025-08-16,-1.0
2568,data center,water impact,2025-06-17,,2025-07-17,-1.0
2569,data center,water impact,2025-08-16,,2025-09-15,-1.0
2570,data center,water impact,2025-05-18,,2025-06-17,-1.0
2571,data center,water impact,2025-10-15,,2025-11-14,-1.0
2572,data center,water impact,2025-09-15,,2025-10-15,-1.0
2573,data center,water impact,2025-02-17,,2025-03-19,-1.0
2574,data center,water impact,2025-01-18,,2025-02-17,-1.0
2575,data center,water impact,2025-03-19,,2025-04-18,-1.0
2576,data center,water impact,2024-12-19,,2025-01-18,-1.0
2577,data center,water impact,2025-04-18,,2025-05-18,-1.0
2578,data center,water effect,2023-02-28,,2023-03-30,-1.0
2579,data center,water effect,2023-01-29,,2023-02-28,-1.0
2580,data center,water effect,2022-12-30,,2023-01-29,-1.0
2581,data center,water effect,2023-04-29,,2023-05-29,-1.0
2582,data center,water effect,2023-03-30,,2023-04-29,-1.0
2583,data center,water impact,2025-12-14,,2026-01-13,-1.0
2584,data center,water impact,2025-11-14,,2025-12-14,-1.0
2585,data center,water effect,2022-11-30,,2022-12-30,-1.0
2586,data center,water impact,2026-01-13,,2026-02-12,-1.0
2587,data center,water harm,2023-12-25,,2024-01-24,-1.0
2588,data center,water harm,2024-01-24,,2024-02-23,-1.0
2589,data center,water harm,2023-11-25,,2023-12-25,-1.0
2590,data center,water harm,2024-03-24,,2024-04-23,-1.0
2591,data center,water harm,2024-02-23,,2024-03-24,-1.0
2592,data center,water harm,2023-10-26,,2023-11-25,-1.0
2593,data center,water harm,2023-07-28,,2023-08-27,-1.0
2594,data center,water harm,2023-08-27,,2023-09-26,-1.0
2595,data center,water harm,2023-06-28,,2023-07-28,-1.0
2596,data center,water harm,2023-09-26,,2023-10-26,-1.0
2597,data center,water harm,2024-10-20,,2024-11-19,-1.0
2598,data center,water harm,2024-11-19,,2024-12-19,-1.0
2599,data center,water harm,2024-09-20,,2024-10-20,-1.0
2600,data center,water harm,2024-08-21,,2024-09-20,-1.0
2601,data center,water harm,2024-12-19,,2025-01-18,-1.0
2602,data center,water harm,2024-05-23,,2024-06-22,-1.0
2603,data center,water harm,2024-06-22,,2024-07-22,-1.0
2604,data center,water harm,2024-04-23,,2024-05-23,-1.0
2605,data center,water harm,2024-07-22,,2024-08-21,-1.0
2606,data center,water effect,2025-07-17,,2025-08-16,-1.0
2607,data center,water effect,2025-08-16,,2025-09-15,-1.0
2608,data center,water effect,2025-06-17,,2025-07-17,-1.0
2609,data center,water effect,2025-11-14,,2025-12-14,-1.0
2610,data center,water effect,2025-10-15,,2025-11-14,-1.0
2611,data center,water effect,2025-09-15,,2025-10-15,-1.0
2612,data center,water effect,2025-02-17,,2025-03-19,-1.0
2613,data center,water effect,2025-03-19,,2025-04-18,-1.0
2614,data center,water effect,2025-05-18,,2025-06-17,-1.0
2615,data center,water effect,2025-04-18,,2025-05-18,-1.0
2616,data center,water harm,2023-02-28,,2023-03-30,-1.0
2617,data center,water harm,2023-03-30,,2023-04-29,-1.0
2618,data center,water harm,2023-01-29,,2023-02-28,-1.0
2619,data center,water harm,2023-05-29,,2023-06-28,-1.0
2620,data center,water harm,2023-04-29,,2023-05-29,-1.0
2621,data center,water effect,2025-12-14,,2026-01-13,-1.0
2622,data center,water effect,2026-01-13,,2026-02-12,-1.0
2623,data center,water harm,2022-12-30,,2023-01-29,-1.0
2624,data center,water harm,2022-11-30,,2022-12-30,-1.0
2625,data center,water footprint,2023-10-26,,2023-11-25,-1.0
2626,data center,water footprint,2023-11-25,,2023-12-25,-1.0
2627,data center,water footprint,2023-09-26,,2023-10-26,-1.0
2628,data center,water footprint,2024-02-23,,2024-03-24,-1.0
2629,data center,water footprint,2024-01-24,,2024-02-23,-1.0
2630,data center,water footprint,2023-12-25,,2024-01-24,-1.0
2631,data center,water footprint,2023-05-29,,2023-06-28,-1.0
2632,data center,water footprint,2023-06-28,,2023-07-28,-1.0
2633,data center,water footprint,2023-04-29,,2023-05-29,-1.0
2634,data center,water footprint,2023-08-27,,2023-09-26,-1.0
2635,data center,water footprint,2023-07-28,,2023-08-27,-1.0
2636,data center,water footprint,2024-08-21,,2024-09-20,-1.0
2637,data center,water footprint,2024-09-20,,2024-10-20,-1.0
2638,data center,water footprint,2024-07-22,,2024-08-21,-1.0
2639,data center,water footprint,2024-11-19,,2024-12-19,-1.0
2640,data center,water footprint,2024-10-20,,2024-11-19,-1.0
2641,data center,water footprint,2024-03-24,,2024-04-23,-1.0
2642,data center,water footprint,2024-04-23,,2024-05-23,-1.0
2643,data center,water footprint,2024-06-22,,2024-07-22,-1.0
2644,data center,water footprint,2024-05-23,,2024-06-22,-1.0
2645,data center,water usage,2025-06-17,,2025-07-17,-1.0
2646,data center,water usage,2025-05-18,,2025-06-17,-1.0
2647,data center,water usage,2025-04-18,,2025-05-18,-1.0
2648,data center,water usage,2025-09-15,,2025-10-15,-1.0
2649,data center,water usage,2025-08-16,,2025-09-15,-1.0
2650,data center,water usage,2025-07-17,,2025-08-16,-1.0
2651,data center,water usage,2025-01-18,,2025-02-17,-1.0
2652,data center,water usage,2024-12-19,,2025-01-18,-1.0
2653,data center,water usage,2024-11-19,,2024-12-19,-1.0
2654,data center,water usage,2025-03-19,,2025-04-18,-1.0
2655,data center,water usage,2025-02-17,,2025-03-19,-1.0
2656,data center,water footprint,2022-12-30,,2023-01-29,-1.0
2657,data center,water footprint,2023-01-29,,2023-02-28,-1.0
2658,data center,water footprint,2022-11-30,,2022-12-30,-1.0
2659,data center,water footprint,2023-03-30,,2023-04-29,-1.0
2660,data center,water footprint,2023-02-28,,2023-03-30,-1.0
2661,data center,water usage,2025-10-15,,2025-11-14,-1.0
2662,data center,water usage,2025-11-14,,2025-12-14,-1.0
2663,data center,water usage,2026-01-13,,2026-02-12,-1.0
2664,data center,water usage,2025-12-14,,2026-01-13,-1.0
2665,data center,water footprint,2024-12-19,,2025-01-18,-1.0
2666,data center,water impact,2023-11-25,,2023-12-25,-1.0
2667,data center,water impact,2023-10-26,,2023-11-25,-1.0
2668,data center,water impact,2023-12-25,,2024-01-24,-1.0
2669,data center,water impact,2023-09-26,,2023-10-26,-1.0
2670,data center,water impact,2024-02-23,,2024-03-24,-1.0
2671,data center,water impact,2024-01-24,,2024-02-23,-1.0
2672,data center,water impact,2023-06-28,,2023-07-28,-1.0
2673,data center,water impact,2023-07-28,,2023-08-27,-1.0
2674,data center,water impact,2023-05-29,,2023-06-28,-1.0
2675,data center,water impact,2023-04-29,,2023-05-29,-1.0
2676,data center,water impact,2023-08-27,,2023-09-26,-1.0
2677,data center,water impact,2024-09-20,,2024-10-20,-1.0
2678,data center,water impact,2024-08-21,,2024-09-20,-1.0
2679,data center,water impact,2024-10-20,,2024-11-19,-1.0
2680,data center,water impact,2024-07-22,,2024-08-21,-1.0
2681,data center,water impact,2024-11-19,,2024-12-19,-1.0
2682,data center,water impact,2024-04-23,,2024-05-23,-1.0
2683,data center,water impact,2024-03-24,,2024-04-23,-1.0
2684,data center,water impact,2024-05-23,,2024-06-22,-1.0
2685,data center,water impact,2024-06-22,,2024-07-22,-1.0
2686,data center,water footprint,2025-06-17,,2025-07-17,-1.0
2687,data center,water footprint,2025-07-17,,2025-08-16,-1.0
2688,data center,water footprint,2025-05-18,,2025-06-17,-1.0
2689,data center,water footprint,2025-04-18,,2025-05-18,-1.0
2690,data center,water footprint,2025-09-15,,2025-10-15,-1.0
2691,data center,water footprint,2025-08-16,,2025-09-15,-1.0
2692,data center,water footprint,2025-01-18,,2025-02-17,-1.0
2693,data center,water footprint,2025-02-17,,2025-03-19,-1.0
2694,data center,water footprint,2025-03-19,,2025-04-18,-1.0
2695,data center,water impact,2023-01-29,,2023-02-28,-1.0
2696,data center,water impact,2023-02-28,,2023-03-30,-1.0
2697,data center,water impact,2022-12-30,,2023-01-29,-1.0
2698,data center,water impact,2022-11-30,,2022-12-30,-1.0
2699,data center,water impact,2023-03-30,,2023-04-29,-1.0
2700,data center,water footprint,2025-11-14,,2025-12-14,-1.0
2701,data center,water footprint,2025-12-14,,2026-01-13,-1.0
2702,data center,water footprint,2025-10-15,,2025-11-14,-1.0
2703,data center,water footprint,2026-01-13,,2026-02-12,-1.0
2704,data center,environment footprint,2024-02-23,,2024-03-24,-1.0
2705,data center,environment footprint,2024-03-24,,2024-04-23,-1.0
2706,data center,environment footprint,2024-01-24,,2024-02-23,-1.0
2707,data center,environment footprint,2023-12-25,,2024-01-24,-1.0
2708,data center,environment footprint,2024-04-23,,2024-05-23,-1.0
2709,data center,environment footprint,2024-05-23,,2024-06-22,-1.0
2710,data center,environment footprint,2023-09-26,,2023-10-26,-1.0
2711,data center,environment footprint,2023-10-26,,2023-11-25,-1.0
2712,data center,environment footprint,2023-08-27,,2023-09-26,-1.0
2713,data center,environment footprint,2023-07-28,,2023-08-27,-1.0
2714,data center,environment footprint,2023-11-25,,2023-12-25,-1.0
2715,data center,environment footprint,2024-12-19,,2025-01-18,-1.0
2716,data center,environment footprint,2024-11-19,,2024-12-19,-1.0
2717,data center,environment footprint,2025-01-18,,2025-02-17,-1.0
2718,data center,environment footprint,2024-10-20,,2024-11-19,-1.0
2719,data center,environment footprint,2025-02-17,,2025-03-19,-1.0
2720,data center,environment footprint,2025-03-19,,2025-04-18,-1.0
2721,data center,environment footprint,2024-07-22,,2024-08-21,-1.0
2722,data center,environment footprint,2024-08-21,,2024-09-20,-1.0
2723,data center,environment footprint,2024-06-22,,2024-07-22,-1.0
2724,data center,environment footprint,2024-09-20,,2024-10-20,-1.0
2725,data center,sustainability,2025-09-15,,2025-10-15,-1.0
2726,data center,sustainability,2025-10-15,,2025-11-14,-1.0
2727,data center,sustainability,2025-08-16,,2025-09-15,-1.0
2728,data center,sustainability,2025-12-14,,2026-01-13,-1.0
2729,data center,sustainability,2025-11-14,,2025-12-14,-1.0
2730,data center,sustainability,2025-07-17,,2025-08-16,-1.0
2731,data center,sustainability,2025-04-18,,2025-05-18,-1.0
2732,data center,sustainability,2025-05-18,,2025-06-17,-1.0
2733,data center,sustainability,2025-03-19,,2025-04-18,-1.0
2734,data center,sustainability,2025-06-17,,2025-07-17,-1.0
2735,data center,environment footprint,2023-04-29,,2023-05-29,-1.0
2736,data center,environment footprint,2023-05-29,,2023-06-28,-1.0
2737,data center,environment footprint,2023-03-30,,2023-04-29,-1.0
2738,data center,environment footprint,2023-02-28,,2023-03-30,-1.0
2739,data center,environment footprint,2023-06-28,,2023-07-28,-1.0
2740,data center,environment footprint,2022-11-30,,2022-12-30,-1.0
2741,data center,environment footprint,2022-12-30,,2023-01-29,-1.0
2742,data center,sustainability,2026-01-13,,2026-02-12,-1.0
2743,data center,environment footprint,2023-01-29,,2023-02-28,-1.0
2744,data center,environment impact,2024-03-24,,2024-04-23,-1.0
2745,data center,environment impact,2024-02-23,,2024-03-24,-1.0
2746,data center,environment impact,2024-01-24,,2024-02-23,-1.0
2747,data center,environment impact,2024-06-22,,2024-07-22,-1.0
2748,data center,environment impact,2024-05-23,,2024-06-22,-1.0
2749,data center,environment impact,2024-04-23,,2024-05-23,-1.0
2750,data center,environment impact,2023-10-26,,2023-11-25,-1.0
2751,data center,environment impact,2023-09-26,,2023-10-26,-1.0
2752,data center,environment impact,2023-08-27,,2023-09-26,-1.0
2753,data center,environment impact,2023-12-25,,2024-01-24,-1.0
2754,data center,environment impact,2023-11-25,,2023-12-25,-1.0
2755,data center,environment impact,2025-01-18,,2025-02-17,-1.0
2756,data center,environment impact,2024-12-19,,2025-01-18,-1.0
2757,data center,environment impact,2024-11-19,,2024-12-19,-1.0
2758,data center,environment impact,2025-03-19,,2025-04-18,-1.0
2759,data center,environment impact,2025-04-18,,2025-05-18,-1.0
2760,data center,environment impact,2025-02-17,,2025-03-19,-1.0
2761,data center,environment impact,2024-08-21,,2024-09-20,-1.0
2762,data center,environment impact,2024-07-22,,2024-08-21,-1.0
2763,data center,environment impact,2024-10-20,,2024-11-19,-1.0
2764,data center,environment impact,2024-09-20,,2024-10-20,-1.0
2765,data center,environment footprint,2025-10-15,,2025-11-14,-1.0
2766,data center,environment footprint,2025-09-15,,2025-10-15,-1.0
2767,data center,environment footprint,2025-11-14,,2025-12-14,-1.0
2768,data center,environment footprint,2025-08-16,,2025-09-15,-1.0
2769,data center,environment footprint,2026-01-13,,2026-02-12,-1.0
2770,data center,environment footprint,2025-12-14,,2026-01-13,-1.0
2771,data center,environment footprint,2025-05-18,,2025-06-17,-1.0
2772,data center,environment footprint,2025-04-18,,2025-05-18,-1.0
2773,data center,environment footprint,2025-06-17,,2025-07-17,-1.0
2774,data center,environment footprint,2025-07-17,,2025-08-16,-1.0
2775,data center,environment impact,2023-05-29,,2023-06-28,-1.0
2776,data center,environment impact,2023-04-29,,2023-05-29,-1.0
2777,data center,environment impact,2023-03-30,,2023-04-29,-1.0
2778,data center,environment impact,2023-07-28,,2023-08-27,-1.0
2779,data center,environment impact,2023-06-28,,2023-07-28,-1.0
2780,data center,environment impact,2022-12-30,,2023-01-29,-1.0
2781,data center,environment impact,2022-11-30,,2022-12-30,-1.0
2782,data center,environment impact,2023-01-29,,2023-02-28,-1.0
2783,data center,environment impact,2023-02-28,,2023-03-30,-1.0
2784,data center,water cost,2024-01-24,,2024-02-23,-1.0
2785,data center,water cost,2023-12-25,,2024-01-24,-1.0
2786,data center,water cost,2024-02-23,,2024-03-24,-1.0
2787,data center,water cost,2023-11-25,,2023-12-25,-1.0
2788,data center,water cost,2024-04-23,,2024-05-23,-1.0
2789,data center,water cost,2024-03-24,,2024-04-23,-1.0
2790,data center,water cost,2023-08-27,,2023-09-26,-1.0
2791,data center,water cost,2023-07-28,,2023-08-27,-1.0
2792,data center,water cost,2023-09-26,,2023-10-26,-1.0
2793,data center,water cost,2023-06-28,,2023-07-28,-1.0
2794,data center,water cost,2023-10-26,,2023-11-25,-1.0
2795,data center,water cost,2024-11-19,,2024-12-19,-1.0
2796,data center,water cost,2024-10-20,,2024-11-19,-1.0
2797,data center,water cost,2024-09-20,,2024-10-20,-1.0
2798,data center,water cost,2025-01-18,,2025-02-17,-1.0
2799,data center,water cost,2025-02-17,,2025-03-19,-1.0
2800,data center,water cost,2024-12-19,,2025-01-18,-1.0
2801,data center,water cost,2024-06-22,,2024-07-22,-1.0
2802,data center,water cost,2024-05-23,,2024-06-22,-1.0
2803,data center,water cost,2024-07-22,,2024-08-21,-1.0
2804,data center,water cost,2024-08-21,,2024-09-20,-1.0
2805,data center,water harm,2025-08-16,,2025-09-15,-1.0
2806,data center,water harm,2025-09-15,,2025-10-15,-1.0
2807,data center,water harm,2025-07-17,,2025-08-16,-1.0
2808,data center,water harm,2025-06-17,,2025-07-17,-1.0
2809,data center,water harm,2025-11-14,,2025-12-14,-1.0
2810,data center,water harm,2025-10-15,,2025-11-14,-1.0
2811,data center,water harm,2025-03-19,,2025-04-18,-1.0
2812,data center,water harm,2025-04-18,,2025-05-18,-1.0
2813,data center,water harm,2025-02-17,,2025-03-19,-1.0
2814,data center,water harm,2025-05-18,,2025-06-17,-1.0
2815,data center,water cost,2023-03-30,,2023-04-29,-1.0
2816,data center,water cost,2023-02-28,,2023-03-30,-1.0
2817,data center,water cost,2023-04-29,,2023-05-29,-1.0
2818,data center,water cost,2023-01-29,,2023-02-28,-1.0
2819,data center,water cost,2023-05-29,,2023-06-28,-1.0
2820,data center,water harm,2026-01-13,,2026-02-12,-1.0
2821,data center,water harm,2025-12-14,,2026-01-13,-1.0
2822,data center,water cost,2022-11-30,,2022-12-30,-1.0
2823,data center,water cost,2022-12-30,,2023-01-29,-1.0
2824,data center,sustainability,2024-01-24,,2024-02-23,-1.0
2825,data center,sustainability,2024-02-23,,2024-03-24,-1.0
2826,data center,sustainability,2023-12-25,,2024-01-24,-1.0
2827,data center,sustainability,2024-05-23,,2024-06-22,-1.0
2828,data center,sustainability,2024-04-23,,2024-05-23,-1.0
2829,data center,sustainability,2024-03-24,,2024-04-23,-1.0
2830,data center,sustainability,2023-08-27,,2023-09-26,-1.0
2831,data center,sustainability,2023-09-26,,2023-10-26,-1.0
2832,data center,sustainability,2023-07-28,,2023-08-27,-1.0
2833,data center,sustainability,2023-11-25,,2023-12-25,-1.0
2834,data center,sustainability,2023-10-26,,2023-11-25,-1.0
2835,data center,sustainability,2024-11-19,,2024-12-19,-1.0
2836,data center,sustainability,2024-12-19,,2025-01-18,-1.0
2837,data center,sustainability,2024-10-20,,2024-11-19,-1.0
2838,data center,sustainability,2025-02-17,,2025-03-19,-1.0
2839,data center,sustainability,2025-01-18,,2025-02-17,-1.0
2840,data center,sustainability,2024-06-22,,2024-07-22,-1.0
2841,data center,sustainability,2024-07-22,,2024-08-21,-1.0
2842,data center,sustainability,2024-09-20,,2024-10-20,-1.0
2843,data center,sustainability,2024-08-21,,2024-09-20,-1.0
2844,data center,water cost,2025-09-15,,2025-10-15,-1.0
2845,data center,water cost,2025-08-16,,2025-09-15,-1.0
2846,data center,water cost,2025-07-17,,2025-08-16,-1.0
2847,data center,water cost,2025-12-14,,2026-01-13,-1.0
2848,data center,water cost,2025-11-14,,2025-12-14,-1.0
2849,data center,water cost,2025-10-15,,2025-11-14,-1.0
2850,data center,water cost,2025-04-18,,2025-05-18,-1.0
2851,data center,water cost,2025-03-19,,2025-04-18,-1.0
2852,data center,water cost,2025-06-17,,2025-07-17,-1.0
2853,data center,water cost,2025-05-18,,2025-06-17,-1.0
2854,data center,sustainability,2023-03-30,,2023-04-29,-1.0
2855,data center,sustainability,2023-04-29,,2023-05-29,-1.0
2856,data center,sustainability,2023-02-28,,2023-03-30,-1.0
2857,data center,sustainability,2023-06-28,,2023-07-28,-1.0
2858,data center,sustainability,2023-05-29,,2023-06-28,-1.0
2859,data center,sustainability,2022-11-30,,2022-12-30,-1.0
2860,data center,water cost,2026-01-13,,2026-02-12,-1.0
2861,data center,sustainability,2023-01-29,,2023-02-28,-1.0
2862,data center,sustainability,2022-12-30,,2023-01-29,-1.0
2863,Claude,carbon emission,2023-07-28,,2023-08-27,-1.0
2864,Claude,carbon emission,2023-06-28,,2023-07-28,-1.0
2865,Claude,carbon emission,2023-05-29,,2023-06-28,-1.0
2866,Claude,carbon emission,2023-09-26,,2023-10-26,-1.0
2867,Claude,carbon emission,2023-10-26,,2023-11-25,-1.0
2868,Claude,carbon emission,2023-08-27,,2023-09-26,-1.0
2869,Claude,carbon cost,2024-08-21,,2024-09-20,-1.0
2870,Claude,carbon emission,2023-02-28,,2023-03-30,-1.0
2871,Claude,carbon emission,2023-01-29,,2023-02-28,-1.0
2872,Claude,carbon emission,2023-03-30,,2023-04-29,-1.0
2873,Claude,carbon emission,2022-12-30,,2023-01-29,-1.0
2874,Claude,carbon emission,2023-04-29,,2023-05-29,-1.0
2875,Claude,carbon emission,2024-05-23,,2024-06-22,-1.0
2876,Claude,carbon emission,2024-04-23,,2024-05-23,-1.0
2877,Claude,carbon emission,2024-03-24,,2024-04-23,-1.0
2878,Claude,carbon emission,2024-07-22,,2024-08-21,-1.0
2879,Claude,carbon emission,2024-08-21,,2024-09-20,-1.0
2880,Claude,carbon emission,2024-06-22,,2024-07-22,-1.0
2881,Claude,carbon emission,2023-12-25,,2024-01-24,-1.0
2882,Claude,carbon emission,2023-11-25,,2023-12-25,-1.0
2883,Claude,carbon emission,2024-02-23,,2024-03-24,-1.0
2884,Claude,carbon emission,2024-01-24,,2024-02-23,-1.0
2885,Claude,energy cost,2025-02-17,,2025-03-19,-1.0
2886,Claude,energy cost,2025-01-18,,2025-02-17,-1.0
2887,Claude,energy cost,2025-03-19,,2025-04-18,-1.0
2888,Claude,energy cost,2024-12-19,,2025-01-18,-1.0
2889,Claude,energy cost,2025-05-18,,2025-06-17,-1.0
2890,Claude,energy cost,2025-04-18,,2025-05-18,-1.0
2891,Claude,energy cost,2024-09-20,,2024-10-20,-1.0
2892,Claude,energy cost,2024-08-21,,2024-09-20,-1.0
2893,Claude,energy cost,2024-10-20,,2024-11-19,-1.0
2894,Claude,energy cost,2024-07-22,,2024-08-21,-1.0
2895,Claude,energy cost,2024-11-19,,2024-12-19,-1.0
2896,Claude,energy cost,2025-12-14,,2026-01-13,-1.0
2897,Claude,energy cost,2025-11-14,,2025-12-14,-1.0
2898,Claude,energy cost,2026-01-13,,2026-02-12,-1.0
2899,Claude,energy cost,2025-10-15,,2025-11-14,-1.0
2900,Claude,carbon emission,2022-11-30,,2022-12-30,-1.0
2901,Claude,energy cost,2025-07-17,,2025-08-16,-1.0
2902,Claude,energy cost,2025-06-17,,2025-07-17,-1.0
2903,Claude,energy cost,2025-08-16,,2025-09-15,-1.0
2904,Claude,energy cost,2025-09-15,,2025-10-15,-1.0
2905,Claude,carbon cost,2023-07-28,,2023-08-27,-1.0
2906,Claude,carbon cost,2023-08-27,,2023-09-26,-1.0
2907,Claude,carbon cost,2023-06-28,,2023-07-28,-1.0
2908,Claude,carbon cost,2023-11-25,,2023-12-25,-1.0
2909,Claude,carbon cost,2023-10-26,,2023-11-25,-1.0
2910,Claude,carbon cost,2023-09-26,,2023-10-26,-1.0
2911,Claude,carbon cost,2023-02-28,,2023-03-30,-1.0
2912,Claude,carbon cost,2023-03-30,,2023-04-29,-1.0
2913,Claude,carbon cost,2023-01-29,,2023-02-28,-1.0
2914,Claude,carbon cost,2023-05-29,,2023-06-28,-1.0
2915,Claude,carbon cost,2023-04-29,,2023-05-29,-1.0
2916,Claude,carbon cost,2024-05-23,,2024-06-22,-1.0
2917,Claude,carbon cost,2024-06-22,,2024-07-22,-1.0
2918,Claude,carbon cost,2024-04-23,,2024-05-23,-1.0
2919,Claude,carbon cost,2024-07-22,,2024-08-21,-1.0
2920,Claude,carbon cost,2024-03-24,,2024-04-23,-1.0
2921,Claude,carbon cost,2023-12-25,,2024-01-24,-1.0
2922,Claude,carbon cost,2024-01-24,,2024-02-23,-1.0
2923,Claude,carbon cost,2024-02-23,,2024-03-24,-1.0
2924,Claude,carbon emission,2025-02-17,,2025-03-19,-1.0
2925,Claude,carbon emission,2025-03-19,,2025-04-18,-1.0
2926,Claude,carbon emission,2025-01-18,,2025-02-17,-1.0
2927,Claude,carbon emission,2025-06-17,,2025-07-17,-1.0
2928,Claude,carbon emission,2025-05-18,,2025-06-17,-1.0
2929,Claude,carbon emission,2025-04-18,,2025-05-18,-1.0
2930,Claude,carbon emission,2024-10-20,,2024-11-19,-1.0
2931,Claude,carbon emission,2024-09-20,,2024-10-20,-1.0
2932,Claude,carbon emission,2024-12-19,,2025-01-18,-1.0
2933,Claude,carbon emission,2024-11-19,,2024-12-19,-1.0
2934,Claude,carbon emission,2025-12-14,,2026-01-13,-1.0
2935,Claude,carbon emission,2026-01-13,,2026-02-12,-1.0
2936,Claude,carbon emission,2025-11-14,,2025-12-14,-1.0
2937,Claude,carbon cost,2022-12-30,,2023-01-29,-1.0
2938,Claude,carbon cost,2022-11-30,,2022-12-30,-1.0
2939,Claude,carbon emission,2025-07-17,,2025-08-16,-1.0
2940,Claude,carbon emission,2025-08-16,,2025-09-15,-1.0
2941,Claude,carbon emission,2025-10-15,,2025-11-14,-1.0
2942,Claude,carbon emission,2025-09-15,,2025-10-15,-1.0
2943,Claude,energy impact,2023-05-29,,2023-06-28,-1.0
2944,Claude,energy impact,2023-06-28,,2023-07-28,-1.0
2945,Claude,energy impact,2023-04-29,,2023-05-29,-1.0
2946,Claude,energy impact,2023-09-26,,2023-10-26,-1.0
2947,Claude,energy impact,2023-08-27,,2023-09-26,-1.0
2948,Claude,energy impact,2023-07-28,,2023-08-27,-1.0
2949,Claude,energy impact,2023-01-29,,2023-02-28,-1.0
2950,Claude,energy impact,2022-12-30,,2023-01-29,-1.0
2951,Claude,energy impact,2022-11-30,,2022-12-30,-1.0
2952,Claude,energy impact,2023-03-30,,2023-04-29,-1.0
2953,Claude,energy impact,2023-02-28,,2023-03-30,-1.0
2954,Claude,energy impact,2024-03-24,,2024-04-23,-1.0
2955,Claude,energy impact,2024-04-23,,2024-05-23,-1.0
2956,Claude,energy impact,2024-02-23,,2024-03-24,-1.0
2957,Claude,energy impact,2024-06-22,,2024-07-22,-1.0
2958,Claude,energy impact,2024-05-23,,2024-06-22,-1.0
2959,Claude,energy impact,2024-07-22,,2024-08-21,-1.0
2960,Claude,energy impact,2023-10-26,,2023-11-25,-1.0
2961,Claude,energy impact,2023-11-25,,2023-12-25,-1.0
2962,Claude,energy impact,2024-01-24,,2024-02-23,-1.0
2963,Claude,energy impact,2023-12-25,,2024-01-24,-1.0
2964,Claude,energy footprint,2025-01-18,,2025-02-17,-1.0
2965,Claude,energy footprint,2024-12-19,,2025-01-18,-1.0
2966,Claude,energy footprint,2024-11-19,,2024-12-19,-1.0
2967,Claude,energy footprint,2025-04-18,,2025-05-18,-1.0
2968,Claude,energy footprint,2025-03-19,,2025-04-18,-1.0
2969,Claude,energy footprint,2025-02-17,,2025-03-19,-1.0
2970,Claude,energy footprint,2024-08-21,,2024-09-20,-1.0
2971,Claude,energy footprint,2024-07-22,,2024-08-21,-1.0
2972,Claude,energy footprint,2024-06-22,,2024-07-22,-1.0
2973,Claude,energy footprint,2024-09-20,,2024-10-20,-1.0
2974,Claude,energy footprint,2024-10-20,,2024-11-19,-1.0
2975,Claude,energy footprint,2025-11-14,,2025-12-14,-1.0
2976,Claude,energy footprint,2025-10-15,,2025-11-14,-1.0
2977,Claude,energy footprint,2025-09-15,,2025-10-15,-1.0
2978,Claude,energy footprint,2026-01-13,,2026-02-12,-1.0
2979,Claude,energy footprint,2025-12-14,,2026-01-13,-1.0
2980,Claude,energy footprint,2025-06-17,,2025-07-17,-1.0
2981,Claude,energy footprint,2025-05-18,,2025-06-17,-1.0
2982,Claude,energy footprint,2025-08-16,,2025-09-15,-1.0
2983,Claude,energy footprint,2025-07-17,,2025-08-16,-1.0
2984,Claude,energy cost,2023-06-28,,2023-07-28,-1.0
2985,Claude,energy cost,2023-07-28,,2023-08-27,-1.0
2986,Claude,energy cost,2023-05-29,,2023-06-28,-1.0
2987,Claude,energy cost,2023-04-29,,2023-05-29,-1.0
2988,Claude,energy cost,2023-09-26,,2023-10-26,-1.0
2989,Claude,energy cost,2023-08-27,,2023-09-26,-1.0
2990,Claude,energy cost,2023-01-29,,2023-02-28,-1.0
2991,Claude,energy cost,2023-02-28,,2023-03-30,-1.0
2992,Claude,energy cost,2022-12-30,,2023-01-29,-1.0
2993,Claude,energy cost,2022-11-30,,2022-12-30,-1.0
2994,Claude,energy cost,2023-03-30,,2023-04-29,-1.0
2995,Claude,energy cost,2024-04-23,,2024-05-23,-1.0
2996,Claude,energy cost,2024-05-23,,2024-06-22,-1.0
2997,Claude,energy cost,2024-03-24,,2024-04-23,-1.0
2998,Claude,energy cost,2024-02-23,,2024-03-24,-1.0
2999,Claude,energy cost,2024-06-22,,2024-07-22,-1.0
3000,Claude,energy cost,2023-11-25,,2023-12-25,-1.0
3001,Claude,energy cost,2023-12-25,,2024-01-24,-1.0
3002,Claude,energy cost,2023-10-26,,2023-11-25,-1.0
3003,Claude,energy cost,2024-01-24,,2024-02-23,-1.0
3004,Claude,energy impact,2025-01-18,,2025-02-17,-1.0
3005,Claude,energy impact,2025-02-17,,2025-03-19,-1.0
3006,Claude,energy impact,2024-12-19,,2025-01-18,-1.0
3007,Claude,energy impact,2025-05-18,,2025-06-17,-1.0
3008,Claude,energy impact,2025-04-18,,2025-05-18,-1.0
3009,Claude,energy impact,2025-03-19,,2025-04-18,-1.0
3010,Claude,energy impact,2024-08-21,,2024-09-20,-1.0
3011,Claude,energy impact,2024-09-20,,2024-10-20,-1.0
3012,Claude,energy impact,2024-11-19,,2024-12-19,-1.0
3013,Claude,energy impact,2024-10-20,,2024-11-19,-1.0
3014,Claude,energy impact,2025-11-14,,2025-12-14,-1.0
3015,Claude,energy impact,2025-12-14,,2026-01-13,-1.0
3016,Claude,energy impact,2025-10-15,,2025-11-14,-1.0
3017,Claude,energy impact,2026-01-13,,2026-02-12,-1.0
3018,Claude,energy impact,2025-09-15,,2025-10-15,-1.0
3019,Claude,energy impact,2025-06-17,,2025-07-17,-1.0
3020,Claude,energy impact,2025-07-17,,2025-08-16,-1.0
3021,Claude,energy impact,2025-08-16,,2025-09-15,-1.0
3022,data center,water use,2023-09-26,,2023-10-26,-1.0
3023,data center,water use,2023-10-26,,2023-11-25,-1.0
3024,data center,water use,2023-08-27,,2023-09-26,-1.0
3025,data center,water use,2023-07-28,,2023-08-27,-1.0
3026,data center,water use,2023-12-25,,2024-01-24,-1.0
3027,data center,water use,2023-11-25,,2023-12-25,-1.0
3028,data center,water use,2023-04-29,,2023-05-29,-1.0
3029,data center,water use,2023-05-29,,2023-06-28,-1.0
3030,data center,water use,2023-03-30,,2023-04-29,-1.0
3031,data center,water use,2023-06-28,,2023-07-28,-1.0
3032,data center,water use,2024-07-22,,2024-08-21,-1.0
3033,data center,water use,2024-08-21,,2024-09-20,-1.0
3034,data center,water use,2024-06-22,,2024-07-22,-1.0
3035,data center,water use,2024-05-23,,2024-06-22,-1.0
3036,data center,water use,2024-10-20,,2024-11-19,-1.0
3037,data center,water use,2024-09-20,,2024-10-20,-1.0
3038,data center,water use,2024-02-23,,2024-03-24,-1.0
3039,data center,water use,2024-03-24,,2024-04-23,-1.0
3040,data center,water use,2024-01-24,,2024-02-23,-1.0
3041,data center,water use,2024-04-23,,2024-05-23,-1.0
3042,data center,water use,2023-02-28,,2023-03-30,-1.0
3043,Claude,carbon footprint,2025-04-18,,2025-05-18,-1.0
3044,Claude,carbon footprint,2025-05-18,,2025-06-17,-1.0
3045,Claude,carbon footprint,2025-03-19,,2025-04-18,-1.0
3046,Claude,carbon footprint,2025-08-16,,2025-09-15,-1.0
3047,Claude,carbon footprint,2025-07-17,,2025-08-16,-1.0
3048,Claude,carbon footprint,2025-06-17,,2025-07-17,-1.0
3049,Claude,carbon footprint,2024-11-19,,2024-12-19,-1.0
3050,Claude,carbon footprint,2024-12-19,,2025-01-18,-1.0
3051,Claude,carbon footprint,2024-10-20,,2024-11-19,-1.0
3052,Claude,carbon footprint,2025-02-17,,2025-03-19,-1.0
3053,Claude,carbon footprint,2025-01-18,,2025-02-17,-1.0
3054,data center,water use,2022-11-30,,2022-12-30,-1.0
3055,data center,water use,2022-12-30,,2023-01-29,-1.0
3056,Claude,carbon footprint,2026-01-13,,2026-02-12,-1.0
3057,data center,water use,2023-01-29,,2023-02-28,-1.0
3058,Claude,carbon footprint,2025-09-15,,2025-10-15,-1.0
3059,Claude,carbon footprint,2025-10-15,,2025-11-14,-1.0
3060,Claude,carbon footprint,2025-12-14,,2026-01-13,-1.0
3061,Claude,carbon footprint,2025-11-14,,2025-12-14,-1.0
3062,data center,water usage,2023-10-26,,2023-11-25,-1.0
3063,data center,water usage,2023-09-26,,2023-10-26,-1.0
3064,data center,water usage,2023-11-25,,2023-12-25,-1.0
3065,data center,water usage,2023-08-27,,2023-09-26,-1.0
3066,data center,water usage,2024-01-24,,2024-02-23,-1.0
3067,data center,water usage,2023-12-25,,2024-01-24,-1.0
3068,data center,water usage,2023-05-29,,2023-06-28,-1.0
3069,data center,water usage,2023-04-29,,2023-05-29,-1.0
3070,data center,water usage,2023-06-28,,2023-07-28,-1.0
3071,data center,water usage,2023-03-30,,2023-04-29,-1.0
3072,data center,water usage,2023-07-28,,2023-08-27,-1.0
3073,data center,water usage,2024-08-21,,2024-09-20,-1.0
3074,data center,water usage,2024-07-22,,2024-08-21,-1.0
3075,data center,water usage,2024-06-22,,2024-07-22,-1.0
3076,data center,water usage,2024-10-20,,2024-11-19,-1.0
3077,data center,water usage,2024-09-20,,2024-10-20,-1.0
3078,data center,water usage,2024-03-24,,2024-04-23,-1.0
3079,data center,water usage,2024-02-23,,2024-03-24,-1.0
3080,data center,water usage,2024-05-23,,2024-06-22,-1.0
3081,data center,water usage,2024-04-23,,2024-05-23,-1.0
3082,data center,water use,2025-05-18,,2025-06-17,-1.0
3083,data center,water use,2025-04-18,,2025-05-18,-1.0
3084,data center,water use,2025-06-17,,2025-07-17,-1.0
3085,data center,water use,2025-03-19,,2025-04-18,-1.0
3086,data center,water use,2025-08-16,,2025-09-15,-1.0
3087,data center,water use,2025-07-17,,2025-08-16,-1.0
3088,data center,water use,2024-12-19,,2025-01-18,-1.0
3089,data center,water use,2025-01-18,,2025-02-17,-1.0
3090,data center,water use,2024-11-19,,2024-12-19,-1.0
3091,data center,water use,2025-02-17,,2025-03-19,-1.0
3092,data center,water usage,2022-12-30,,2023-01-29,-1.0
3093,data center,water usage,2022-11-30,,2022-12-30,-1.0
3094,data center,water usage,2023-01-29,,2023-02-28,-1.0
3095,data center,water use,2026-01-13,,2026-02-12,-1.0
3096,data center,water usage,2023-02-28,,2023-03-30,-1.0
3097,data center,water use,2025-10-15,,2025-11-14,-1.0
3098,data center,water use,2025-09-15,,2025-10-15,-1.0
3099,data center,water use,2025-11-14,,2025-12-14,-1.0
3100,data center,water use,2025-12-14,,2026-01-13,-1.0
3101,Claude,carbon imapct,2023-08-27,,2023-09-26,-1.0
3102,Claude,carbon imapct,2023-07-28,,2023-08-27,-1.0
3103,Claude,carbon imapct,2023-09-26,,2023-10-26,-1.0
3104,Claude,carbon imapct,2023-06-28,,2023-07-28,-1.0
3105,Claude,carbon imapct,2023-11-25,,2023-12-25,-1.0
3106,Claude,carbon imapct,2023-10-26,,2023-11-25,-1.0
3107,Claude,carbon imapct,2023-03-30,,2023-04-29,-1.0
3108,Claude,carbon imapct,2023-04-29,,2023-05-29,-1.0
3109,Claude,carbon imapct,2023-02-28,,2023-03-30,-1.0
3110,Claude,carbon imapct,2023-01-29,,2023-02-28,-1.0
3111,Claude,carbon imapct,2023-05-29,,2023-06-28,-1.0
3112,Claude,carbon imapct,2024-06-22,,2024-07-22,-1.0
3113,Claude,carbon imapct,2024-05-23,,2024-06-22,-1.0
3114,Claude,carbon imapct,2024-07-22,,2024-08-21,-1.0
3115,Claude,carbon imapct,2024-04-23,,2024-05-23,-1.0
3116,Claude,carbon imapct,2024-08-21,,2024-09-20,-1.0
3117,Claude,carbon imapct,2024-09-20,,2024-10-20,-1.0
3118,Claude,carbon imapct,2024-01-24,,2024-02-23,-1.0
3119,Claude,carbon imapct,2023-12-25,,2024-01-24,-1.0
3120,Claude,carbon imapct,2024-02-23,,2024-03-24,-1.0
3121,Claude,carbon imapct,2024-03-24,,2024-04-23,-1.0
3122,Claude,carbon cost,2025-03-19,,2025-04-18,-1.0
3123,Claude,carbon cost,2025-04-18,,2025-05-18,-1.0
3124,Claude,carbon cost,2025-02-17,,2025-03-19,-1.0
3125,Claude,carbon cost,2025-01-18,,2025-02-17,-1.0
3126,Claude,carbon cost,2025-06-17,,2025-07-17,-1.0
3127,Claude,carbon cost,2025-05-18,,2025-06-17,-1.0
3128,Claude,carbon cost,2024-10-20,,2024-11-19,-1.0
3129,Claude,carbon cost,2024-11-19,,2024-12-19,-1.0
3130,Claude,carbon cost,2024-09-20,,2024-10-20,-1.0
3131,Claude,carbon cost,2024-12-19,,2025-01-18,-1.0
3132,Claude,carbon cost,2026-01-13,,2026-02-12,-1.0
3133,Claude,carbon imapct,2022-11-30,,2022-12-30,-1.0
3134,Claude,carbon cost,2025-12-14,,2026-01-13,-1.0
3135,Claude,carbon cost,2025-11-14,,2025-12-14,-1.0
3136,Claude,carbon imapct,2022-12-30,,2023-01-29,-1.0
3137,Claude,carbon cost,2025-08-16,,2025-09-15,-1.0
3138,Claude,carbon cost,2025-09-15,,2025-10-15,-1.0
3139,Claude,carbon cost,2025-07-17,,2025-08-16,-1.0
3140,Claude,carbon cost,2025-10-15,,2025-11-14,-1.0
3141,Claude,carbon footprint,2023-09-26,,2023-10-26,-1.0
3142,Claude,carbon footprint,2023-08-27,,2023-09-26,-1.0
3143,Claude,carbon footprint,2023-07-28,,2023-08-27,-1.0
3144,Claude,carbon footprint,2023-12-25,,2024-01-24,-1.0
3145,Claude,carbon footprint,2023-11-25,,2023-12-25,-1.0
3146,Claude,carbon footprint,2023-10-26,,2023-11-25,-1.0
3147,Claude,carbon footprint,2023-04-29,,2023-05-29,-1.0
3148,Claude,carbon footprint,2023-03-30,,2023-04-29,-1.0
3149,Claude,carbon footprint,2023-02-28,,2023-03-30,-1.0
3150,Claude,carbon footprint,2023-06-28,,2023-07-28,-1.0
3151,Claude,carbon footprint,2023-05-29,,2023-06-28,-1.0
3152,Claude,carbon footprint,2024-06-22,,2024-07-22,-1.0
3153,Claude,carbon footprint,2024-07-22,,2024-08-21,-1.0
3154,Claude,carbon footprint,2024-05-23,,2024-06-22,-1.0
3155,Claude,carbon footprint,2024-09-20,,2024-10-20,-1.0
3156,Claude,carbon footprint,2024-08-21,,2024-09-20,-1.0
3157,Claude,carbon footprint,2024-01-24,,2024-02-23,-1.0
3158,Claude,carbon footprint,2024-02-23,,2024-03-24,-1.0
3159,Claude,carbon footprint,2024-04-23,,2024-05-23,-1.0
3160,Claude,carbon footprint,2024-03-24,,2024-04-23,-1.0
3161,Claude,carbon imapct,2025-04-18,,2025-05-18,-1.0
3162,Claude,carbon imapct,2025-03-19,,2025-04-18,-1.0
3163,Claude,carbon imapct,2025-02-17,,2025-03-19,-1.0
3164,Claude,carbon imapct,2025-07-17,,2025-08-16,-1.0
3165,Claude,carbon imapct,2025-06-17,,2025-07-17,-1.0
3166,Claude,carbon imapct,2025-05-18,,2025-06-17,-1.0
3167,Claude,carbon imapct,2024-11-19,,2024-12-19,-1.0
3168,Claude,carbon imapct,2024-10-20,,2024-11-19,-1.0
3169,Claude,carbon imapct,2024-12-19,,2025-01-18,-1.0
3170,Claude,carbon imapct,2025-01-18,,2025-02-17,-1.0
3171,Claude,carbon footprint,2022-11-30,,2022-12-30,-1.0
3172,Claude,carbon imapct,2026-01-13,,2026-02-12,-1.0
3173,Claude,carbon imapct,2025-12-14,,2026-01-13,-1.0
3174,Claude,carbon footprint,2023-01-29,,2023-02-28,-1.0
3175,Claude,carbon footprint,2022-12-30,,2023-01-29,-1.0
3176,Claude,carbon imapct,2025-09-15,,2025-10-15,-1.0
3177,Claude,carbon imapct,2025-08-16,,2025-09-15,-1.0
3178,Claude,carbon imapct,2025-11-14,,2025-12-14,-1.0
3179,Claude,carbon imapct,2025-10-15,,2025-11-14,-1.0
3180,data center,energy impact,2024-09-20,,2024-10-20,-1.0
3181,data center,energy impact,2024-10-20,,2024-11-19,-1.0
3182,data center,energy impact,2024-08-21,,2024-09-20,-1.0
3183,data center,energy impact,2024-12-19,,2025-01-18,-1.0
3184,data center,energy impact,2024-11-19,,2024-12-19,-1.0
3185,data center,energy impact,2025-01-18,,2025-02-17,-1.0
3186,data center,energy cost,2025-11-14,,2025-12-14,-1.0
3187,data center,energy impact,2024-04-23,,2024-05-23,-1.0
3188,data center,energy impact,2024-05-23,,2024-06-22,-1.0
3189,data center,energy impact,2024-03-24,,2024-04-23,-1.0
3190,data center,energy impact,2024-07-22,,2024-08-21,-1.0
3191,data center,energy impact,2024-06-22,,2024-07-22,-1.0
3192,data center,energy impact,2025-07-17,,2025-08-16,-1.0
3193,data center,energy impact,2025-08-16,,2025-09-15,-1.0
3194,data center,energy impact,2025-06-17,,2025-07-17,-1.0
3195,data center,energy impact,2025-10-15,,2025-11-14,-1.0
3196,data center,energy impact,2025-09-15,,2025-10-15,-1.0
3197,data center,energy impact,2025-02-17,,2025-03-19,-1.0
3198,data center,energy impact,2025-03-19,,2025-04-18,-1.0
3199,data center,energy impact,2025-05-18,,2025-06-17,-1.0
3200,data center,energy impact,2025-04-18,,2025-05-18,-1.0
3201,data center,energy impact,2023-01-29,,2023-02-28,-1.0
3202,data center,energy impact,2023-02-28,,2023-03-30,-1.0
3203,data center,energy impact,2022-12-30,,2023-01-29,-1.0
3204,data center,energy impact,2023-05-29,,2023-06-28,-1.0
3205,data center,energy impact,2023-04-29,,2023-05-29,-1.0
3206,data center,energy impact,2023-03-30,,2023-04-29,-1.0
3207,data center,energy footprint,2025-12-14,,2026-01-13,-1.0
3208,data center,energy footprint,2025-11-14,,2025-12-14,-1.0
3209,data center,energy footprint,2025-10-15,,2025-11-14,-1.0
3210,data center,energy impact,2022-11-30,,2022-12-30,-1.0
3211,data center,energy footprint,2026-01-13,,2026-02-12,-1.0
3212,data center,energy impact,2023-11-25,,2023-12-25,-1.0
3213,data center,energy impact,2023-12-25,,2024-01-24,-1.0
3214,data center,energy impact,2023-10-26,,2023-11-25,-1.0
3215,data center,energy impact,2024-02-23,,2024-03-24,-1.0
3216,data center,energy impact,2024-01-24,,2024-02-23,-1.0
3217,data center,energy impact,2023-06-28,,2023-07-28,-1.0
3218,data center,energy impact,2023-07-28,,2023-08-27,-1.0
3219,data center,energy impact,2023-09-26,,2023-10-26,-1.0
3220,data center,energy impact,2023-08-27,,2023-09-26,-1.0
3221,data center,energy cost,2024-10-20,,2024-11-19,-1.0
3222,data center,energy cost,2024-09-20,,2024-10-20,-1.0
3223,data center,energy cost,2024-11-19,,2024-12-19,-1.0
3224,data center,energy cost,2024-08-21,,2024-09-20,-1.0
3225,data center,energy cost,2025-01-18,,2025-02-17,-1.0
3226,data center,energy cost,2024-12-19,,2025-01-18,-1.0
3227,data center,energy cost,2024-05-23,,2024-06-22,-1.0
3228,data center,energy cost,2024-06-22,,2024-07-22,-1.0
3229,data center,energy cost,2024-04-23,,2024-05-23,-1.0
3230,data center,energy cost,2024-03-24,,2024-04-23,-1.0
3231,data center,energy cost,2024-07-22,,2024-08-21,-1.0
3232,data center,energy cost,2025-08-16,,2025-09-15,-1.0
3233,data center,energy cost,2025-07-17,,2025-08-16,-1.0
3234,data center,energy cost,2025-09-15,,2025-10-15,-1.0
3235,data center,energy cost,2025-06-17,,2025-07-17,-1.0
3236,data center,energy cost,2025-10-15,,2025-11-14,-1.0
3237,data center,energy cost,2025-03-19,,2025-04-18,-1.0
3238,data center,energy cost,2025-02-17,,2025-03-19,-1.0
3239,data center,energy cost,2025-04-18,,2025-05-18,-1.0
3240,data center,energy cost,2025-05-18,,2025-06-17,-1.0
3241,data center,energy cost,2023-02-28,,2023-03-30,-1.0
3242,data center,energy cost,2023-03-30,,2023-04-29,-1.0
3243,data center,energy cost,2023-01-29,,2023-02-28,-1.0
3244,data center,energy cost,2022-12-30,,2023-01-29,-1.0
3245,data center,energy cost,2023-05-29,,2023-06-28,-1.0
3246,data center,energy cost,2023-04-29,,2023-05-29,-1.0
3247,data center,energy impact,2025-12-14,,2026-01-13,-1.0
3248,data center,energy impact,2026-01-13,,2026-02-12,-1.0
3249,data center,energy impact,2025-11-14,,2025-12-14,-1.0
3250,data center,energy cost,2022-11-30,,2022-12-30,-1.0
3251,data center,energy cost,2023-12-25,,2024-01-24,-1.0
3252,data center,energy cost,2024-01-24,,2024-02-23,-1.0
3253,data center,energy cost,2023-11-25,,2023-12-25,-1.0
3254,data center,energy cost,2023-10-26,,2023-11-25,-1.0
3255,data center,energy cost,2024-02-23,,2024-03-24,-1.0
3256,data center,energy cost,2023-07-28,,2023-08-27,-1.0
3257,data center,energy cost,2023-08-27,,2023-09-26,-1.0
3258,data center,energy cost,2023-06-28,,2023-07-28,-1.0
3259,data center,energy cost,2023-09-26,,2023-10-26,-1.0
3260,data center,energy usage,2024-08-21,,2024-09-20,-1.0
3261,data center,energy usage,2024-09-20,,2024-10-20,-1.0
3262,data center,energy usage,2024-07-22,,2024-08-21,-1.0
3263,data center,energy usage,2024-06-22,,2024-07-22,-1.0
3264,data center,energy usage,2024-11-19,,2024-12-19,-1.0
3265,data center,energy usage,2024-10-20,,2024-11-19,-1.0
3266,data center,energy usage,2024-03-24,,2024-04-23,-1.0
3267,data center,energy usage,2024-04-23,,2024-05-23,-1.0
3268,data center,energy usage,2024-02-23,,2024-03-24,-1.0
3269,data center,energy usage,2024-01-24,,2024-02-23,-1.0
3270,data center,energy usage,2024-05-23,,2024-06-22,-1.0
3271,data center,energy usage,2025-06-17,,2025-07-17,-1.0
3272,data center,energy usage,2025-07-17,,2025-08-16,-1.0
3273,data center,energy usage,2025-05-18,,2025-06-17,-1.0
3274,data center,energy usage,2025-04-18,,2025-05-18,-1.0
3275,data center,energy usage,2025-08-16,,2025-09-15,-1.0
3276,data center,energy usage,2025-09-15,,2025-10-15,-1.0
3277,data center,energy usage,2025-01-18,,2025-02-17,-1.0
3278,data center,energy usage,2025-02-17,,2025-03-19,-1.0
3279,data center,energy usage,2024-12-19,,2025-01-18,-1.0
3280,data center,energy usage,2025-03-19,,2025-04-18,-1.0
3281,data center,energy usage,2022-12-30,,2023-01-29,-1.0
3282,data center,energy usage,2023-01-29,,2023-02-28,-1.0
3283,data center,energy usage,2022-11-30,,2022-12-30,-1.0
3284,data center,energy usage,2023-04-29,,2023-05-29,-1.0
3285,data center,energy usage,2023-03-30,,2023-04-29,-1.0
3286,data center,energy usage,2023-02-28,,2023-03-30,-1.0
3287,data center,energy use,2025-10-15,,2025-11-14,-1.0
3288,data center,energy use,2025-11-14,,2025-12-14,-1.0
3289,data center,energy use,2025-09-15,,2025-10-15,-1.0
3290,data center,energy use,2026-01-13,,2026-02-12,-1.0
3291,data center,energy use,2025-12-14,,2026-01-13,-1.0
3292,data center,energy usage,2023-10-26,,2023-11-25,-1.0
3293,data center,energy usage,2023-11-25,,2023-12-25,-1.0
3294,data center,energy usage,2023-09-26,,2023-10-26,-1.0
3295,data center,energy usage,2023-12-25,,2024-01-24,-1.0
3296,data center,energy usage,2023-08-27,,2023-09-26,-1.0
3297,data center,energy usage,2023-05-29,,2023-06-28,-1.0
3298,data center,energy usage,2023-06-28,,2023-07-28,-1.0
3299,data center,energy usage,2023-07-28,,2023-08-27,-1.0
3300,data center,energy footprint,2024-09-20,,2024-10-20,-1.0
3301,data center,energy footprint,2024-08-21,,2024-09-20,-1.0
3302,data center,energy footprint,2024-07-22,,2024-08-21,-1.0
3303,data center,energy footprint,2024-12-19,,2025-01-18,-1.0
3304,data center,energy footprint,2024-11-19,,2024-12-19,-1.0
3305,data center,energy footprint,2024-10-20,,2024-11-19,-1.0
3306,data center,energy footprint,2024-04-23,,2024-05-23,-1.0
3307,data center,energy footprint,2024-03-24,,2024-04-23,-1.0
3308,data center,energy footprint,2024-02-23,,2024-03-24,-1.0
3309,data center,energy footprint,2024-05-23,,2024-06-22,-1.0
3310,data center,energy footprint,2024-06-22,,2024-07-22,-1.0
3311,data center,energy footprint,2025-07-17,,2025-08-16,-1.0
3312,data center,energy footprint,2025-06-17,,2025-07-17,-1.0
3313,data center,energy footprint,2025-05-18,,2025-06-17,-1.0
3314,data center,energy footprint,2025-09-15,,2025-10-15,-1.0
3315,data center,energy footprint,2025-08-16,,2025-09-15,-1.0
3316,data center,energy footprint,2025-02-17,,2025-03-19,-1.0
3317,data center,energy footprint,2025-01-18,,2025-02-17,-1.0
3318,data center,energy footprint,2025-04-18,,2025-05-18,-1.0
3319,data center,energy footprint,2025-03-19,,2025-04-18,-1.0
3320,data center,energy footprint,2023-01-29,,2023-02-28,-1.0
3321,data center,energy footprint,2022-12-30,,2023-01-29,-1.0
3322,data center,energy footprint,2023-02-28,,2023-03-30,-1.0
3323,data center,energy footprint,2022-11-30,,2022-12-30,-1.0
3324,data center,energy footprint,2023-04-29,,2023-05-29,-1.0
3325,data center,energy footprint,2023-03-30,,2023-04-29,-1.0
3326,data center,energy usage,2025-11-14,,2025-12-14,-1.0
3327,data center,energy usage,2025-10-15,,2025-11-14,-1.0
3328,data center,energy usage,2025-12-14,,2026-01-13,-1.0
3329,data center,energy usage,2026-01-13,,2026-02-12,-1.0
3330,data center,energy footprint,2023-11-25,,2023-12-25,-1.0
3331,data center,energy footprint,2023-10-26,,2023-11-25,-1.0
3332,data center,energy footprint,2023-12-25,,2024-01-24,-1.0
3333,data center,energy footprint,2023-09-26,,2023-10-26,-1.0
3334,data center,energy footprint,2024-01-24,,2024-02-23,-1.0
3335,data center,energy footprint,2023-06-28,,2023-07-28,-1.0
3336,data center,energy footprint,2023-05-29,,2023-06-28,-1.0
3337,data center,energy footprint,2023-07-28,,2023-08-27,-1.0
3338,data center,energy footprint,2023-08-27,,2023-09-26,-1.0
3339,data center,carbon imapct,2024-12-19,,2025-01-18,-1.0
3340,data center,carbon imapct,2024-11-19,,2024-12-19,-1.0
3341,data center,carbon imapct,2025-01-18,,2025-02-17,-1.0
3342,data center,carbon imapct,2024-10-20,,2024-11-19,-1.0
3343,data center,carbon imapct,2025-02-17,,2025-03-19,-1.0
3344,data center,carbon imapct,2025-03-19,,2025-04-18,-1.0
3345,data center,carbon imapct,2024-07-22,,2024-08-21,-1.0
3346,data center,carbon imapct,2024-06-22,,2024-07-22,-1.0
3347,data center,carbon imapct,2024-08-21,,2024-09-20,-1.0
3348,data center,carbon imapct,2024-05-23,,2024-06-22,-1.0
3349,data center,carbon imapct,2024-09-20,,2024-10-20,-1.0
3350,data center,carbon imapct,2025-10-15,,2025-11-14,-1.0
3351,data center,carbon imapct,2025-09-15,,2025-10-15,-1.0
3352,data center,carbon imapct,2025-08-16,,2025-09-15,-1.0
3353,data center,carbon imapct,2025-12-14,,2026-01-13,-1.0
3354,data center,carbon imapct,2026-01-13,,2026-02-12,-1.0
3355,data center,carbon imapct,2025-11-14,,2025-12-14,-1.0
3356,data center,carbon imapct,2025-05-18,,2025-06-17,-1.0
3357,data center,carbon imapct,2025-04-18,,2025-05-18,-1.0
3358,data center,carbon imapct,2025-07-17,,2025-08-16,-1.0
3359,data center,carbon imapct,2025-06-17,,2025-07-17,-1.0
3360,data center,carbon imapct,2023-04-29,,2023-05-29,-1.0
3361,data center,carbon imapct,2023-03-30,,2023-04-29,-1.0
3362,data center,carbon imapct,2023-05-29,,2023-06-28,-1.0
3363,data center,carbon imapct,2023-02-28,,2023-03-30,-1.0
3364,data center,carbon imapct,2023-07-28,,2023-08-27,-1.0
3365,data center,carbon imapct,2023-06-28,,2023-07-28,-1.0
3366,data center,carbon imapct,2022-11-30,,2022-12-30,-1.0
3367,data center,carbon imapct,2022-12-30,,2023-01-29,-1.0
3368,data center,carbon cost,2026-01-13,,2026-02-12,-1.0
3369,data center,carbon cost,2025-12-14,,2026-01-13,-1.0
3370,data center,carbon imapct,2023-01-29,,2023-02-28,-1.0
3371,data center,carbon imapct,2024-02-23,,2024-03-24,-1.0
3372,data center,carbon imapct,2024-01-24,,2024-02-23,-1.0
3373,data center,carbon imapct,2024-03-24,,2024-04-23,-1.0
3374,data center,carbon imapct,2023-12-25,,2024-01-24,-1.0
3375,data center,carbon imapct,2024-04-23,,2024-05-23,-1.0
3376,data center,carbon imapct,2023-09-26,,2023-10-26,-1.0
3377,data center,carbon imapct,2023-08-27,,2023-09-26,-1.0
3378,data center,carbon imapct,2023-10-26,,2023-11-25,-1.0
3379,data center,carbon imapct,2023-11-25,,2023-12-25,-1.0
3380,data center,carbon footprint,2024-12-19,,2025-01-18,-1.0
3381,data center,carbon footprint,2025-01-18,,2025-02-17,-1.0
3382,data center,carbon footprint,2024-11-19,,2024-12-19,-1.0
3383,data center,carbon footprint,2025-04-18,,2025-05-18,-1.0
3384,data center,carbon footprint,2025-03-19,,2025-04-18,-1.0
3385,data center,carbon footprint,2025-02-17,,2025-03-19,-1.0
3386,data center,carbon footprint,2024-07-22,,2024-08-21,-1.0
3387,data center,carbon footprint,2024-08-21,,2024-09-20,-1.0
3388,data center,carbon footprint,2024-06-22,,2024-07-22,-1.0
3389,data center,carbon footprint,2024-10-20,,2024-11-19,-1.0
3390,data center,carbon footprint,2024-09-20,,2024-10-20,-1.0
3391,data center,carbon footprint,2025-10-15,,2025-11-14,-1.0
3392,data center,carbon footprint,2025-11-14,,2025-12-14,-1.0
3393,data center,carbon footprint,2025-09-15,,2025-10-15,-1.0
3394,data center,carbon footprint,2026-01-13,,2026-02-12,-1.0
3395,data center,carbon footprint,2025-12-14,,2026-01-13,-1.0
3396,data center,carbon footprint,2025-05-18,,2025-06-17,-1.0
3397,data center,carbon footprint,2025-06-17,,2025-07-17,-1.0
3398,data center,carbon footprint,2025-08-16,,2025-09-15,-1.0
3399,data center,carbon footprint,2025-07-17,,2025-08-16,-1.0
3400,data center,carbon footprint,2023-05-29,,2023-06-28,-1.0
3401,data center,carbon footprint,2023-04-29,,2023-05-29,-1.0
3402,data center,carbon footprint,2023-03-30,,2023-04-29,-1.0
3403,data center,carbon footprint,2023-08-27,,2023-09-26,-1.0
3404,data center,carbon footprint,2023-07-28,,2023-08-27,-1.0
3405,data center,carbon footprint,2023-06-28,,2023-07-28,-1.0
3406,data center,carbon footprint,2022-12-30,,2023-01-29,-1.0
3407,data center,carbon footprint,2022-11-30,,2022-12-30,-1.0
3408,data center,carbon footprint,2023-02-28,,2023-03-30,-1.0
3409,data center,carbon footprint,2023-01-29,,2023-02-28,-1.0
3410,data center,carbon footprint,2024-02-23,,2024-03-24,-1.0
3411,data center,carbon footprint,2024-03-24,,2024-04-23,-1.0
3412,data center,carbon footprint,2024-01-24,,2024-02-23,-1.0
3413,data center,carbon footprint,2024-05-23,,2024-06-22,-1.0
3414,data center,carbon footprint,2024-04-23,,2024-05-23,-1.0
3415,data center,carbon footprint,2023-10-26,,2023-11-25,-1.0
3416,data center,carbon footprint,2023-09-26,,2023-10-26,-1.0
3417,data center,carbon footprint,2023-12-25,,2024-01-24,-1.0
3418,data center,carbon footprint,2023-11-25,,2023-12-25,-1.0
3419,data center,carbon emission,2024-11-19,,2024-12-19,-1.0
3420,data center,carbon emission,2024-10-20,,2024-11-19,-1.0
3421,data center,carbon emission,2024-09-20,,2024-10-20,-1.0
3422,data center,carbon emission,2025-02-17,,2025-03-19,-1.0
3423,data center,carbon emission,2025-01-18,,2025-02-17,-1.0
3424,data center,carbon emission,2024-12-19,,2025-01-18,-1.0
3425,data center,carbon emission,2024-06-22,,2024-07-22,-1.0
3426,data center,carbon emission,2024-05-23,,2024-06-22,-1.0
3427,data center,carbon emission,2024-04-23,,2024-05-23,-1.0
3428,data center,carbon emission,2024-08-21,,2024-09-20,-1.0
3429,data center,carbon emission,2024-07-22,,2024-08-21,-1.0
3430,data center,carbon emission,2025-08-16,,2025-09-15,-1.0
3431,data center,carbon emission,2025-09-15,,2025-10-15,-1.0
3432,data center,carbon emission,2025-07-17,,2025-08-16,-1.0
3433,data center,carbon emission,2025-11-14,,2025-12-14,-1.0
3434,data center,carbon emission,2025-10-15,,2025-11-14,-1.0
3435,data center,carbon emission,2025-12-14,,2026-01-13,-1.0
3436,data center,carbon emission,2025-03-19,,2025-04-18,-1.0
3437,data center,carbon emission,2025-04-18,,2025-05-18,-1.0
3438,data center,carbon emission,2025-06-17,,2025-07-17,-1.0
3439,data center,carbon emission,2025-05-18,,2025-06-17,-1.0
3440,data center,carbon emission,2023-03-30,,2023-04-29,-1.0
3441,data center,carbon emission,2023-02-28,,2023-03-30,-1.0
3442,data center,carbon emission,2023-01-29,,2023-02-28,-1.0
3443,data center,carbon emission,2023-04-29,,2023-05-29,-1.0
3444,data center,carbon emission,2023-06-28,,2023-07-28,-1.0
3445,data center,carbon emission,2023-05-29,,2023-06-28,-1.0
3446,data center,energy cost,2026-01-13,,2026-02-12,-1.0
3447,data center,energy cost,2025-12-14,,2026-01-13,-1.0
3448,data center,carbon emission,2022-11-30,,2022-12-30,-1.0
3449,data center,carbon emission,2022-12-30,,2023-01-29,-1.0
3450,data center,carbon emission,2024-01-24,,2024-02-23,-1.0
3451,data center,carbon emission,2023-12-25,,2024-01-24,-1.0
3452,data center,carbon emission,2023-11-25,,2023-12-25,-1.0
3453,data center,carbon emission,2024-03-24,,2024-04-23,-1.0
3454,data center,carbon emission,2024-02-23,,2024-03-24,-1.0
3455,data center,carbon emission,2023-08-27,,2023-09-26,-1.0
3456,data center,carbon emission,2023-07-28,,2023-08-27,-1.0
3457,data center,carbon emission,2023-10-26,,2023-11-25,-1.0
3458,data center,carbon emission,2023-09-26,,2023-10-26,-1.0
3459,data center,carbon cost,2024-11-19,,2024-12-19,-1.0
3460,data center,carbon cost,2024-12-19,,2025-01-18,-1.0
3461,data center,carbon cost,2024-10-20,,2024-11-19,-1.0
3462,data center,carbon cost,2024-09-20,,2024-10-20,-1.0
3463,data center,carbon cost,2025-02-17,,2025-03-19,-1.0
3464,data center,carbon cost,2025-01-18,,2025-02-17,-1.0
3465,data center,carbon cost,2024-06-22,,2024-07-22,-1.0
3466,data center,carbon cost,2024-07-22,,2024-08-21,-1.0
3467,data center,carbon cost,2024-05-23,,2024-06-22,-1.0
3468,data center,carbon cost,2024-08-21,,2024-09-20,-1.0
3469,data center,carbon cost,2024-04-23,,2024-05-23,-1.0
3470,data center,carbon cost,2025-09-15,,2025-10-15,-1.0
3471,data center,carbon cost,2025-10-15,,2025-11-14,-1.0
3472,data center,carbon cost,2025-08-16,,2025-09-15,-1.0
3473,data center,carbon cost,2025-07-17,,2025-08-16,-1.0
3474,data center,carbon cost,2025-11-14,,2025-12-14,-1.0
3475,data center,carbon cost,2025-04-18,,2025-05-18,-1.0
3476,data center,carbon cost,2025-05-18,,2025-06-17,-1.0
3477,data center,carbon cost,2025-03-19,,2025-04-18,-1.0
3478,data center,carbon cost,2025-06-17,,2025-07-17,-1.0
3479,data center,carbon cost,2023-03-30,,2023-04-29,-1.0
3480,data center,carbon cost,2023-04-29,,2023-05-29,-1.0
3481,data center,carbon cost,2023-02-28,,2023-03-30,-1.0
3482,data center,carbon cost,2023-07-28,,2023-08-27,-1.0
3483,data center,carbon cost,2023-06-28,,2023-07-28,-1.0
3484,data center,carbon cost,2023-05-29,,2023-06-28,-1.0
3485,data center,carbon emission,2026-01-13,,2026-02-12,-1.0
3486,data center,carbon cost,2022-11-30,,2022-12-30,-1.0
3487,data center,carbon cost,2023-01-29,,2023-02-28,-1.0
3488,data center,carbon cost,2022-12-30,,2023-01-29,-1.0
3489,data center,carbon cost,2024-01-24,,2024-02-23,-1.0
3490,data center,carbon cost,2024-02-23,,2024-03-24,-1.0
3491,data center,carbon cost,2023-12-25,,2024-01-24,-1.0
3492,data center,carbon cost,2024-03-24,,2024-04-23,-1.0
3493,data center,carbon cost,2023-08-27,,2023-09-26,-1.0
3494,data center,carbon cost,2023-09-26,,2023-10-26,-1.0
3495,data center,carbon cost,2023-11-25,,2023-12-25,-1.0
3496,data center,carbon cost,2023-10-26,,2023-11-25,-1.0
3497,data center,environment harm,2024-04-23,,2024-05-23,-1.0
3498,data center,environment harm,2024-05-23,,2024-06-22,-1.0
3499,data center,environment harm,2024-03-24,,2024-04-23,-1.0
3500,data center,environment harm,2024-07-22,,2024-08-21,-1.0
3501,data center,environment harm,2024-06-22,,2024-07-22,-1.0
3502,data center,environment harm,2024-08-21,,2024-09-20,-1.0
3503,data center,environment negative,2025-06-17,,2025-07-17,-1.0
3504,data center,environment harm,2023-11-25,,2023-12-25,-1.0
3505,data center,environment harm,2023-12-25,,2024-01-24,-1.0
3506,data center,environment harm,2023-10-26,,2023-11-25,-1.0
3507,data center,environment harm,2024-02-23,,2024-03-24,-1.0
3508,data center,environment harm,2024-01-24,,2024-02-23,-1.0
3509,data center,environment harm,2025-02-17,,2025-03-19,-1.0
3510,data center,environment harm,2025-03-19,,2025-04-18,-1.0
3511,data center,environment harm,2025-01-18,,2025-02-17,-1.0
3512,data center,environment harm,2025-05-18,,2025-06-17,-1.0
3513,data center,environment harm,2025-04-18,,2025-05-18,-1.0
3514,data center,environment harm,2025-06-17,,2025-07-17,-1.0
3515,data center,environment harm,2024-09-20,,2024-10-20,-1.0
3516,data center,environment harm,2024-10-20,,2024-11-19,-1.0
3517,data center,environment harm,2024-12-19,,2025-01-18,-1.0
3518,data center,environment harm,2024-11-19,,2024-12-19,-1.0
3519,data center,environment cost,2025-12-14,,2026-01-13,-1.0
3520,data center,environment cost,2025-11-14,,2025-12-14,-1.0
3521,data center,environment cost,2025-10-15,,2025-11-14,-1.0
3522,data center,environment harm,2022-12-30,,2023-01-29,-1.0
3523,data center,environment harm,2022-11-30,,2022-12-30,-1.0
3524,data center,environment cost,2026-01-13,,2026-02-12,-1.0
3525,data center,environment cost,2025-07-17,,2025-08-16,-1.0
3526,data center,environment cost,2025-06-17,,2025-07-17,-1.0
3527,data center,environment cost,2025-05-18,,2025-06-17,-1.0
3528,data center,environment cost,2025-09-15,,2025-10-15,-1.0
3529,data center,environment cost,2025-08-16,,2025-09-15,-1.0
3530,data center,environment harm,2023-07-28,,2023-08-27,-1.0
3531,data center,environment harm,2023-06-28,,2023-07-28,-1.0
3532,data center,environment harm,2023-05-29,,2023-06-28,-1.0
3533,data center,environment harm,2023-09-26,,2023-10-26,-1.0
3534,data center,environment harm,2023-08-27,,2023-09-26,-1.0
3535,data center,environment harm,2023-02-28,,2023-03-30,-1.0
3536,data center,environment harm,2023-01-29,,2023-02-28,-1.0
3537,data center,environment harm,2023-04-29,,2023-05-29,-1.0
3538,data center,environment harm,2023-03-30,,2023-04-29,-1.0
3539,data center,environment negative,2024-05-23,,2024-06-22,-1.0
3540,data center,environment negative,2024-06-22,,2024-07-22,-1.0
3541,data center,environment negative,2024-04-23,,2024-05-23,-1.0
3542,data center,environment negative,2024-03-24,,2024-04-23,-1.0
3543,data center,environment negative,2024-08-21,,2024-09-20,-1.0
3544,data center,environment negative,2024-07-22,,2024-08-21,-1.0
3545,data center,environment negative,2023-12-25,,2024-01-24,-1.0
3546,data center,environment negative,2024-01-24,,2024-02-23,-1.0
3547,data center,environment negative,2023-11-25,,2023-12-25,-1.0
3548,data center,environment negative,2023-10-26,,2023-11-25,-1.0
3549,data center,environment negative,2024-02-23,,2024-03-24,-1.0
3550,data center,environment negative,2025-03-19,,2025-04-18,-1.0
3551,data center,environment negative,2025-02-17,,2025-03-19,-1.0
3552,data center,environment negative,2025-04-18,,2025-05-18,-1.0
3553,data center,environment negative,2025-01-18,,2025-02-17,-1.0
3554,data center,environment negative,2025-05-18,,2025-06-17,-1.0
3555,data center,environment negative,2024-10-20,,2024-11-19,-1.0
3556,data center,environment negative,2024-11-19,,2024-12-19,-1.0
3557,data center,environment negative,2024-09-20,,2024-10-20,-1.0
3558,data center,environment negative,2024-12-19,,2025-01-18,-1.0
3559,data center,environment harm,2025-12-14,,2026-01-13,-1.0
3560,data center,environment harm,2026-01-13,,2026-02-12,-1.0
3561,data center,environment harm,2025-11-14,,2025-12-14,-1.0
3562,data center,environment negative,2022-12-30,,2023-01-29,-1.0
3563,data center,environment negative,2022-11-30,,2022-12-30,-1.0
3564,data center,environment harm,2025-07-17,,2025-08-16,-1.0
3565,data center,environment harm,2025-08-16,,2025-09-15,-1.0
3566,data center,environment harm,2025-10-15,,2025-11-14,-1.0
3567,data center,environment harm,2025-09-15,,2025-10-15,-1.0
3568,data center,environment negative,2023-01-29,,2023-02-28,-1.0
3569,data center,environment negative,2023-07-28,,2023-08-27,-1.0
3570,data center,environment negative,2023-08-27,,2023-09-26,-1.0
3571,data center,environment negative,2023-06-28,,2023-07-28,-1.0
3572,data center,environment negative,2023-05-29,,2023-06-28,-1.0
3573,data center,environment negative,2023-09-26,,2023-10-26,-1.0
3574,data center,environment negative,2023-02-28,,2023-03-30,-1.0
3575,data center,environment negative,2023-03-30,,2023-04-29,-1.0
3576,data center,environment negative,2023-04-29,,2023-05-29,-1.0
3577,data center,environment effect,2024-03-24,,2024-04-23,-1.0
3578,data center,environment effect,2024-04-23,,2024-05-23,-1.0
3579,data center,environment effect,2024-02-23,,2024-03-24,-1.0
3580,data center,environment effect,2024-06-22,,2024-07-22,-1.0
3581,data center,environment effect,2024-05-23,,2024-06-22,-1.0
3582,data center,environment effect,2023-10-26,,2023-11-25,-1.0
3583,data center,environment effect,2023-11-25,,2023-12-25,-1.0
3584,data center,environment effect,2024-01-24,,2024-02-23,-1.0
3585,data center,environment effect,2023-09-26,,2023-10-26,-1.0
3586,data center,environment effect,2023-12-25,,2024-01-24,-1.0
3587,data center,environment effect,2025-01-18,,2025-02-17,-1.0
3588,data center,environment effect,2025-02-17,,2025-03-19,-1.0
3589,data center,environment effect,2024-12-19,,2025-01-18,-1.0
3590,data center,environment effect,2024-11-19,,2024-12-19,-1.0
3591,data center,environment effect,2025-04-18,,2025-05-18,-1.0
3592,data center,environment effect,2025-03-19,,2025-04-18,-1.0
3593,data center,environment effect,2024-08-21,,2024-09-20,-1.0
3594,data center,environment effect,2024-09-20,,2024-10-20,-1.0
3595,data center,environment effect,2024-07-22,,2024-08-21,-1.0
3596,data center,environment effect,2024-10-20,,2024-11-19,-1.0
3597,data center,environment impact,2025-10-15,,2025-11-14,-1.0
3598,data center,environment impact,2025-11-14,,2025-12-14,-1.0
3599,data center,environment impact,2025-09-15,,2025-10-15,-1.0
3600,data center,environment effect,2022-11-30,,2022-12-30,-1.0
3601,data center,environment impact,2026-01-13,,2026-02-12,-1.0
3602,data center,environment impact,2025-12-14,,2026-01-13,-1.0
3603,data center,environment impact,2025-05-18,,2025-06-17,-1.0
3604,data center,environment impact,2025-06-17,,2025-07-17,-1.0
3605,data center,environment impact,2025-08-16,,2025-09-15,-1.0
3606,data center,environment impact,2025-07-17,,2025-08-16,-1.0
3607,data center,environment effect,2023-05-29,,2023-06-28,-1.0
3608,data center,environment effect,2023-06-28,,2023-07-28,-1.0
3609,data center,environment effect,2023-04-29,,2023-05-29,-1.0
3610,data center,environment effect,2023-08-27,,2023-09-26,-1.0
3611,data center,environment effect,2023-07-28,,2023-08-27,-1.0
3612,data center,environment effect,2022-12-30,,2023-01-29,-1.0
3613,data center,environment effect,2023-01-29,,2023-02-28,-1.0
3614,data center,environment effect,2023-03-30,,2023-04-29,-1.0
3615,data center,environment effect,2023-02-28,,2023-03-30,-1.0
3616,data center,environment cost,2024-04-23,,2024-05-23,-1.0
3617,data center,environment cost,2024-03-24,,2024-04-23,-1.0
3618,data center,environment cost,2024-05-23,,2024-06-22,-1.0
3619,data center,environment cost,2024-02-23,,2024-03-24,-1.0
3620,data center,environment cost,2024-07-22,,2024-08-21,-1.0
3621,data center,environment cost,2024-06-22,,2024-07-22,-1.0
3622,data center,environment cost,2023-11-25,,2023-12-25,-1.0
3623,data center,environment cost,2023-10-26,,2023-11-25,-1.0
3624,data center,environment cost,2023-12-25,,2024-01-24,-1.0
3625,data center,environment cost,2023-09-26,,2023-10-26,-1.0
3626,data center,environment cost,2024-01-24,,2024-02-23,-1.0
3627,data center,environment cost,2025-02-17,,2025-03-19,-1.0
3628,data center,environment cost,2025-01-18,,2025-02-17,-1.0
3629,data center,environment cost,2024-12-19,,2025-01-18,-1.0
3630,data center,environment cost,2025-03-19,,2025-04-18,-1.0
3631,data center,environment cost,2025-04-18,,2025-05-18,-1.0
3632,data center,environment cost,2024-09-20,,2024-10-20,-1.0
3633,data center,environment cost,2024-08-21,,2024-09-20,-1.0
3634,data center,environment cost,2024-10-20,,2024-11-19,-1.0
3635,data center,environment cost,2024-11-19,,2024-12-19,-1.0
3636,data center,environment effect,2025-11-14,,2025-12-14,-1.0
3637,data center,environment effect,2025-12-14,,2026-01-13,-1.0
3638,data center,environment effect,2025-10-15,,2025-11-14,-1.0
3639,data center,environment effect,2025-09-15,,2025-10-15,-1.0
3640,data center,environment cost,2022-11-30,,2022-12-30,-1.0
3641,data center,environment effect,2026-01-13,,2026-02-12,-1.0
3642,data center,environment effect,2025-06-17,,2025-07-17,-1.0
3643,data center,environment effect,2025-07-17,,2025-08-16,-1.0
3644,data center,environment effect,2025-05-18,,2025-06-17,-1.0
3645,data center,environment effect,2025-08-16,,2025-09-15,-1.0
3646,data center,environment cost,2023-06-28,,2023-07-28,-1.0
3647,data center,environment cost,2023-05-29,,2023-06-28,-1.0
3648,data center,environment cost,2023-07-28,,2023-08-27,-1.0
3649,data center,environment cost,2023-04-29,,2023-05-29,-1.0
3650,data center,environment cost,2023-08-27,,2023-09-26,-1.0
3651,data center,environment cost,2023-01-29,,2023-02-28,-1.0
3652,data center,environment cost,2023-02-28,,2023-03-30,-1.0
3653,data center,environment cost,2022-12-30,,2023-01-29,-1.0
3654,data center,environment cost,2023-03-30,,2023-04-29,-1.0
3655,data center,energy consumption,2024-07-22,,2024-08-21,-1.0
3656,data center,energy consumption,2024-06-22,,2024-07-22,-1.0
3657,data center,energy consumption,2024-08-21,,2024-09-20,-1.0
3658,data center,energy consumption,2024-05-23,,2024-06-22,-1.0
3659,data center,energy consumption,2024-09-20,,2024-10-20,-1.0
3660,data center,energy consumption,2024-10-20,,2024-11-19,-1.0
3661,data center,energy consumption,2024-02-23,,2024-03-24,-1.0
3662,data center,energy consumption,2024-01-24,,2024-02-23,-1.0
3663,data center,energy consumption,2024-03-24,,2024-04-23,-1.0
3664,data center,energy consumption,2023-12-25,,2024-01-24,-1.0
3665,data center,energy consumption,2024-04-23,,2024-05-23,-1.0
3666,data center,energy consumption,2025-05-18,,2025-06-17,-1.0
3667,data center,energy consumption,2025-04-18,,2025-05-18,-1.0
3668,data center,energy consumption,2025-06-17,,2025-07-17,-1.0
3669,data center,energy consumption,2025-03-19,,2025-04-18,-1.0
3670,data center,energy consumption,2025-07-17,,2025-08-16,-1.0
3671,data center,energy consumption,2025-08-16,,2025-09-15,-1.0
3672,data center,energy consumption,2024-12-19,,2025-01-18,-1.0
3673,data center,energy consumption,2024-11-19,,2024-12-19,-1.0
3674,data center,energy consumption,2025-01-18,,2025-02-17,-1.0
3675,data center,energy consumption,2025-02-17,,2025-03-19,-1.0
3676,data center,energy consumption,2022-11-30,,2022-12-30,-1.0
3677,data center,energy consumption,2022-12-30,,2023-01-29,-1.0
3678,data center,waste,2026-01-13,,2026-02-12,-1.0
3679,data center,waste,2025-12-14,,2026-01-13,-1.0
3680,data center,energy consumption,2023-02-28,,2023-03-30,-1.0
3681,data center,energy consumption,2023-01-29,,2023-02-28,-1.0
3682,data center,waste,2025-09-15,,2025-10-15,-1.0
3683,data center,waste,2025-10-15,,2025-11-14,-1.0
3684,data center,waste,2025-08-16,,2025-09-15,-1.0
3685,data center,waste,2025-07-17,,2025-08-16,-1.0
3686,data center,waste,2025-11-14,,2025-12-14,-1.0
3687,data center,energy consumption,2023-09-26,,2023-10-26,-1.0
3688,data center,energy consumption,2023-10-26,,2023-11-25,-1.0
3689,data center,energy consumption,2023-08-27,,2023-09-26,-1.0
3690,data center,energy consumption,2023-07-28,,2023-08-27,-1.0
3691,data center,energy consumption,2023-11-25,,2023-12-25,-1.0
3692,data center,energy consumption,2023-04-29,,2023-05-29,-1.0
3693,data center,energy consumption,2023-05-29,,2023-06-28,-1.0
3694,data center,energy consumption,2023-03-30,,2023-04-29,-1.0
3695,data center,energy consumption,2023-06-28,,2023-07-28,-1.0
3696,data center,energy use,2024-07-22,,2024-08-21,-1.0
3697,data center,energy use,2024-08-21,,2024-09-20,-1.0
3698,data center,energy use,2024-06-22,,2024-07-22,-1.0
3699,data center,energy use,2024-11-19,,2024-12-19,-1.0
3700,data center,energy use,2024-10-20,,2024-11-19,-1.0
3701,data center,energy use,2024-09-20,,2024-10-20,-1.0
3702,data center,energy use,2024-03-24,,2024-04-23,-1.0
3703,data center,energy use,2024-02-23,,2024-03-24,-1.0
3704,data center,energy use,2024-01-24,,2024-02-23,-1.0
3705,data center,energy use,2024-05-23,,2024-06-22,-1.0
3706,data center,energy use,2024-04-23,,2024-05-23,-1.0
3707,data center,energy use,2025-05-18,,2025-06-17,-1.0
3708,data center,energy use,2025-06-17,,2025-07-17,-1.0
3709,data center,energy use,2025-04-18,,2025-05-18,-1.0
3710,data center,energy use,2025-08-16,,2025-09-15,-1.0
3711,data center,energy use,2025-07-17,,2025-08-16,-1.0
3712,data center,energy use,2024-12-19,,2025-01-18,-1.0
3713,data center,energy use,2025-01-18,,2025-02-17,-1.0
3714,data center,energy use,2025-03-19,,2025-04-18,-1.0
3715,data center,energy use,2025-02-17,,2025-03-19,-1.0
3716,data center,energy use,2022-12-30,,2023-01-29,-1.0
3717,data center,energy use,2022-11-30,,2022-12-30,-1.0
3718,data center,energy consumption,2026-01-13,,2026-02-12,-1.0
3719,data center,energy use,2023-03-30,,2023-04-29,-1.0
3720,data center,energy use,2023-02-28,,2023-03-30,-1.0
3721,data center,energy use,2023-01-29,,2023-02-28,-1.0
3722,data center,energy consumption,2025-10-15,,2025-11-14,-1.0
3723,data center,energy consumption,2025-09-15,,2025-10-15,-1.0
3724,data center,energy consumption,2025-11-14,,2025-12-14,-1.0
3725,data center,energy consumption,2025-12-14,,2026-01-13,-1.0
3726,data center,energy use,2023-10-26,,2023-11-25,-1.0
3727,data center,energy use,2023-09-26,,2023-10-26,-1.0
3728,data center,energy use,2023-08-27,,2023-09-26,-1.0
3729,data center,energy use,2023-12-25,,2024-01-24,-1.0
3730,data center,energy use,2023-11-25,,2023-12-25,-1.0
3731,data center,energy use,2023-05-29,,2023-06-28,-1.0
3732,data center,energy use,2023-04-29,,2023-05-29,-1.0
3733,data center,energy use,2023-07-28,,2023-08-27,-1.0
3734,data center,energy use,2023-06-28,,2023-07-28,-1.0
3735,data center,pollution,2024-06-22,,2024-07-22,-1.0
3736,data center,pollution,2024-05-23,,2024-06-22,-1.0
3737,data center,pollution,2024-04-23,,2024-05-23,-1.0
3738,data center,pollution,2024-09-20,,2024-10-20,-1.0
3739,data center,pollution,2024-08-21,,2024-09-20,-1.0
3740,data center,pollution,2024-07-22,,2024-08-21,-1.0
3741,data center,pollution,2024-01-24,,2024-02-23,-1.0
3742,data center,pollution,2023-12-25,,2024-01-24,-1.0
3743,data center,pollution,2023-11-25,,2023-12-25,-1.0
3744,data center,pollution,2024-03-24,,2024-04-23,-1.0
3745,data center,pollution,2024-02-23,,2024-03-24,-1.0
3746,data center,pollution,2025-04-18,,2025-05-18,-1.0
3747,data center,pollution,2025-03-19,,2025-04-18,-1.0
3748,data center,pollution,2025-02-17,,2025-03-19,-1.0
3749,data center,pollution,2025-06-17,,2025-07-17,-1.0
3750,data center,pollution,2025-07-17,,2025-08-16,-1.0
3751,data center,pollution,2025-05-18,,2025-06-17,-1.0
3752,data center,pollution,2024-11-19,,2024-12-19,-1.0
3753,data center,pollution,2024-10-20,,2024-11-19,-1.0
3754,data center,pollution,2025-01-18,,2025-02-17,-1.0
3755,data center,pollution,2024-12-19,,2025-01-18,-1.0
3756,data center,environment negative,2026-01-13,,2026-02-12,-1.0
3757,data center,environment negative,2025-12-14,,2026-01-13,-1.0
3758,data center,pollution,2022-11-30,,2022-12-30,-1.0
3759,data center,environment negative,2025-11-14,,2025-12-14,-1.0
3760,data center,pollution,2023-01-29,,2023-02-28,-1.0
3761,data center,pollution,2022-12-30,,2023-01-29,-1.0
3762,data center,environment negative,2025-08-16,,2025-09-15,-1.0
3763,data center,environment negative,2025-07-17,,2025-08-16,-1.0
3764,data center,environment negative,2025-09-15,,2025-10-15,-1.0
3765,data center,environment negative,2025-10-15,,2025-11-14,-1.0
3766,data center,pollution,2023-08-27,,2023-09-26,-1.0
3767,data center,pollution,2023-07-28,,2023-08-27,-1.0
3768,data center,pollution,2023-09-26,,2023-10-26,-1.0
3769,data center,pollution,2023-06-28,,2023-07-28,-1.0
3770,data center,pollution,2023-10-26,,2023-11-25,-1.0
3771,data center,pollution,2023-03-30,,2023-04-29,-1.0
3772,data center,pollution,2023-02-28,,2023-03-30,-1.0
3773,data center,pollution,2023-04-29,,2023-05-29,-1.0
3774,data center,pollution,2023-05-29,,2023-06-28,-1.0
3775,data center,waste,2024-06-22,,2024-07-22,-1.0
3776,data center,waste,2024-07-22,,2024-08-21,-1.0
3777,data center,waste,2024-05-23,,2024-06-22,-1.0
3778,data center,waste,2024-10-20,,2024-11-19,-1.0
3779,data center,waste,2024-09-20,,2024-10-20,-1.0
3780,data center,waste,2024-08-21,,2024-09-20,-1.0
3781,data center,waste,2024-01-24,,2024-02-23,-1.0
3782,data center,waste,2024-02-23,,2024-03-24,-1.0
3783,data center,waste,2023-12-25,,2024-01-24,-1.0
3784,data center,waste,2024-04-23,,2024-05-23,-1.0
3785,data center,waste,2024-03-24,,2024-04-23,-1.0
3786,data center,waste,2025-04-18,,2025-05-18,-1.0
3787,data center,waste,2025-05-18,,2025-06-17,-1.0
3788,data center,waste,2025-03-19,,2025-04-18,-1.0
3789,data center,waste,2025-02-17,,2025-03-19,-1.0
3790,data center,waste,2025-06-17,,2025-07-17,-1.0
3791,data center,waste,2024-11-19,,2024-12-19,-1.0
3792,data center,waste,2024-12-19,,2025-01-18,-1.0
3793,data center,waste,2025-01-18,,2025-02-17,-1.0
3794,data center,pollution,2026-01-13,,2026-02-12,-1.0
3795,data center,waste,2022-11-30,,2022-12-30,-1.0
3796,data center,pollution,2025-12-14,,2026-01-13,-1.0
3797,data center,waste,2023-02-28,,2023-03-30,-1.0
3798,data center,waste,2023-01-29,,2023-02-28,-1.0
3799,data center,waste,2022-12-30,,2023-01-29,-1.0
3800,data center,pollution,2025-09-15,,2025-10-15,-1.0
3801,data center,pollution,2025-08-16,,2025-09-15,-1.0
3802,data center,pollution,2025-11-14,,2025-12-14,-1.0
3803,data center,pollution,2025-10-15,,2025-11-14,-1.0
3804,data center,waste,2023-08-27,,2023-09-26,-1.0
3805,data center,waste,2023-09-26,,2023-10-26,-1.0
3806,data center,waste,2023-07-28,,2023-08-27,-1.0
3807,data center,waste,2023-11-25,,2023-12-25,-1.0
3808,data center,waste,2023-10-26,,2023-11-25,-1.0
3809,data center,waste,2023-03-30,,2023-04-29,-1.0
3810,data center,waste,2023-04-29,,2023-05-29,-1.0
3811,data center,waste,2023-06-28,,2023-07-28,-1.0
3812,data center,waste,2023-05-29,,2023-06-28,-1.0
3813,Llama,carbon cost,2025-07-17,,2025-08-16,-1.0
3814,Llama,carbon cost,2025-08-16,,2025-09-15,-1.0
3815,Llama,carbon cost,2025-06-17,,2025-07-17,-1.0
3816,Llama,carbon cost,2025-05-18,,2025-06-17,-1.0
3817,Llama,carbon cost,2025-10-15,,2025-11-14,-1.0
3818,Llama,carbon cost,2025-09-15,,2025-10-15,-1.0
3819,Llama,carbon footprint,2023-06-28,,2023-07-28,-1.0
3820,Llama,carbon cost,2025-02-17,,2025-03-19,-1.0
3821,Llama,carbon cost,2025-03-19,,2025-04-18,-1.0
3822,Llama,carbon cost,2025-01-18,,2025-02-17,-1.0
3823,Llama,carbon cost,2024-12-19,,2025-01-18,-1.0
3824,Llama,carbon cost,2025-04-18,,2025-05-18,-1.0
3825,Llama,carbon imapct,2023-02-28,,2023-03-30,-1.0
3826,Llama,carbon imapct,2023-03-30,,2023-04-29,-1.0
3827,Llama,carbon imapct,2023-01-29,,2023-02-28,-1.0
3828,Llama,carbon imapct,2022-12-30,,2023-01-29,-1.0
3829,Llama,carbon imapct,2023-04-29,,2023-05-29,-1.0
3830,Llama,carbon imapct,2023-05-29,,2023-06-28,-1.0
3831,Llama,carbon cost,2025-12-14,,2026-01-13,-1.0
3832,Llama,carbon cost,2026-01-13,,2026-02-12,-1.0
3833,Llama,carbon cost,2025-11-14,,2025-12-14,-1.0
3834,Llama,carbon imapct,2022-11-30,,2022-12-30,-1.0
3835,Llama,carbon cost,2023-11-25,,2023-12-25,-1.0
3836,Llama,carbon cost,2023-12-25,,2024-01-24,-1.0
3837,Llama,carbon cost,2023-10-26,,2023-11-25,-1.0
3838,Llama,carbon cost,2024-03-24,,2024-04-23,-1.0
3839,Llama,carbon cost,2024-02-23,,2024-03-24,-1.0
3840,Llama,carbon cost,2024-01-24,,2024-02-23,-1.0
3841,Llama,carbon cost,2023-06-28,,2023-07-28,-1.0
3842,Llama,carbon cost,2023-07-28,,2023-08-27,-1.0
3843,Llama,carbon cost,2023-05-29,,2023-06-28,-1.0
3844,Llama,carbon cost,2023-09-26,,2023-10-26,-1.0
3845,Llama,carbon cost,2023-08-27,,2023-09-26,-1.0
3846,Llama,carbon cost,2024-09-20,,2024-10-20,-1.0
3847,Llama,carbon cost,2024-10-20,,2024-11-19,-1.0
3848,Llama,carbon cost,2024-08-21,,2024-09-20,-1.0
3849,Llama,carbon cost,2024-11-19,,2024-12-19,-1.0
3850,Llama,carbon cost,2024-07-22,,2024-08-21,-1.0
3851,Llama,carbon cost,2024-04-23,,2024-05-23,-1.0
3852,Llama,carbon cost,2024-05-23,,2024-06-22,-1.0
3853,Llama,carbon cost,2024-06-22,,2024-07-22,-1.0
3854,Llama,carbon imapct,2025-08-16,,2025-09-15,-1.0
3855,Llama,carbon imapct,2025-07-17,,2025-08-16,-1.0
3856,Llama,carbon imapct,2025-06-17,,2025-07-17,-1.0
3857,Llama,carbon imapct,2025-11-14,,2025-12-14,-1.0
3858,Llama,carbon imapct,2025-10-15,,2025-11-14,-1.0
3859,Llama,carbon imapct,2025-09-15,,2025-10-15,-1.0
3860,Llama,carbon imapct,2025-03-19,,2025-04-18,-1.0
3861,Llama,carbon imapct,2025-02-17,,2025-03-19,-1.0
3862,Llama,carbon imapct,2025-01-18,,2025-02-17,-1.0
3863,Llama,carbon imapct,2025-04-18,,2025-05-18,-1.0
3864,Llama,carbon imapct,2025-05-18,,2025-06-17,-1.0
3865,Llama,carbon footprint,2023-03-30,,2023-04-29,-1.0
3866,Llama,carbon footprint,2023-02-28,,2023-03-30,-1.0
3867,Llama,carbon footprint,2023-01-29,,2023-02-28,-1.0
3868,Llama,carbon footprint,2023-05-29,,2023-06-28,-1.0
3869,Llama,carbon footprint,2023-04-29,,2023-05-29,-1.0
3870,Llama,carbon imapct,2026-01-13,,2026-02-12,-1.0
3871,Llama,carbon imapct,2025-12-14,,2026-01-13,-1.0
3872,Llama,carbon footprint,2022-12-30,,2023-01-29,-1.0
3873,Llama,carbon footprint,2022-11-30,,2022-12-30,-1.0
3874,Llama,carbon imapct,2023-12-25,,2024-01-24,-1.0
3875,Llama,carbon imapct,2023-11-25,,2023-12-25,-1.0
3876,Llama,carbon imapct,2024-01-24,,2024-02-23,-1.0
3877,Llama,carbon imapct,2023-10-26,,2023-11-25,-1.0
3878,Llama,carbon imapct,2024-03-24,,2024-04-23,-1.0
3879,Llama,carbon imapct,2024-02-23,,2024-03-24,-1.0
3880,Llama,carbon imapct,2023-07-28,,2023-08-27,-1.0
3881,Llama,carbon imapct,2023-06-28,,2023-07-28,-1.0
3882,Llama,carbon imapct,2023-08-27,,2023-09-26,-1.0
3883,Llama,carbon imapct,2023-09-26,,2023-10-26,-1.0
3884,Llama,carbon imapct,2024-10-20,,2024-11-19,-1.0
3885,Llama,carbon imapct,2024-09-20,,2024-10-20,-1.0
3886,Llama,carbon imapct,2024-11-19,,2024-12-19,-1.0
3887,Llama,carbon imapct,2024-08-21,,2024-09-20,-1.0
3888,Llama,carbon imapct,2024-12-19,,2025-01-18,-1.0
3889,Llama,carbon imapct,2024-05-23,,2024-06-22,-1.0
3890,Llama,carbon imapct,2024-04-23,,2024-05-23,-1.0
3891,Llama,carbon imapct,2024-06-22,,2024-07-22,-1.0
3892,Llama,carbon imapct,2024-07-22,,2024-08-21,-1.0
3893,Llama,energy cost,2025-06-17,,2025-07-17,-1.0
3894,Llama,energy cost,2025-05-18,,2025-06-17,-1.0
3895,Llama,energy cost,2025-07-17,,2025-08-16,-1.0
3896,Llama,energy cost,2025-04-18,,2025-05-18,-1.0
3897,Llama,energy cost,2025-09-15,,2025-10-15,-1.0
3898,Llama,energy cost,2025-08-16,,2025-09-15,-1.0
3899,Llama,energy cost,2025-01-18,,2025-02-17,-1.0
3900,Llama,energy cost,2024-12-19,,2025-01-18,-1.0
3901,Llama,energy cost,2025-02-17,,2025-03-19,-1.0
3902,Llama,energy cost,2024-11-19,,2024-12-19,-1.0
3903,Llama,energy cost,2025-03-19,,2025-04-18,-1.0
3904,Llama,carbon emission,2023-01-29,,2023-02-28,-1.0
3905,Llama,carbon emission,2022-12-30,,2023-01-29,-1.0
3906,Llama,carbon emission,2023-02-28,,2023-03-30,-1.0
3907,Llama,carbon emission,2022-11-30,,2022-12-30,-1.0
3908,Llama,carbon emission,2023-03-30,,2023-04-29,-1.0
3909,Llama,carbon emission,2023-04-29,,2023-05-29,-1.0
3910,Llama,energy cost,2025-11-14,,2025-12-14,-1.0
3911,Llama,energy cost,2025-10-15,,2025-11-14,-1.0
3912,Llama,energy cost,2025-12-14,,2026-01-13,-1.0
3913,Llama,energy cost,2026-01-13,,2026-02-12,-1.0
3914,Llama,energy cost,2023-10-26,,2023-11-25,-1.0
3915,Llama,energy cost,2023-11-25,,2023-12-25,-1.0
3916,Llama,energy cost,2023-09-26,,2023-10-26,-1.0
3917,Llama,energy cost,2023-08-27,,2023-09-26,-1.0
3918,Llama,energy cost,2024-01-24,,2024-02-23,-1.0
3919,Llama,energy cost,2023-12-25,,2024-01-24,-1.0
3920,Llama,energy cost,2023-05-29,,2023-06-28,-1.0
3921,Llama,energy cost,2023-06-28,,2023-07-28,-1.0
3922,Llama,energy cost,2023-04-29,,2023-05-29,-1.0
3923,Llama,energy cost,2023-03-30,,2023-04-29,-1.0
3924,Llama,energy cost,2023-07-28,,2023-08-27,-1.0
3925,Llama,energy cost,2024-08-21,,2024-09-20,-1.0
3926,Llama,energy cost,2024-09-20,,2024-10-20,-1.0
3927,Llama,energy cost,2024-07-22,,2024-08-21,-1.0
3928,Llama,energy cost,2024-06-22,,2024-07-22,-1.0
3929,Llama,energy cost,2024-10-20,,2024-11-19,-1.0
3930,Llama,energy cost,2024-03-24,,2024-04-23,-1.0
3931,Llama,energy cost,2024-04-23,,2024-05-23,-1.0
3932,Llama,energy cost,2024-02-23,,2024-03-24,-1.0
3933,Llama,energy cost,2024-05-23,,2024-06-22,-1.0
3934,Llama,carbon emission,2025-06-17,,2025-07-17,-1.0
3935,Llama,carbon emission,2025-07-17,,2025-08-16,-1.0
3936,Llama,carbon emission,2025-05-18,,2025-06-17,-1.0
3937,Llama,carbon emission,2025-10-15,,2025-11-14,-1.0
3938,Llama,carbon emission,2025-09-15,,2025-10-15,-1.0
3939,Llama,carbon emission,2025-08-16,,2025-09-15,-1.0
3940,Llama,carbon emission,2025-02-17,,2025-03-19,-1.0
3941,Llama,carbon emission,2025-01-18,,2025-02-17,-1.0
3942,Llama,carbon emission,2024-12-19,,2025-01-18,-1.0
3943,Llama,carbon emission,2025-04-18,,2025-05-18,-1.0
3944,Llama,carbon emission,2025-03-19,,2025-04-18,-1.0
3945,Llama,carbon cost,2023-01-29,,2023-02-28,-1.0
3946,Llama,carbon cost,2023-02-28,,2023-03-30,-1.0
3947,Llama,carbon cost,2022-12-30,,2023-01-29,-1.0
3948,Llama,carbon cost,2023-04-29,,2023-05-29,-1.0
3949,Llama,carbon cost,2023-03-30,,2023-04-29,-1.0
3950,Llama,carbon emission,2025-11-14,,2025-12-14,-1.0
3951,Llama,carbon emission,2025-12-14,,2026-01-13,-1.0
3952,Llama,carbon cost,2022-11-30,,2022-12-30,-1.0
3953,Llama,carbon emission,2026-01-13,,2026-02-12,-1.0
3954,Llama,carbon emission,2023-11-25,,2023-12-25,-1.0
3955,Llama,carbon emission,2023-10-26,,2023-11-25,-1.0
3956,Llama,carbon emission,2023-09-26,,2023-10-26,-1.0
3957,Llama,carbon emission,2024-02-23,,2024-03-24,-1.0
3958,Llama,carbon emission,2024-01-24,,2024-02-23,-1.0
3959,Llama,carbon emission,2023-12-25,,2024-01-24,-1.0
3960,Llama,carbon emission,2023-06-28,,2023-07-28,-1.0
3961,Llama,carbon emission,2023-05-29,,2023-06-28,-1.0
3962,Llama,carbon emission,2023-07-28,,2023-08-27,-1.0
3963,Llama,carbon emission,2023-08-27,,2023-09-26,-1.0
3964,Llama,carbon emission,2024-09-20,,2024-10-20,-1.0
3965,Llama,carbon emission,2024-08-21,,2024-09-20,-1.0
3966,Llama,carbon emission,2024-07-22,,2024-08-21,-1.0
3967,Llama,carbon emission,2024-11-19,,2024-12-19,-1.0
3968,Llama,carbon emission,2024-10-20,,2024-11-19,-1.0
3969,Llama,carbon emission,2024-04-23,,2024-05-23,-1.0
3970,Llama,carbon emission,2024-03-24,,2024-04-23,-1.0
3971,Llama,carbon emission,2024-06-22,,2024-07-22,-1.0
3972,Llama,carbon emission,2024-05-23,,2024-06-22,-1.0
3973,Claude,water usage,2025-10-15,,2025-11-14,-1.0
3974,Claude,water usage,2025-09-15,,2025-10-15,-1.0
3975,Claude,water usage,2025-08-16,,2025-09-15,-1.0
3976,Claude,water usage,2025-12-14,,2026-01-13,-1.0
3977,Claude,water usage,2026-01-13,,2026-02-12,-1.0
3978,Claude,water usage,2025-11-14,,2025-12-14,-1.0
3979,Claude,water usage,2025-05-18,,2025-06-17,-1.0
3980,Claude,water usage,2025-04-18,,2025-05-18,-1.0
3981,Claude,water usage,2025-03-19,,2025-04-18,-1.0
3982,Claude,water usage,2025-07-17,,2025-08-16,-1.0
3983,Claude,water usage,2025-06-17,,2025-07-17,-1.0
3984,Claude,water footprint,2023-04-29,,2023-05-29,-1.0
3985,Claude,water footprint,2023-05-29,,2023-06-28,-1.0
3986,Claude,water footprint,2023-03-30,,2023-04-29,-1.0
3987,Claude,water footprint,2023-07-28,,2023-08-27,-1.0
3988,Claude,water footprint,2023-06-28,,2023-07-28,-1.0
3989,Claude,water footprint,2023-08-27,,2023-09-26,-1.0
3990,Claude,water footprint,2022-11-30,,2022-12-30,-1.0
3991,Claude,water footprint,2022-12-30,,2023-01-29,-1.0
3992,Claude,water footprint,2023-02-28,,2023-03-30,-1.0
3993,Claude,water footprint,2023-01-29,,2023-02-28,-1.0
3994,Claude,water usage,2024-02-23,,2024-03-24,-1.0
3995,Claude,water usage,2024-01-24,,2024-02-23,-1.0
3996,Claude,water usage,2023-12-25,,2024-01-24,-1.0
3997,Claude,water usage,2024-05-23,,2024-06-22,-1.0
3998,Claude,water usage,2024-04-23,,2024-05-23,-1.0
3999,Claude,water usage,2024-03-24,,2024-04-23,-1.0
4000,Claude,water usage,2023-09-26,,2023-10-26,-1.0
4001,Claude,water usage,2023-08-27,,2023-09-26,-1.0
4002,Claude,water usage,2023-10-26,,2023-11-25,-1.0
4003,Claude,water usage,2023-07-28,,2023-08-27,-1.0
4004,Claude,water usage,2023-11-25,,2023-12-25,-1.0
4005,Claude,water usage,2024-12-19,,2025-01-18,-1.0
4006,Claude,water usage,2024-11-19,,2024-12-19,-1.0
4007,Claude,water usage,2024-10-20,,2024-11-19,-1.0
4008,Claude,water usage,2025-02-17,,2025-03-19,-1.0
4009,Claude,water usage,2025-01-18,,2025-02-17,-1.0
4010,Claude,water usage,2024-07-22,,2024-08-21,-1.0
4011,Claude,water usage,2024-06-22,,2024-07-22,-1.0
4012,Claude,water usage,2024-09-20,,2024-10-20,-1.0
4013,Claude,water usage,2024-08-21,,2024-09-20,-1.0
4014,Claude,water footprint,2025-10-15,,2025-11-14,-1.0
4015,Claude,water footprint,2025-11-14,,2025-12-14,-1.0
4016,Claude,water footprint,2025-09-15,,2025-10-15,-1.0
4017,Claude,water footprint,2025-08-16,,2025-09-15,-1.0
4018,Claude,water footprint,2026-01-13,,2026-02-12,-1.0
4019,Claude,water footprint,2025-12-14,,2026-01-13,-1.0
4020,Claude,water footprint,2025-05-18,,2025-06-17,-1.0
4021,Claude,water footprint,2025-06-17,,2025-07-17,-1.0
4022,Claude,water footprint,2025-04-18,,2025-05-18,-1.0
4023,Claude,water footprint,2025-07-17,,2025-08-16,-1.0
4024,Claude,water footprint,2025-03-19,,2025-04-18,-1.0
4025,Claude,water impact,2023-05-29,,2023-06-28,-1.0
4026,Claude,water impact,2023-06-28,,2023-07-28,-1.0
4027,Claude,water impact,2023-04-29,,2023-05-29,-1.0
4028,Claude,water impact,2023-03-30,,2023-04-29,-1.0
4029,Claude,water impact,2023-08-27,,2023-09-26,-1.0
4030,Claude,water impact,2023-07-28,,2023-08-27,-1.0
4031,Claude,water impact,2022-12-30,,2023-01-29,-1.0
4032,Claude,water impact,2023-01-29,,2023-02-28,-1.0
4033,Claude,water impact,2022-11-30,,2022-12-30,-1.0
4034,Claude,water impact,2023-02-28,,2023-03-30,-1.0
4035,Claude,water footprint,2024-02-23,,2024-03-24,-1.0
4036,Claude,water footprint,2024-03-24,,2024-04-23,-1.0
4037,Claude,water footprint,2024-01-24,,2024-02-23,-1.0
4038,Claude,water footprint,2024-06-22,,2024-07-22,-1.0
4039,Claude,water footprint,2024-05-23,,2024-06-22,-1.0
4040,Claude,water footprint,2024-04-23,,2024-05-23,-1.0
4041,Claude,water footprint,2023-09-26,,2023-10-26,-1.0
4042,Claude,water footprint,2023-10-26,,2023-11-25,-1.0
4043,Claude,water footprint,2023-12-25,,2024-01-24,-1.0
4044,Claude,water footprint,2023-11-25,,2023-12-25,-1.0
4045,Claude,water footprint,2024-12-19,,2025-01-18,-1.0
4046,Claude,water footprint,2025-01-18,,2025-02-17,-1.0
4047,Claude,water footprint,2024-11-19,,2024-12-19,-1.0
4048,Claude,water footprint,2025-02-17,,2025-03-19,-1.0
4049,Claude,water footprint,2024-07-22,,2024-08-21,-1.0
4050,Claude,water footprint,2024-08-21,,2024-09-20,-1.0
4051,Claude,water footprint,2024-10-20,,2024-11-19,-1.0
4052,Claude,water footprint,2024-09-20,,2024-10-20,-1.0
4053,Llama,carbon footprint,2025-08-16,,2025-09-15,-1.0
4054,Llama,carbon footprint,2025-09-15,,2025-10-15,-1.0
4055,Llama,carbon footprint,2025-07-17,,2025-08-16,-1.0
4056,Llama,carbon footprint,2025-12-14,,2026-01-13,-1.0
4057,Llama,carbon footprint,2025-11-14,,2025-12-14,-1.0
4058,Llama,carbon footprint,2025-10-15,,2025-11-14,-1.0
4059,Llama,carbon footprint,2025-03-19,,2025-04-18,-1.0
4060,Llama,carbon footprint,2025-04-18,,2025-05-18,-1.0
4061,Llama,carbon footprint,2025-02-17,,2025-03-19,-1.0
4062,Llama,carbon footprint,2025-06-17,,2025-07-17,-1.0
4063,Llama,carbon footprint,2025-05-18,,2025-06-17,-1.0
4064,Claude,water use,2023-03-30,,2023-04-29,-1.0
4065,Claude,water use,2023-04-29,,2023-05-29,-1.0
4066,Claude,water use,2023-02-28,,2023-03-30,-1.0
4067,Claude,water use,2023-06-28,,2023-07-28,-1.0
4068,Claude,water use,2023-05-29,,2023-06-28,-1.0
4069,Claude,water use,2023-01-29,,2023-02-28,-1.0
4070,Llama,carbon footprint,2026-01-13,,2026-02-12,-1.0
4071,Claude,water use,2022-11-30,,2022-12-30,-1.0
4072,Claude,water use,2022-12-30,,2023-01-29,-1.0
4073,Llama,carbon footprint,2023-12-25,,2024-01-24,-1.0
4074,Llama,carbon footprint,2024-01-24,,2024-02-23,-1.0
4075,Llama,carbon footprint,2023-11-25,,2023-12-25,-1.0
4076,Llama,carbon footprint,2024-04-23,,2024-05-23,-1.0
4077,Llama,carbon footprint,2024-03-24,,2024-04-23,-1.0
4078,Llama,carbon footprint,2024-02-23,,2024-03-24,-1.0
4079,Llama,carbon footprint,2023-08-27,,2023-09-26,-1.0
4080,Llama,carbon footprint,2023-07-28,,2023-08-27,-1.0
4081,Llama,carbon footprint,2023-10-26,,2023-11-25,-1.0
4082,Llama,carbon footprint,2023-09-26,,2023-10-26,-1.0
4083,Llama,carbon footprint,2024-10-20,,2024-11-19,-1.0
4084,Llama,carbon footprint,2024-11-19,,2024-12-19,-1.0
4085,Llama,carbon footprint,2024-09-20,,2024-10-20,-1.0
4086,Llama,carbon footprint,2025-01-18,,2025-02-17,-1.0
4087,Llama,carbon footprint,2024-12-19,,2025-01-18,-1.0
4088,Llama,carbon footprint,2024-05-23,,2024-06-22,-1.0
4089,Llama,carbon footprint,2024-06-22,,2024-07-22,-1.0
4090,Llama,carbon footprint,2024-08-21,,2024-09-20,-1.0
4091,Llama,carbon footprint,2024-07-22,,2024-08-21,-1.0
4092,Claude,water use,2025-09-15,,2025-10-15,-1.0
4093,Claude,water use,2025-08-16,,2025-09-15,-1.0
4094,Claude,water use,2025-10-15,,2025-11-14,-1.0
4095,Claude,water use,2025-07-17,,2025-08-16,-1.0
4096,Claude,water use,2025-12-14,,2026-01-13,-1.0
4097,Claude,water use,2025-11-14,,2025-12-14,-1.0
4098,Claude,water use,2025-04-18,,2025-05-18,-1.0
4099,Claude,water use,2025-05-18,,2025-06-17,-1.0
4100,Claude,water use,2025-03-19,,2025-04-18,-1.0
4101,Claude,water use,2025-02-17,,2025-03-19,-1.0
4102,Claude,water use,2025-06-17,,2025-07-17,-1.0
4103,Claude,water usage,2023-04-29,,2023-05-29,-1.0
4104,Claude,water usage,2023-03-30,,2023-04-29,-1.0
4105,Claude,water usage,2023-05-29,,2023-06-28,-1.0
4106,Claude,water usage,2023-02-28,,2023-03-30,-1.0
4107,Claude,water usage,2023-06-28,,2023-07-28,-1.0
4108,Claude,water usage,2022-11-30,,2022-12-30,-1.0
4109,Claude,water use,2026-01-13,,2026-02-12,-1.0
4110,Claude,water usage,2022-12-30,,2023-01-29,-1.0
4111,Claude,water usage,2023-01-29,,2023-02-28,-1.0
4112,Claude,water use,2024-01-24,,2024-02-23,-1.0
4113,Claude,water use,2024-02-23,,2024-03-24,-1.0
4114,Claude,water use,2023-12-25,,2024-01-24,-1.0
4115,Claude,water use,2023-11-25,,2023-12-25,-1.0
4116,Claude,water use,2024-04-23,,2024-05-23,-1.0
4117,Claude,water use,2024-03-24,,2024-04-23,-1.0
4118,Claude,water use,2023-08-27,,2023-09-26,-1.0
4119,Claude,water use,2023-09-26,,2023-10-26,-1.0
4120,Claude,water use,2023-07-28,,2023-08-27,-1.0
4121,Claude,water use,2023-10-26,,2023-11-25,-1.0
4122,Claude,water use,2024-11-19,,2024-12-19,-1.0
4123,Claude,water use,2024-12-19,,2025-01-18,-1.0
4124,Claude,water use,2024-10-20,,2024-11-19,-1.0
4125,Claude,water use,2024-09-20,,2024-10-20,-1.0
4126,Claude,water use,2025-01-18,,2025-02-17,-1.0
4127,Claude,water use,2024-06-22,,2024-07-22,-1.0
4128,Claude,water use,2024-07-22,,2024-08-21,-1.0
4129,Claude,water use,2024-05-23,,2024-06-22,-1.0
4130,Claude,water use,2024-08-21,,2024-09-20,-1.0
4131,Llama,waste,2025-02-17,,2025-03-19,-1.0
4132,Llama,waste,2025-03-19,,2025-04-18,-1.0
4133,Llama,waste,2025-01-18,,2025-02-17,-1.0
4134,Llama,waste,2025-05-18,,2025-06-17,-1.0
4135,Llama,waste,2025-04-18,,2025-05-18,-1.0
4136,Llama,energy use,2023-01-29,,2023-02-28,-1.0
4137,Llama,waste,2024-09-20,,2024-10-20,-1.0
4138,Llama,waste,2024-10-20,,2024-11-19,-1.0
4139,Llama,waste,2024-08-21,,2024-09-20,-1.0
4140,Llama,waste,2024-12-19,,2025-01-18,-1.0
4141,Llama,waste,2024-11-19,,2024-12-19,-1.0
4142,Llama,waste,2025-12-14,,2026-01-13,-1.0
4143,Llama,waste,2026-01-13,,2026-02-12,-1.0
4144,Llama,waste,2025-11-14,,2025-12-14,-1.0
4145,Llama,waste,2025-10-15,,2025-11-14,-1.0
4146,Llama,energy consumption,2022-12-30,,2023-01-29,-1.0
4147,Llama,energy consumption,2022-11-30,,2022-12-30,-1.0
4148,Llama,waste,2025-07-17,,2025-08-16,-1.0
4149,Llama,waste,2025-08-16,,2025-09-15,-1.0
4150,Llama,waste,2025-06-17,,2025-07-17,-1.0
4151,Llama,waste,2025-09-15,,2025-10-15,-1.0
4152,Llama,waste,2023-06-28,,2023-07-28,-1.0
4153,Llama,waste,2023-07-28,,2023-08-27,-1.0
4154,Llama,waste,2023-05-29,,2023-06-28,-1.0
4155,Llama,waste,2023-10-26,,2023-11-25,-1.0
4156,Llama,waste,2023-09-26,,2023-10-26,-1.0
4157,Llama,waste,2023-08-27,,2023-09-26,-1.0
4158,Llama,waste,2023-01-29,,2023-02-28,-1.0
4159,Llama,waste,2023-02-28,,2023-03-30,-1.0
4160,Llama,waste,2022-12-30,,2023-01-29,-1.0
4161,Llama,waste,2023-04-29,,2023-05-29,-1.0
4162,Llama,waste,2023-03-30,,2023-04-29,-1.0
4163,Llama,waste,2024-04-23,,2024-05-23,-1.0
4164,Llama,waste,2024-05-23,,2024-06-22,-1.0
4165,Llama,waste,2024-03-24,,2024-04-23,-1.0
4166,Llama,waste,2024-07-22,,2024-08-21,-1.0
4167,Llama,waste,2024-06-22,,2024-07-22,-1.0
4168,Llama,waste,2023-11-25,,2023-12-25,-1.0
4169,Llama,waste,2023-12-25,,2024-01-24,-1.0
4170,Llama,waste,2024-02-23,,2024-03-24,-1.0
4171,Llama,waste,2024-01-24,,2024-02-23,-1.0
4172,Llama,energy consumption,2025-03-19,,2025-04-18,-1.0
4173,Llama,energy consumption,2025-02-17,,2025-03-19,-1.0
4174,Llama,energy consumption,2025-04-18,,2025-05-18,-1.0
4175,Llama,energy consumption,2025-01-18,,2025-02-17,-1.0
4176,Llama,energy consumption,2025-06-17,,2025-07-17,-1.0
4177,Llama,energy consumption,2025-05-18,,2025-06-17,-1.0
4178,Llama,energy consumption,2024-10-20,,2024-11-19,-1.0
4179,Llama,energy consumption,2024-09-20,,2024-10-20,-1.0
4180,Llama,energy consumption,2024-11-19,,2024-12-19,-1.0
4181,Llama,energy consumption,2024-08-21,,2024-09-20,-1.0
4182,Llama,energy consumption,2024-12-19,,2025-01-18,-1.0
4183,Llama,energy consumption,2026-01-13,,2026-02-12,-1.0
4184,Llama,energy consumption,2025-12-14,,2026-01-13,-1.0
4185,Llama,energy consumption,2025-11-14,,2025-12-14,-1.0
4186,Llama,energy use,2022-11-30,,2022-12-30,-1.0
4187,Llama,energy use,2022-12-30,,2023-01-29,-1.0
4188,Llama,energy consumption,2025-08-16,,2025-09-15,-1.0
4189,Llama,energy consumption,2025-07-17,,2025-08-16,-1.0
4190,Llama,energy consumption,2025-09-15,,2025-10-15,-1.0
4191,Llama,energy consumption,2025-10-15,,2025-11-14,-1.0
4192,Llama,energy consumption,2023-07-28,,2023-08-27,-1.0
4193,Llama,energy consumption,2023-08-27,,2023-09-26,-1.0
4194,Llama,energy consumption,2023-06-28,,2023-07-28,-1.0
4195,Llama,energy consumption,2023-05-29,,2023-06-28,-1.0
4196,Llama,energy consumption,2023-10-26,,2023-11-25,-1.0
4197,Llama,energy consumption,2023-09-26,,2023-10-26,-1.0
4198,Llama,energy consumption,2023-02-28,,2023-03-30,-1.0
4199,Llama,energy consumption,2023-03-30,,2023-04-29,-1.0
4200,Llama,energy consumption,2023-01-29,,2023-02-28,-1.0
4201,Llama,energy consumption,2023-04-29,,2023-05-29,-1.0
4202,Llama,energy consumption,2024-05-23,,2024-06-22,-1.0
4203,Llama,energy consumption,2024-04-23,,2024-05-23,-1.0
4204,Llama,energy consumption,2024-06-22,,2024-07-22,-1.0
4205,Llama,energy consumption,2024-03-24,,2024-04-23,-1.0
4206,Llama,energy consumption,2024-07-22,,2024-08-21,-1.0
4207,Llama,energy consumption,2023-12-25,,2024-01-24,-1.0
4208,Llama,energy consumption,2024-01-24,,2024-02-23,-1.0
4209,Llama,energy consumption,2023-11-25,,2023-12-25,-1.0
4210,Llama,energy consumption,2024-02-23,,2024-03-24,-1.0
4211,Llama,environment negative,2025-01-18,,2025-02-17,-1.0
4212,Llama,environment negative,2025-02-17,,2025-03-19,-1.0
4213,Llama,environment negative,2024-12-19,,2025-01-18,-1.0
4214,Llama,environment negative,2024-11-19,,2024-12-19,-1.0
4215,Llama,environment negative,2025-04-18,,2025-05-18,-1.0
4216,Llama,environment negative,2025-03-19,,2025-04-18,-1.0
4217,Llama,environment negative,2024-08-21,,2024-09-20,-1.0
4218,Llama,environment negative,2024-09-20,,2024-10-20,-1.0
4219,Llama,environment negative,2024-07-22,,2024-08-21,-1.0
4220,Llama,environment negative,2024-06-22,,2024-07-22,-1.0
4221,Llama,environment negative,2024-10-20,,2024-11-19,-1.0
4222,Llama,environment negative,2025-11-14,,2025-12-14,-1.0
4223,Llama,environment negative,2025-10-15,,2025-11-14,-1.0
4224,Llama,environment negative,2025-12-14,,2026-01-13,-1.0
4225,Llama,environment negative,2025-09-15,,2025-10-15,-1.0
4226,Llama,environment negative,2026-01-13,,2026-02-12,-1.0
4227,Llama,pollution,2022-11-30,,2022-12-30,-1.0
4228,Llama,environment negative,2025-06-17,,2025-07-17,-1.0
4229,Llama,environment negative,2025-05-18,,2025-06-17,-1.0
4230,Llama,environment negative,2025-07-17,,2025-08-16,-1.0
4231,Llama,environment negative,2025-08-16,,2025-09-15,-1.0
4232,Llama,environment negative,2023-05-29,,2023-06-28,-1.0
4233,Llama,environment negative,2023-06-28,,2023-07-28,-1.0
4234,Llama,environment negative,2023-04-29,,2023-05-29,-1.0
4235,Llama,environment negative,2023-08-27,,2023-09-26,-1.0
4236,Llama,environment negative,2023-07-28,,2023-08-27,-1.0
4237,Llama,environment negative,2023-03-30,,2023-04-29,-1.0
4238,Llama,environment negative,2022-12-30,,2023-01-29,-1.0
4239,Llama,environment negative,2023-01-29,,2023-02-28,-1.0
4240,Llama,environment negative,2023-02-28,,2023-03-30,-1.0
4241,Llama,environment negative,2024-03-24,,2024-04-23,-1.0
4242,Llama,environment negative,2024-04-23,,2024-05-23,-1.0
4243,Llama,environment negative,2024-02-23,,2024-03-24,-1.0
4244,Llama,environment negative,2024-01-24,,2024-02-23,-1.0
4245,Llama,environment negative,2024-05-23,,2024-06-22,-1.0
4246,Llama,environment negative,2023-10-26,,2023-11-25,-1.0
4247,Llama,environment negative,2023-11-25,,2023-12-25,-1.0
4248,Llama,environment negative,2023-09-26,,2023-10-26,-1.0
4249,Llama,environment negative,2023-12-25,,2024-01-24,-1.0
4250,Llama,pollution,2025-02-17,,2025-03-19,-1.0
4251,Llama,pollution,2025-01-18,,2025-02-17,-1.0
4252,Llama,pollution,2024-12-19,,2025-01-18,-1.0
4253,Llama,pollution,2025-05-18,,2025-06-17,-1.0
4254,Llama,pollution,2025-04-18,,2025-05-18,-1.0
4255,Llama,pollution,2025-03-19,,2025-04-18,-1.0
4256,Llama,pollution,2024-09-20,,2024-10-20,-1.0
4257,Llama,pollution,2024-08-21,,2024-09-20,-1.0
4258,Llama,pollution,2024-07-22,,2024-08-21,-1.0
4259,Llama,pollution,2024-11-19,,2024-12-19,-1.0
4260,Llama,pollution,2024-10-20,,2024-11-19,-1.0
4261,Llama,pollution,2025-11-14,,2025-12-14,-1.0
4262,Llama,pollution,2025-12-14,,2026-01-13,-1.0
4263,Llama,pollution,2025-10-15,,2025-11-14,-1.0
4264,Llama,waste,2022-11-30,,2022-12-30,-1.0
4265,Llama,pollution,2026-01-13,,2026-02-12,-1.0
4266,Llama,pollution,2025-07-17,,2025-08-16,-1.0
4267,Llama,pollution,2025-06-17,,2025-07-17,-1.0
4268,Llama,pollution,2025-09-15,,2025-10-15,-1.0
4269,Llama,pollution,2025-08-16,,2025-09-15,-1.0
4270,Llama,pollution,2023-06-28,,2023-07-28,-1.0
4271,Llama,pollution,2023-05-29,,2023-06-28,-1.0
4272,Llama,pollution,2023-07-28,,2023-08-27,-1.0
4273,Llama,pollution,2023-04-29,,2023-05-29,-1.0
4274,Llama,pollution,2023-09-26,,2023-10-26,-1.0
4275,Llama,pollution,2023-08-27,,2023-09-26,-1.0
4276,Llama,pollution,2023-01-29,,2023-02-28,-1.0
4277,Llama,pollution,2022-12-30,,2023-01-29,-1.0
4278,Llama,pollution,2023-02-28,,2023-03-30,-1.0
4279,Llama,pollution,2023-03-30,,2023-04-29,-1.0
4280,Llama,pollution,2024-04-23,,2024-05-23,-1.0
4281,Llama,pollution,2024-03-24,,2024-04-23,-1.0
4282,Llama,pollution,2024-02-23,,2024-03-24,-1.0
4283,Llama,pollution,2024-06-22,,2024-07-22,-1.0
4284,Llama,pollution,2024-05-23,,2024-06-22,-1.0
4285,Llama,pollution,2023-11-25,,2023-12-25,-1.0
4286,Llama,pollution,2023-10-26,,2023-11-25,-1.0
4287,Llama,pollution,2023-12-25,,2024-01-24,-1.0
4288,Llama,pollution,2024-01-24,,2024-02-23,-1.0
4289,Llama,energy footprint,2025-05-18,,2025-06-17,-1.0
4290,Llama,energy footprint,2025-04-18,,2025-05-18,-1.0
4291,Llama,energy footprint,2025-03-19,,2025-04-18,-1.0
4292,Llama,energy footprint,2025-07-17,,2025-08-16,-1.0
4293,Llama,energy footprint,2025-08-16,,2025-09-15,-1.0
4294,Llama,energy footprint,2025-06-17,,2025-07-17,-1.0
4295,Llama,energy footprint,2024-12-19,,2025-01-18,-1.0
4296,Llama,energy footprint,2024-11-19,,2024-12-19,-1.0
4297,Llama,energy footprint,2024-10-20,,2024-11-19,-1.0
4298,Llama,energy footprint,2025-02-17,,2025-03-19,-1.0
4299,Llama,energy footprint,2025-01-18,,2025-02-17,-1.0
4300,Llama,energy impact,2022-12-30,,2023-01-29,-1.0
4301,Llama,energy impact,2022-11-30,,2022-12-30,-1.0
4302,Llama,energy footprint,2026-01-13,,2026-02-12,-1.0
4303,Llama,energy impact,2023-02-28,,2023-03-30,-1.0
4304,Llama,energy impact,2023-03-30,,2023-04-29,-1.0
4305,Llama,energy impact,2023-01-29,,2023-02-28,-1.0
4306,Llama,energy footprint,2025-10-15,,2025-11-14,-1.0
4307,Llama,energy footprint,2025-09-15,,2025-10-15,-1.0
4308,Llama,energy footprint,2025-12-14,,2026-01-13,-1.0
4309,Llama,energy footprint,2025-11-14,,2025-12-14,-1.0
4310,Llama,energy footprint,2023-09-26,,2023-10-26,-1.0
4311,Llama,energy footprint,2023-08-27,,2023-09-26,-1.0
4312,Llama,energy footprint,2023-10-26,,2023-11-25,-1.0
4313,Llama,energy footprint,2023-07-28,,2023-08-27,-1.0
4314,Llama,energy footprint,2023-12-25,,2024-01-24,-1.0
4315,Llama,energy footprint,2023-11-25,,2023-12-25,-1.0
4316,Llama,energy footprint,2023-04-29,,2023-05-29,-1.0
4317,Llama,energy footprint,2023-03-30,,2023-04-29,-1.0
4318,Llama,energy footprint,2023-05-29,,2023-06-28,-1.0
4319,Llama,energy footprint,2023-02-28,,2023-03-30,-1.0
4320,Llama,energy footprint,2023-06-28,,2023-07-28,-1.0
4321,Llama,energy footprint,2024-07-22,,2024-08-21,-1.0
4322,Llama,energy footprint,2024-06-22,,2024-07-22,-1.0
4323,Llama,energy footprint,2024-08-21,,2024-09-20,-1.0
4324,Llama,energy footprint,2024-05-23,,2024-06-22,-1.0
4325,Llama,energy footprint,2024-09-20,,2024-10-20,-1.0
4326,Llama,energy footprint,2024-02-23,,2024-03-24,-1.0
4327,Llama,energy footprint,2024-01-24,,2024-02-23,-1.0
4328,Llama,energy footprint,2024-03-24,,2024-04-23,-1.0
4329,Llama,energy footprint,2024-04-23,,2024-05-23,-1.0
4330,Llama,energy impact,2025-05-18,,2025-06-17,-1.0
4331,Llama,energy impact,2025-06-17,,2025-07-17,-1.0
4332,Llama,energy impact,2025-04-18,,2025-05-18,-1.0
4333,Llama,energy impact,2025-09-15,,2025-10-15,-1.0
4334,Llama,energy impact,2025-08-16,,2025-09-15,-1.0
4335,Llama,energy impact,2025-07-17,,2025-08-16,-1.0
4336,Llama,energy impact,2024-12-19,,2025-01-18,-1.0
4337,Llama,energy impact,2025-01-18,,2025-02-17,-1.0
4338,Llama,energy impact,2024-11-19,,2024-12-19,-1.0
4339,Llama,energy impact,2025-03-19,,2025-04-18,-1.0
4340,Llama,energy impact,2025-02-17,,2025-03-19,-1.0
4341,Llama,energy cost,2022-12-30,,2023-01-29,-1.0
4342,Llama,energy cost,2023-01-29,,2023-02-28,-1.0
4343,Llama,energy cost,2022-11-30,,2022-12-30,-1.0
4344,Llama,energy impact,2026-01-13,,2026-02-12,-1.0
4345,Llama,energy cost,2023-02-28,,2023-03-30,-1.0
4346,Llama,energy impact,2025-10-15,,2025-11-14,-1.0
4347,Llama,energy impact,2025-11-14,,2025-12-14,-1.0
4348,Llama,energy impact,2025-12-14,,2026-01-13,-1.0
4349,Llama,energy impact,2023-09-26,,2023-10-26,-1.0
4350,Llama,energy impact,2023-10-26,,2023-11-25,-1.0
4351,Llama,energy impact,2023-08-27,,2023-09-26,-1.0
4352,Llama,energy impact,2024-01-24,,2024-02-23,-1.0
4353,Llama,energy impact,2023-12-25,,2024-01-24,-1.0
4354,Llama,energy impact,2023-11-25,,2023-12-25,-1.0
4355,Llama,energy impact,2023-05-29,,2023-06-28,-1.0
4356,Llama,energy impact,2023-04-29,,2023-05-29,-1.0
4357,Llama,energy impact,2023-07-28,,2023-08-27,-1.0
4358,Llama,energy impact,2023-06-28,,2023-07-28,-1.0
4359,Llama,energy impact,2024-07-22,,2024-08-21,-1.0
4360,Llama,energy impact,2024-08-21,,2024-09-20,-1.0
4361,Llama,energy impact,2024-06-22,,2024-07-22,-1.0
4362,Llama,energy impact,2024-10-20,,2024-11-19,-1.0
4363,Llama,energy impact,2024-09-20,,2024-10-20,-1.0
4364,Llama,energy impact,2024-02-23,,2024-03-24,-1.0
4365,Llama,energy impact,2024-03-24,,2024-04-23,-1.0
4366,Llama,energy impact,2024-05-23,,2024-06-22,-1.0
4367,Llama,energy impact,2024-04-23,,2024-05-23,-1.0
4368,Llama,energy use,2025-03-19,,2025-04-18,-1.0
4369,Llama,energy use,2025-04-18,,2025-05-18,-1.0
4370,Llama,energy use,2025-02-17,,2025-03-19,-1.0
4371,Llama,energy use,2025-07-17,,2025-08-16,-1.0
4372,Llama,energy use,2025-06-17,,2025-07-17,-1.0
4373,Llama,energy use,2025-05-18,,2025-06-17,-1.0
4374,Llama,energy use,2024-10-20,,2024-11-19,-1.0
4375,Llama,energy use,2024-11-19,,2024-12-19,-1.0
4376,Llama,energy use,2024-09-20,,2024-10-20,-1.0
4377,Llama,energy use,2025-01-18,,2025-02-17,-1.0
4378,Llama,energy use,2024-12-19,,2025-01-18,-1.0
4379,Llama,energy use,2026-01-13,,2026-02-12,-1.0
4380,Llama,energy usage,2022-11-30,,2022-12-30,-1.0
4381,Llama,energy use,2025-12-14,,2026-01-13,-1.0
4382,Llama,energy usage,2023-01-29,,2023-02-28,-1.0
4383,Llama,energy usage,2022-12-30,,2023-01-29,-1.0
4384,Llama,energy usage,2023-02-28,,2023-03-30,-1.0
4385,Llama,energy use,2025-08-16,,2025-09-15,-1.0
4386,Llama,energy use,2025-09-15,,2025-10-15,-1.0
4387,Llama,energy use,2025-11-14,,2025-12-14,-1.0
4388,Llama,energy use,2025-10-15,,2025-11-14,-1.0
4389,Llama,energy use,2023-08-27,,2023-09-26,-1.0
4390,Llama,energy use,2023-07-28,,2023-08-27,-1.0
4391,Llama,energy use,2023-06-28,,2023-07-28,-1.0
4392,Llama,energy use,2023-11-25,,2023-12-25,-1.0
4393,Llama,energy use,2023-10-26,,2023-11-25,-1.0
4394,Llama,energy use,2023-09-26,,2023-10-26,-1.0
4395,Llama,energy use,2023-03-30,,2023-04-29,-1.0
4396,Llama,energy use,2023-02-28,,2023-03-30,-1.0
4397,Llama,energy use,2023-05-29,,2023-06-28,-1.0
4398,Llama,energy use,2023-04-29,,2023-05-29,-1.0
4399,Llama,energy use,2024-06-22,,2024-07-22,-1.0
4400,Llama,energy use,2024-05-23,,2024-06-22,-1.0
4401,Llama,energy use,2024-04-23,,2024-05-23,-1.0
4402,Llama,energy use,2024-08-21,,2024-09-20,-1.0
4403,Llama,energy use,2024-07-22,,2024-08-21,-1.0
4404,Llama,energy use,2024-01-24,,2024-02-23,-1.0
4405,Llama,energy use,2023-12-25,,2024-01-24,-1.0
4406,Llama,energy use,2024-03-24,,2024-04-23,-1.0
4407,Llama,energy use,2024-02-23,,2024-03-24,-1.0
4408,Llama,energy usage,2025-04-18,,2025-05-18,-1.0
4409,Llama,energy usage,2025-05-18,,2025-06-17,-1.0
4410,Llama,energy usage,2025-03-19,,2025-04-18,-1.0
4411,Llama,energy usage,2025-02-17,,2025-03-19,-1.0
4412,Llama,energy usage,2025-07-17,,2025-08-16,-1.0
4413,Llama,energy usage,2025-06-17,,2025-07-17,-1.0
4414,Llama,energy usage,2024-11-19,,2024-12-19,-1.0
4415,Llama,energy usage,2024-12-19,,2025-01-18,-1.0
4416,Llama,energy usage,2024-10-20,,2024-11-19,-1.0
4417,Llama,energy usage,2024-09-20,,2024-10-20,-1.0
4418,Llama,energy usage,2025-01-18,,2025-02-17,-1.0
4419,Llama,energy footprint,2022-11-30,,2022-12-30,-1.0
4420,Llama,energy usage,2026-01-13,,2026-02-12,-1.0
4421,Llama,energy footprint,2022-12-30,,2023-01-29,-1.0
4422,Llama,energy usage,2025-12-14,,2026-01-13,-1.0
4423,Llama,energy footprint,2023-01-29,,2023-02-28,-1.0
4424,Llama,energy usage,2025-09-15,,2025-10-15,-1.0
4425,Llama,energy usage,2025-10-15,,2025-11-14,-1.0
4426,Llama,energy usage,2025-08-16,,2025-09-15,-1.0
4427,Llama,energy usage,2025-11-14,,2025-12-14,-1.0
4428,Llama,energy usage,2023-08-27,,2023-09-26,-1.0
4429,Llama,energy usage,2023-09-26,,2023-10-26,-1.0
4430,Llama,energy usage,2023-07-28,,2023-08-27,-1.0
4431,Llama,energy usage,2023-11-25,,2023-12-25,-1.0
4432,Llama,energy usage,2023-10-26,,2023-11-25,-1.0
4433,Llama,energy usage,2023-03-30,,2023-04-29,-1.0
4434,Llama,energy usage,2023-04-29,,2023-05-29,-1.0
4435,Llama,energy usage,2023-06-28,,2023-07-28,-1.0
4436,Llama,energy usage,2023-05-29,,2023-06-28,-1.0
4437,Llama,energy usage,2024-06-22,,2024-07-22,-1.0
4438,Llama,energy usage,2024-07-22,,2024-08-21,-1.0
4439,Llama,energy usage,2024-05-23,,2024-06-22,-1.0
4440,Llama,energy usage,2024-04-23,,2024-05-23,-1.0
4441,Llama,energy usage,2023-12-25,,2024-01-24,-1.0
4442,Llama,energy usage,2024-08-21,,2024-09-20,-1.0
4443,Llama,energy usage,2024-01-24,,2024-02-23,-1.0
4444,Llama,energy usage,2024-02-23,,2024-03-24,-1.0
4445,Llama,energy usage,2024-03-24,,2024-04-23,-1.0
4446,Claude,pollution,2023-02-28,,2023-03-30,-1.0
4447,Claude,pollution,2023-01-29,,2023-02-28,-1.0
4448,Claude,pollution,2023-03-30,,2023-04-29,-1.0
4449,Claude,pollution,2022-12-30,,2023-01-29,-1.0
4450,Claude,pollution,2023-04-29,,2023-05-29,-1.0
4451,Claude,pollution,2023-05-29,,2023-06-28,-1.0
4452,Claude,waste,2024-04-23,,2024-05-23,-1.0
4453,Claude,environment negative,2025-12-14,,2026-01-13,-1.0
4454,Claude,environment negative,2025-11-14,,2025-12-14,-1.0
4455,Claude,environment negative,2026-01-13,,2026-02-12,-1.0
4456,Claude,environment negative,2025-10-15,,2025-11-14,-1.0
4457,Claude,pollution,2022-11-30,,2022-12-30,-1.0
4458,Claude,pollution,2023-12-25,,2024-01-24,-1.0
4459,Claude,pollution,2023-11-25,,2023-12-25,-1.0
4460,Claude,pollution,2023-10-26,,2023-11-25,-1.0
4461,Claude,pollution,2024-01-24,,2024-02-23,-1.0
4462,Claude,pollution,2024-02-23,,2024-03-24,-1.0
4463,Claude,pollution,2024-03-24,,2024-04-23,-1.0
4464,Claude,pollution,2023-07-28,,2023-08-27,-1.0
4465,Claude,pollution,2023-06-28,,2023-07-28,-1.0
4466,Claude,pollution,2023-08-27,,2023-09-26,-1.0
4467,Claude,pollution,2023-09-26,,2023-10-26,-1.0
4468,Claude,environment negative,2024-09-20,,2024-10-20,-1.0
4469,Claude,environment negative,2024-10-20,,2024-11-19,-1.0
4470,Claude,environment negative,2024-08-21,,2024-09-20,-1.0
4471,Claude,environment negative,2024-07-22,,2024-08-21,-1.0
4472,Claude,environment negative,2024-12-19,,2025-01-18,-1.0
4473,Claude,environment negative,2024-11-19,,2024-12-19,-1.0
4474,Claude,environment negative,2024-04-23,,2024-05-23,-1.0
4475,Claude,environment negative,2024-05-23,,2024-06-22,-1.0
4476,Claude,environment negative,2024-03-24,,2024-04-23,-1.0
4477,Claude,environment negative,2024-02-23,,2024-03-24,-1.0
4478,Claude,environment negative,2024-06-22,,2024-07-22,-1.0
4479,Claude,environment negative,2025-07-17,,2025-08-16,-1.0
4480,Claude,environment negative,2025-06-17,,2025-07-17,-1.0
4481,Claude,environment negative,2025-08-16,,2025-09-15,-1.0
4482,Claude,environment negative,2025-05-18,,2025-06-17,-1.0
4483,Claude,environment negative,2025-09-15,,2025-10-15,-1.0
4484,Claude,environment negative,2025-02-17,,2025-03-19,-1.0
4485,Claude,environment negative,2025-03-19,,2025-04-18,-1.0
4486,Claude,environment negative,2025-01-18,,2025-02-17,-1.0
4487,Claude,environment negative,2025-04-18,,2025-05-18,-1.0
4488,Claude,waste,2023-02-28,,2023-03-30,-1.0
4489,Claude,waste,2023-03-30,,2023-04-29,-1.0
4490,Claude,waste,2023-01-29,,2023-02-28,-1.0
4491,Claude,waste,2023-06-28,,2023-07-28,-1.0
4492,Claude,waste,2023-05-29,,2023-06-28,-1.0
4493,Claude,waste,2023-04-29,,2023-05-29,-1.0
4494,Claude,pollution,2025-12-14,,2026-01-13,-1.0
4495,Claude,pollution,2026-01-13,,2026-02-12,-1.0
4496,Claude,pollution,2025-11-14,,2025-12-14,-1.0
4497,Claude,waste,2022-12-30,,2023-01-29,-1.0
4498,Claude,waste,2022-11-30,,2022-12-30,-1.0
4499,Claude,waste,2023-12-25,,2024-01-24,-1.0
4500,Claude,waste,2024-01-24,,2024-02-23,-1.0
4501,Claude,waste,2023-11-25,,2023-12-25,-1.0
4502,Claude,waste,2024-03-24,,2024-04-23,-1.0
4503,Claude,waste,2024-02-23,,2024-03-24,-1.0
4504,Claude,waste,2023-07-28,,2023-08-27,-1.0
4505,Claude,waste,2023-08-27,,2023-09-26,-1.0
4506,Claude,waste,2023-10-26,,2023-11-25,-1.0
4507,Claude,waste,2023-09-26,,2023-10-26,-1.0
4508,Claude,pollution,2024-10-20,,2024-11-19,-1.0
4509,Claude,pollution,2024-09-20,,2024-10-20,-1.0
4510,Claude,pollution,2024-08-21,,2024-09-20,-1.0
4511,Claude,pollution,2025-01-18,,2025-02-17,-1.0
4512,Claude,pollution,2024-12-19,,2025-01-18,-1.0
4513,Claude,pollution,2024-11-19,,2024-12-19,-1.0
4514,Claude,pollution,2024-05-23,,2024-06-22,-1.0
4515,Claude,pollution,2024-04-23,,2024-05-23,-1.0
4516,Claude,pollution,2024-07-22,,2024-08-21,-1.0
4517,Claude,pollution,2024-06-22,,2024-07-22,-1.0
4518,Claude,pollution,2025-08-16,,2025-09-15,-1.0
4519,Claude,pollution,2025-07-17,,2025-08-16,-1.0
4520,Claude,pollution,2025-06-17,,2025-07-17,-1.0
4521,Claude,pollution,2025-10-15,,2025-11-14,-1.0
4522,Claude,pollution,2025-09-15,,2025-10-15,-1.0
4523,Claude,pollution,2025-03-19,,2025-04-18,-1.0
4524,Claude,pollution,2025-02-17,,2025-03-19,-1.0
4525,Claude,pollution,2025-05-18,,2025-06-17,-1.0
4526,Claude,pollution,2025-04-18,,2025-05-18,-1.0
4527,Claude,environment harm,2023-01-29,,2023-02-28,-1.0
4528,Claude,environment harm,2022-12-30,,2023-01-29,-1.0
4529,Claude,environment harm,2022-11-30,,2022-12-30,-1.0
4530,Claude,environment harm,2023-04-29,,2023-05-29,-1.0
4531,Claude,environment harm,2023-03-30,,2023-04-29,-1.0
4532,Claude,environment harm,2023-02-28,,2023-03-30,-1.0
4533,Claude,environment cost,2025-11-14,,2025-12-14,-1.0
4534,Claude,environment cost,2025-10-15,,2025-11-14,-1.0
4535,Claude,environment cost,2025-09-15,,2025-10-15,-1.0
4536,Claude,environment cost,2026-01-13,,2026-02-12,-1.0
4537,Claude,environment cost,2025-12-14,,2026-01-13,-1.0
4538,Claude,environment harm,2023-10-26,,2023-11-25,-1.0
4539,Claude,environment harm,2023-11-25,,2023-12-25,-1.0
4540,Claude,environment harm,2023-09-26,,2023-10-26,-1.0
4541,Claude,environment harm,2024-01-24,,2024-02-23,-1.0
4542,Claude,environment harm,2024-02-23,,2024-03-24,-1.0
4543,Claude,environment harm,2023-12-25,,2024-01-24,-1.0
4544,Claude,environment harm,2023-06-28,,2023-07-28,-1.0
4545,Claude,environment harm,2023-05-29,,2023-06-28,-1.0
4546,Claude,environment harm,2023-08-27,,2023-09-26,-1.0
4547,Claude,environment harm,2023-07-28,,2023-08-27,-1.0
4548,Claude,environment cost,2024-08-21,,2024-09-20,-1.0
4549,Claude,environment cost,2024-07-22,,2024-08-21,-1.0
4550,Claude,environment cost,2024-09-20,,2024-10-20,-1.0
4551,Claude,environment cost,2024-06-22,,2024-07-22,-1.0
4552,Claude,environment cost,2024-11-19,,2024-12-19,-1.0
4553,Claude,environment cost,2024-10-20,,2024-11-19,-1.0
4554,Claude,environment cost,2024-03-24,,2024-04-23,-1.0
4555,Claude,environment cost,2024-02-23,,2024-03-24,-1.0
4556,Claude,environment cost,2024-04-23,,2024-05-23,-1.0
4557,Claude,environment cost,2024-01-24,,2024-02-23,-1.0
4558,Claude,environment cost,2024-05-23,,2024-06-22,-1.0
4559,Claude,environment cost,2025-06-17,,2025-07-17,-1.0
4560,Claude,environment cost,2025-05-18,,2025-06-17,-1.0
4561,Claude,environment cost,2025-04-18,,2025-05-18,-1.0
4562,Claude,environment cost,2025-08-16,,2025-09-15,-1.0
4563,Claude,environment cost,2025-07-17,,2025-08-16,-1.0
4564,Claude,environment cost,2025-01-18,,2025-02-17,-1.0
4565,Claude,environment cost,2024-12-19,,2025-01-18,-1.0
4566,Claude,environment cost,2025-02-17,,2025-03-19,-1.0
4567,Claude,environment cost,2025-03-19,,2025-04-18,-1.0
4568,Claude,environment negative,2023-01-29,,2023-02-28,-1.0
4569,Claude,environment negative,2023-02-28,,2023-03-30,-1.0
4570,Claude,environment negative,2022-12-30,,2023-01-29,-1.0
4571,Claude,environment negative,2023-04-29,,2023-05-29,-1.0
4572,Claude,environment negative,2023-03-30,,2023-04-29,-1.0
4573,Claude,environment negative,2022-11-30,,2022-12-30,-1.0
4574,Claude,environment harm,2025-11-14,,2025-12-14,-1.0
4575,Claude,environment harm,2025-12-14,,2026-01-13,-1.0
4576,Claude,environment harm,2025-10-15,,2025-11-14,-1.0
4577,Claude,environment harm,2026-01-13,,2026-02-12,-1.0
4578,Claude,environment negative,2023-11-25,,2023-12-25,-1.0
4579,Claude,environment negative,2023-12-25,,2024-01-24,-1.0
4580,Claude,environment negative,2023-10-26,,2023-11-25,-1.0
4581,Claude,environment negative,2023-09-26,,2023-10-26,-1.0
4582,Claude,environment negative,2024-01-24,,2024-02-23,-1.0
4583,Claude,environment negative,2023-06-28,,2023-07-28,-1.0
4584,Claude,environment negative,2023-07-28,,2023-08-27,-1.0
4585,Claude,environment negative,2023-05-29,,2023-06-28,-1.0
4586,Claude,environment negative,2023-08-27,,2023-09-26,-1.0
4587,Claude,environment harm,2024-08-21,,2024-09-20,-1.0
4588,Claude,environment harm,2024-09-20,,2024-10-20,-1.0
4589,Claude,environment harm,2024-07-22,,2024-08-21,-1.0
4590,Claude,environment harm,2024-12-19,,2025-01-18,-1.0
4591,Claude,environment harm,2024-11-19,,2024-12-19,-1.0
4592,Claude,environment harm,2024-10-20,,2024-11-19,-1.0
4593,Claude,environment harm,2024-03-24,,2024-04-23,-1.0
4594,Claude,environment harm,2024-04-23,,2024-05-23,-1.0
4595,Claude,environment harm,2024-06-22,,2024-07-22,-1.0
4596,Claude,environment harm,2024-05-23,,2024-06-22,-1.0
4597,Claude,environment harm,2025-06-17,,2025-07-17,-1.0
4598,Claude,environment harm,2025-07-17,,2025-08-16,-1.0
4599,Claude,environment harm,2025-05-18,,2025-06-17,-1.0
4600,Claude,environment harm,2025-09-15,,2025-10-15,-1.0
4601,Claude,environment harm,2025-08-16,,2025-09-15,-1.0
4602,Claude,environment harm,2025-01-18,,2025-02-17,-1.0
4603,Claude,environment harm,2025-02-17,,2025-03-19,-1.0
4604,Claude,environment harm,2025-04-18,,2025-05-18,-1.0
4605,Claude,environment harm,2025-03-19,,2025-04-18,-1.0
4606,Claude,energy usage,2023-04-29,,2023-05-29,-1.0
4607,Claude,energy usage,2023-05-29,,2023-06-28,-1.0
4608,Claude,energy usage,2023-03-30,,2023-04-29,-1.0
4609,Claude,energy usage,2023-07-28,,2023-08-27,-1.0
4610,Claude,energy usage,2023-06-28,,2023-07-28,-1.0
4611,Claude,energy usage,2022-11-30,,2022-12-30,-1.0
4612,Claude,energy usage,2022-12-30,,2023-01-29,-1.0
4613,Claude,energy use,2026-01-13,,2026-02-12,-1.0
4614,Claude,energy usage,2023-02-28,,2023-03-30,-1.0
4615,Claude,energy usage,2023-01-29,,2023-02-28,-1.0
4616,Claude,energy usage,2023-08-27,,2023-09-26,-1.0
4617,Claude,energy usage,2024-02-23,,2024-03-24,-1.0
4618,Claude,energy usage,2024-03-24,,2024-04-23,-1.0
4619,Claude,energy usage,2024-01-24,,2024-02-23,-1.0
4620,Claude,energy usage,2023-12-25,,2024-01-24,-1.0
4621,Claude,energy usage,2024-05-23,,2024-06-22,-1.0
4622,Claude,energy usage,2024-04-23,,2024-05-23,-1.0
4623,Claude,energy usage,2023-09-26,,2023-10-26,-1.0
4624,Claude,energy usage,2023-10-26,,2023-11-25,-1.0
4625,Claude,energy usage,2023-11-25,,2023-12-25,-1.0
4626,Claude,energy use,2024-11-19,,2024-12-19,-1.0
4627,Claude,energy use,2024-12-19,,2025-01-18,-1.0
4628,Claude,energy use,2024-10-20,,2024-11-19,-1.0
4629,Claude,energy use,2025-03-19,,2025-04-18,-1.0
4630,Claude,energy use,2025-02-17,,2025-03-19,-1.0
4631,Claude,energy use,2025-01-18,,2025-02-17,-1.0
4632,Claude,energy use,2024-06-22,,2024-07-22,-1.0
4633,Claude,energy use,2024-07-22,,2024-08-21,-1.0
4634,Claude,energy use,2024-05-23,,2024-06-22,-1.0
4635,Claude,energy use,2024-09-20,,2024-10-20,-1.0
4636,Claude,energy use,2024-08-21,,2024-09-20,-1.0
4637,Claude,energy use,2025-09-15,,2025-10-15,-1.0
4638,Claude,energy use,2025-10-15,,2025-11-14,-1.0
4639,Claude,energy use,2025-08-16,,2025-09-15,-1.0
4640,Claude,energy use,2025-12-14,,2026-01-13,-1.0
4641,Claude,energy use,2025-11-14,,2025-12-14,-1.0
4642,Claude,energy use,2025-04-18,,2025-05-18,-1.0
4643,Claude,energy use,2025-05-18,,2025-06-17,-1.0
4644,Claude,energy use,2025-07-17,,2025-08-16,-1.0
4645,Claude,energy use,2025-06-17,,2025-07-17,-1.0
4646,Claude,energy footprint,2023-05-29,,2023-06-28,-1.0
4647,Claude,energy footprint,2023-04-29,,2023-05-29,-1.0
4648,Claude,energy footprint,2023-06-28,,2023-07-28,-1.0
4649,Claude,energy footprint,2023-03-30,,2023-04-29,-1.0
4650,Claude,energy footprint,2023-08-27,,2023-09-26,-1.0
4651,Claude,energy footprint,2023-07-28,,2023-08-27,-1.0
4652,Claude,energy footprint,2022-12-30,,2023-01-29,-1.0
4653,Claude,energy footprint,2022-11-30,,2022-12-30,-1.0
4654,Claude,energy footprint,2023-01-29,,2023-02-28,-1.0
4655,Claude,energy usage,2026-01-13,,2026-02-12,-1.0
4656,Claude,energy footprint,2023-02-28,,2023-03-30,-1.0
4657,Claude,energy footprint,2024-03-24,,2024-04-23,-1.0
4658,Claude,energy footprint,2024-02-23,,2024-03-24,-1.0
4659,Claude,energy footprint,2024-04-23,,2024-05-23,-1.0
4660,Claude,energy footprint,2024-01-24,,2024-02-23,-1.0
4661,Claude,energy footprint,2024-05-23,,2024-06-22,-1.0
4662,Claude,energy footprint,2023-10-26,,2023-11-25,-1.0
4663,Claude,energy footprint,2023-09-26,,2023-10-26,-1.0
4664,Claude,energy footprint,2023-11-25,,2023-12-25,-1.0
4665,Claude,energy footprint,2023-12-25,,2024-01-24,-1.0
4666,Claude,energy usage,2024-12-19,,2025-01-18,-1.0
4667,Claude,energy usage,2025-01-18,,2025-02-17,-1.0
4668,Claude,energy usage,2024-11-19,,2024-12-19,-1.0
4669,Claude,energy usage,2024-10-20,,2024-11-19,-1.0
4670,Claude,energy usage,2025-03-19,,2025-04-18,-1.0
4671,Claude,energy usage,2025-02-17,,2025-03-19,-1.0
4672,Claude,energy usage,2024-07-22,,2024-08-21,-1.0
4673,Claude,energy usage,2024-08-21,,2024-09-20,-1.0
4674,Claude,energy usage,2024-06-22,,2024-07-22,-1.0
4675,Claude,energy usage,2024-09-20,,2024-10-20,-1.0
4676,Claude,energy usage,2025-10-15,,2025-11-14,-1.0
4677,Claude,energy usage,2025-11-14,,2025-12-14,-1.0
4678,Claude,energy usage,2025-09-15,,2025-10-15,-1.0
4679,Claude,energy usage,2025-08-16,,2025-09-15,-1.0
4680,Claude,energy usage,2025-12-14,,2026-01-13,-1.0
4681,Claude,energy usage,2025-05-18,,2025-06-17,-1.0
4682,Claude,energy usage,2025-06-17,,2025-07-17,-1.0
4683,Claude,energy usage,2025-04-18,,2025-05-18,-1.0
4684,Claude,energy usage,2025-07-17,,2025-08-16,-1.0
4685,Claude,energy consumption,2023-03-30,,2023-04-29,-1.0
4686,Claude,energy consumption,2023-04-29,,2023-05-29,-1.0
4687,Claude,energy consumption,2023-02-28,,2023-03-30,-1.0
4688,Claude,energy consumption,2023-01-29,,2023-02-28,-1.0
4689,Claude,energy consumption,2023-06-28,,2023-07-28,-1.0
4690,Claude,energy consumption,2023-05-29,,2023-06-28,-1.0
4691,Claude,waste,2026-01-13,,2026-02-12,-1.0
4692,Claude,energy consumption,2022-11-30,,2022-12-30,-1.0
4693,Claude,waste,2025-12-14,,2026-01-13,-1.0
4694,Claude,waste,2025-11-14,,2025-12-14,-1.0
4695,Claude,energy consumption,2022-12-30,,2023-01-29,-1.0
4696,Claude,energy consumption,2024-01-24,,2024-02-23,-1.0
4697,Claude,energy consumption,2023-12-25,,2024-01-24,-1.0
4698,Claude,energy consumption,2024-02-23,,2024-03-24,-1.0
4699,Claude,energy consumption,2023-11-25,,2023-12-25,-1.0
4700,Claude,energy consumption,2024-03-24,,2024-04-23,-1.0
4701,Claude,energy consumption,2024-04-23,,2024-05-23,-1.0
4702,Claude,energy consumption,2023-08-27,,2023-09-26,-1.0
4703,Claude,energy consumption,2023-09-26,,2023-10-26,-1.0
4704,Claude,energy consumption,2023-07-28,,2023-08-27,-1.0
4705,Claude,energy consumption,2023-10-26,,2023-11-25,-1.0
4706,Claude,waste,2024-10-20,,2024-11-19,-1.0
4707,Claude,waste,2024-11-19,,2024-12-19,-1.0
4708,Claude,waste,2024-09-20,,2024-10-20,-1.0
4709,Claude,waste,2025-01-18,,2025-02-17,-1.0
4710,Claude,waste,2024-12-19,,2025-01-18,-1.0
4711,Claude,waste,2024-05-23,,2024-06-22,-1.0
4712,Claude,waste,2024-06-22,,2024-07-22,-1.0
4713,Claude,waste,2024-08-21,,2024-09-20,-1.0
4714,Claude,waste,2024-07-22,,2024-08-21,-1.0
4715,Claude,waste,2025-08-16,,2025-09-15,-1.0
4716,Claude,waste,2025-09-15,,2025-10-15,-1.0
4717,Claude,waste,2025-07-17,,2025-08-16,-1.0
4718,Claude,waste,2025-06-17,,2025-07-17,-1.0
4719,Claude,waste,2025-02-17,,2025-03-19,-1.0
4720,Claude,waste,2025-10-15,,2025-11-14,-1.0
4721,Claude,waste,2025-03-19,,2025-04-18,-1.0
4722,Claude,waste,2025-04-18,,2025-05-18,-1.0
4723,Claude,waste,2025-05-18,,2025-06-17,-1.0
4724,Claude,energy use,2023-04-29,,2023-05-29,-1.0
4725,Claude,energy use,2023-03-30,,2023-04-29,-1.0
4726,Claude,energy use,2023-02-28,,2023-03-30,-1.0
4727,Claude,energy use,2023-07-28,,2023-08-27,-1.0
4728,Claude,energy use,2023-06-28,,2023-07-28,-1.0
4729,Claude,energy use,2023-05-29,,2023-06-28,-1.0
4730,Claude,energy use,2022-11-30,,2022-12-30,-1.0
4731,Claude,energy consumption,2026-01-13,,2026-02-12,-1.0
4732,Claude,energy consumption,2025-12-14,,2026-01-13,-1.0
4733,Claude,energy use,2023-01-29,,2023-02-28,-1.0
4734,Claude,energy use,2022-12-30,,2023-01-29,-1.0
4735,Claude,energy use,2024-02-23,,2024-03-24,-1.0
4736,Claude,energy use,2024-01-24,,2024-02-23,-1.0
4737,Claude,energy use,2023-12-25,,2024-01-24,-1.0
4738,Claude,energy use,2024-04-23,,2024-05-23,-1.0
4739,Claude,energy use,2024-03-24,,2024-04-23,-1.0
4740,Claude,energy use,2023-09-26,,2023-10-26,-1.0
4741,Claude,energy use,2023-08-27,,2023-09-26,-1.0
4742,Claude,energy use,2023-11-25,,2023-12-25,-1.0
4743,Claude,energy use,2023-10-26,,2023-11-25,-1.0
4744,Claude,energy consumption,2024-11-19,,2024-12-19,-1.0
4745,Claude,energy consumption,2024-10-20,,2024-11-19,-1.0
4746,Claude,energy consumption,2024-12-19,,2025-01-18,-1.0
4747,Claude,energy consumption,2024-09-20,,2024-10-20,-1.0
4748,Claude,energy consumption,2025-02-17,,2025-03-19,-1.0
4749,Claude,energy consumption,2025-01-18,,2025-02-17,-1.0
4750,Claude,energy consumption,2024-06-22,,2024-07-22,-1.0
4751,Claude,energy consumption,2024-05-23,,2024-06-22,-1.0
4752,Claude,energy consumption,2024-07-22,,2024-08-21,-1.0
4753,Claude,energy consumption,2024-08-21,,2024-09-20,-1.0
4754,Claude,energy consumption,2025-09-15,,2025-10-15,-1.0
4755,Claude,energy consumption,2025-08-16,,2025-09-15,-1.0
4756,Claude,energy consumption,2025-10-15,,2025-11-14,-1.0
4757,Claude,energy consumption,2025-07-17,,2025-08-16,-1.0
4758,Claude,energy consumption,2025-11-14,,2025-12-14,-1.0
4759,Claude,energy consumption,2025-04-18,,2025-05-18,-1.0
4760,Claude,energy consumption,2025-03-19,,2025-04-18,-1.0
4761,Claude,energy consumption,2025-05-18,,2025-06-17,-1.0
4762,Claude,energy consumption,2025-06-17,,2025-07-17,-1.0
4763,Claude,water harm,2025-12-14,,2026-01-13,-1.0
4764,Claude,water harm,2026-01-13,,2026-02-12,-1.0
4765,Claude,water harm,2025-11-14,,2025-12-14,-1.0
4766,Claude,water harm,2025-10-15,,2025-11-14,-1.0
4767,Claude,water cost,2022-11-30,,2022-12-30,-1.0
4768,Claude,water cost,2022-12-30,,2023-01-29,-1.0
4769,Claude,water harm,2025-07-17,,2025-08-16,-1.0
4770,Claude,water harm,2025-08-16,,2025-09-15,-1.0
4771,Claude,water harm,2025-06-17,,2025-07-17,-1.0
4772,Claude,water harm,2025-05-18,,2025-06-17,-1.0
4773,Claude,water harm,2025-09-15,,2025-10-15,-1.0
4774,Claude,water cost,2023-07-28,,2023-08-27,-1.0
4775,Claude,water cost,2023-06-28,,2023-07-28,-1.0
4776,Claude,water cost,2023-08-27,,2023-09-26,-1.0
4777,Claude,water cost,2023-05-29,,2023-06-28,-1.0
4778,Claude,water cost,2023-09-26,,2023-10-26,-1.0
4779,Claude,water cost,2023-10-26,,2023-11-25,-1.0
4780,Claude,water cost,2023-02-28,,2023-03-30,-1.0
4781,Claude,water cost,2023-01-29,,2023-02-28,-1.0
4782,Claude,water cost,2023-03-30,,2023-04-29,-1.0
4783,Claude,water cost,2023-04-29,,2023-05-29,-1.0
4784,Claude,water harm,2024-04-23,,2024-05-23,-1.0
4785,Claude,water harm,2024-05-23,,2024-06-22,-1.0
4786,Claude,water harm,2024-03-24,,2024-04-23,-1.0
4787,Claude,water harm,2024-02-23,,2024-03-24,-1.0
4788,Claude,water harm,2024-07-22,,2024-08-21,-1.0
4789,Claude,water harm,2024-06-22,,2024-07-22,-1.0
4790,Claude,water harm,2023-11-25,,2023-12-25,-1.0
4791,Claude,water harm,2023-12-25,,2024-01-24,-1.0
4792,Claude,water harm,2023-10-26,,2023-11-25,-1.0
4793,Claude,water harm,2024-01-24,,2024-02-23,-1.0
4794,Claude,water harm,2025-02-17,,2025-03-19,-1.0
4795,Claude,water harm,2025-03-19,,2025-04-18,-1.0
4796,Claude,water harm,2025-01-18,,2025-02-17,-1.0
4797,Claude,water harm,2024-12-19,,2025-01-18,-1.0
4798,Claude,water harm,2025-04-18,,2025-05-18,-1.0
4799,Claude,water harm,2024-09-20,,2024-10-20,-1.0
4800,Claude,water harm,2024-10-20,,2024-11-19,-1.0
4801,Claude,water harm,2024-08-21,,2024-09-20,-1.0
4802,Claude,water harm,2024-11-19,,2024-12-19,-1.0
4803,Claude,water cost,2026-01-13,,2026-02-12,-1.0
4804,Claude,water cost,2025-12-14,,2026-01-13,-1.0
4805,Claude,water cost,2025-11-14,,2025-12-14,-1.0
4806,Claude,sustainability,2023-01-29,,2023-02-28,-1.0
4807,Claude,sustainability,2022-12-30,,2023-01-29,-1.0
4808,Claude,sustainability,2022-11-30,,2022-12-30,-1.0
4809,Claude,water cost,2025-08-16,,2025-09-15,-1.0
4810,Claude,water cost,2025-07-17,,2025-08-16,-1.0
4811,Claude,water cost,2025-06-17,,2025-07-17,-1.0
4812,Claude,water cost,2025-10-15,,2025-11-14,-1.0
4813,Claude,water cost,2025-09-15,,2025-10-15,-1.0
4814,Claude,sustainability,2023-07-28,,2023-08-27,-1.0
4815,Claude,sustainability,2023-08-27,,2023-09-26,-1.0
4816,Claude,sustainability,2023-06-28,,2023-07-28,-1.0
4817,Claude,sustainability,2023-10-26,,2023-11-25,-1.0
4818,Claude,sustainability,2023-09-26,,2023-10-26,-1.0
4819,Claude,sustainability,2023-11-25,,2023-12-25,-1.0
4820,Claude,sustainability,2023-03-30,,2023-04-29,-1.0
4821,Claude,sustainability,2023-02-28,,2023-03-30,-1.0
4822,Claude,sustainability,2023-05-29,,2023-06-28,-1.0
4823,Claude,sustainability,2023-04-29,,2023-05-29,-1.0
4824,Claude,water cost,2024-05-23,,2024-06-22,-1.0
4825,Claude,water cost,2024-04-23,,2024-05-23,-1.0
4826,Claude,water cost,2024-06-22,,2024-07-22,-1.0
4827,Claude,water cost,2024-03-24,,2024-04-23,-1.0
4828,Claude,water cost,2024-08-21,,2024-09-20,-1.0
4829,Claude,water cost,2024-07-22,,2024-08-21,-1.0
4830,Claude,water cost,2023-12-25,,2024-01-24,-1.0
4831,Claude,water cost,2023-11-25,,2023-12-25,-1.0
4832,Claude,water cost,2024-01-24,,2024-02-23,-1.0
4833,Claude,water cost,2024-02-23,,2024-03-24,-1.0
4834,Claude,water cost,2025-03-19,,2025-04-18,-1.0
4835,Claude,water cost,2025-02-17,,2025-03-19,-1.0
4836,Claude,water cost,2025-01-18,,2025-02-17,-1.0
4837,Claude,water cost,2025-05-18,,2025-06-17,-1.0
4838,Claude,water cost,2025-04-18,,2025-05-18,-1.0
4839,Claude,water cost,2024-10-20,,2024-11-19,-1.0
4840,Claude,water cost,2024-09-20,,2024-10-20,-1.0
4841,Claude,water cost,2024-11-19,,2024-12-19,-1.0
4842,Claude,water cost,2024-12-19,,2025-01-18,-1.0
4843,Claude,water harm,2023-09-26,,2023-10-26,-1.0
4844,Claude,water impact,2025-11-14,,2025-12-14,-1.0
4845,Claude,water impact,2025-10-15,,2025-11-14,-1.0
4846,Claude,water impact,2025-12-14,,2026-01-13,-1.0
4847,Claude,water impact,2025-09-15,,2025-10-15,-1.0
4848,Claude,water effect,2022-11-30,,2022-12-30,-1.0
4849,Claude,water impact,2026-01-13,,2026-02-12,-1.0
4850,Claude,water impact,2025-06-17,,2025-07-17,-1.0
4851,Claude,water impact,2025-05-18,,2025-06-17,-1.0
4852,Claude,water impact,2025-07-17,,2025-08-16,-1.0
4853,Claude,water impact,2025-04-18,,2025-05-18,-1.0
4854,Claude,water impact,2025-08-16,,2025-09-15,-1.0
4855,Claude,water effect,2023-06-28,,2023-07-28,-1.0
4856,Claude,water effect,2023-05-29,,2023-06-28,-1.0
4857,Claude,water effect,2023-04-29,,2023-05-29,-1.0
4858,Claude,water effect,2023-08-27,,2023-09-26,-1.0
4859,Claude,water effect,2023-09-26,,2023-10-26,-1.0
4860,Claude,water effect,2023-07-28,,2023-08-27,-1.0
4861,Claude,water effect,2023-01-29,,2023-02-28,-1.0
4862,Claude,water effect,2022-12-30,,2023-01-29,-1.0
4863,Claude,water effect,2023-03-30,,2023-04-29,-1.0
4864,Claude,water effect,2023-02-28,,2023-03-30,-1.0
4865,Claude,water impact,2024-03-24,,2024-04-23,-1.0
4866,Claude,water impact,2024-02-23,,2024-03-24,-1.0
4867,Claude,water impact,2024-04-23,,2024-05-23,-1.0
4868,Claude,water impact,2024-01-24,,2024-02-23,-1.0
4869,Claude,water impact,2024-06-22,,2024-07-22,-1.0
4870,Claude,water impact,2024-05-23,,2024-06-22,-1.0
4871,Claude,water impact,2023-10-26,,2023-11-25,-1.0
4872,Claude,water impact,2023-11-25,,2023-12-25,-1.0
4873,Claude,water impact,2023-09-26,,2023-10-26,-1.0
4874,Claude,water impact,2023-12-25,,2024-01-24,-1.0
4875,Claude,water impact,2025-01-18,,2025-02-17,-1.0
4876,Claude,water impact,2024-12-19,,2025-01-18,-1.0
4877,Claude,water impact,2025-02-17,,2025-03-19,-1.0
4878,Claude,water impact,2024-11-19,,2024-12-19,-1.0
4879,Claude,water impact,2025-03-19,,2025-04-18,-1.0
4880,Claude,water impact,2024-08-21,,2024-09-20,-1.0
4881,Claude,water impact,2024-07-22,,2024-08-21,-1.0
4882,Claude,water impact,2024-09-20,,2024-10-20,-1.0
4883,Claude,water impact,2024-10-20,,2024-11-19,-1.0
4884,Claude,water effect,2025-11-14,,2025-12-14,-1.0
4885,Claude,water effect,2025-12-14,,2026-01-13,-1.0
4886,Claude,water effect,2025-10-15,,2025-11-14,-1.0
4887,Claude,water harm,2022-12-30,,2023-01-29,-1.0
4888,Claude,water harm,2022-11-30,,2022-12-30,-1.0
4889,Claude,water effect,2026-01-13,,2026-02-12,-1.0
4890,Claude,water effect,2025-06-17,,2025-07-17,-1.0
4891,Claude,water effect,2025-07-17,,2025-08-16,-1.0
4892,Claude,water effect,2025-05-18,,2025-06-17,-1.0
4893,Claude,water effect,2025-09-15,,2025-10-15,-1.0
4894,Claude,water effect,2025-08-16,,2025-09-15,-1.0
4895,Claude,water harm,2023-06-28,,2023-07-28,-1.0
4896,Claude,water harm,2023-07-28,,2023-08-27,-1.0
4897,Claude,water harm,2023-05-29,,2023-06-28,-1.0
4898,Claude,water harm,2023-08-27,,2023-09-26,-1.0
4899,Claude,water harm,2023-01-29,,2023-02-28,-1.0
4900,Claude,water harm,2023-02-28,,2023-03-30,-1.0
4901,Claude,water harm,2023-04-29,,2023-05-29,-1.0
4902,Claude,water harm,2023-03-30,,2023-04-29,-1.0
4903,Claude,water effect,2024-04-23,,2024-05-23,-1.0
4904,Claude,water effect,2024-03-24,,2024-04-23,-1.0
4905,Claude,water effect,2024-02-23,,2024-03-24,-1.0
4906,Claude,water effect,2024-07-22,,2024-08-21,-1.0
4907,Claude,water effect,2024-06-22,,2024-07-22,-1.0
4908,Claude,water effect,2024-05-23,,2024-06-22,-1.0
4909,Claude,water effect,2023-11-25,,2023-12-25,-1.0
4910,Claude,water effect,2023-10-26,,2023-11-25,-1.0
4911,Claude,water effect,2024-01-24,,2024-02-23,-1.0
4912,Claude,water effect,2023-12-25,,2024-01-24,-1.0
4913,Claude,water effect,2025-01-18,,2025-02-17,-1.0
4914,Claude,water effect,2025-02-17,,2025-03-19,-1.0
4915,Claude,water effect,2024-12-19,,2025-01-18,-1.0
4916,Claude,water effect,2025-04-18,,2025-05-18,-1.0
4917,Claude,water effect,2025-03-19,,2025-04-18,-1.0
4918,Claude,water effect,2024-08-21,,2024-09-20,-1.0
4919,Claude,water effect,2024-09-20,,2024-10-20,-1.0
4920,Claude,water effect,2024-11-19,,2024-12-19,-1.0
4921,Claude,water effect,2024-10-20,,2024-11-19,-1.0
4922,Claude,environment effect,2022-11-30,,2022-12-30,-1.0
4923,Claude,environment effect,2022-12-30,,2023-01-29,-1.0
4924,Claude,environment impact,2026-01-13,,2026-02-12,-1.0
4925,Claude,environment effect,2023-03-30,,2023-04-29,-1.0
4926,Claude,environment effect,2023-02-28,,2023-03-30,-1.0
4927,Claude,environment effect,2023-01-29,,2023-02-28,-1.0
4928,Claude,environment impact,2025-09-15,,2025-10-15,-1.0
4929,Claude,environment impact,2025-10-15,,2025-11-14,-1.0
4930,Claude,environment impact,2025-08-16,,2025-09-15,-1.0
4931,Claude,environment impact,2025-12-14,,2026-01-13,-1.0
4932,Claude,environment impact,2025-11-14,,2025-12-14,-1.0
4933,Claude,environment effect,2023-09-26,,2023-10-26,-1.0
4934,Claude,environment effect,2023-10-26,,2023-11-25,-1.0
4935,Claude,environment effect,2023-08-27,,2023-09-26,-1.0
4936,Claude,environment effect,2023-12-25,,2024-01-24,-1.0
4937,Claude,environment effect,2023-11-25,,2023-12-25,-1.0
4938,Claude,environment effect,2024-01-24,,2024-02-23,-1.0
4939,Claude,environment effect,2023-04-29,,2023-05-29,-1.0
4940,Claude,environment effect,2023-05-29,,2023-06-28,-1.0
4941,Claude,environment effect,2023-07-28,,2023-08-27,-1.0
4942,Claude,environment effect,2023-06-28,,2023-07-28,-1.0
4943,Claude,environment impact,2024-07-22,,2024-08-21,-1.0
4944,Claude,environment impact,2024-06-22,,2024-07-22,-1.0
4945,Claude,environment impact,2024-05-23,,2024-06-22,-1.0
4946,Claude,environment impact,2024-10-20,,2024-11-19,-1.0
4947,Claude,environment impact,2024-09-20,,2024-10-20,-1.0
4948,Claude,environment impact,2024-08-21,,2024-09-20,-1.0
4949,Claude,environment impact,2024-02-23,,2024-03-24,-1.0
4950,Claude,environment impact,2024-01-24,,2024-02-23,-1.0
4951,Claude,environment impact,2023-12-25,,2024-01-24,-1.0
4952,Claude,environment impact,2024-04-23,,2024-05-23,-1.0
4953,Claude,environment impact,2024-03-24,,2024-04-23,-1.0
4954,Claude,environment impact,2025-04-18,,2025-05-18,-1.0
4955,Claude,environment impact,2025-05-18,,2025-06-17,-1.0
4956,Claude,environment impact,2025-03-19,,2025-04-18,-1.0
4957,Claude,environment impact,2025-07-17,,2025-08-16,-1.0
4958,Claude,environment impact,2025-06-17,,2025-07-17,-1.0
4959,Claude,environment impact,2024-12-19,,2025-01-18,-1.0
4960,Claude,environment impact,2024-11-19,,2024-12-19,-1.0
4961,Claude,environment impact,2025-02-17,,2025-03-19,-1.0
4962,Claude,environment impact,2025-01-18,,2025-02-17,-1.0
4963,Claude,environment cost,2022-12-30,,2023-01-29,-1.0
4964,Claude,environment cost,2023-01-29,,2023-02-28,-1.0
4965,Claude,environment cost,2022-11-30,,2022-12-30,-1.0
4966,Claude,environment effect,2026-01-13,,2026-02-12,-1.0
4967,Claude,environment cost,2023-03-30,,2023-04-29,-1.0
4968,Claude,environment cost,2023-02-28,,2023-03-30,-1.0
4969,Claude,environment effect,2025-10-15,,2025-11-14,-1.0
4970,Claude,environment effect,2025-11-14,,2025-12-14,-1.0
4971,Claude,environment effect,2025-09-15,,2025-10-15,-1.0
4972,Claude,environment effect,2025-08-16,,2025-09-15,-1.0
4973,Claude,environment effect,2025-12-14,,2026-01-13,-1.0
4974,Claude,environment cost,2023-10-26,,2023-11-25,-1.0
4975,Claude,environment cost,2023-09-26,,2023-10-26,-1.0
4976,Claude,environment cost,2023-11-25,,2023-12-25,-1.0
4977,Claude,environment cost,2023-08-27,,2023-09-26,-1.0
4978,Claude,environment cost,2023-12-25,,2024-01-24,-1.0
4979,Claude,environment cost,2023-05-29,,2023-06-28,-1.0
4980,Claude,environment cost,2023-04-29,,2023-05-29,-1.0
4981,Claude,environment cost,2023-06-28,,2023-07-28,-1.0
4982,Claude,environment cost,2023-07-28,,2023-08-27,-1.0
4983,Claude,environment effect,2024-07-22,,2024-08-21,-1.0
4984,Claude,environment effect,2024-08-21,,2024-09-20,-1.0
4985,Claude,environment effect,2024-06-22,,2024-07-22,-1.0
4986,Claude,environment effect,2024-10-20,,2024-11-19,-1.0
4987,Claude,environment effect,2024-09-20,,2024-10-20,-1.0
4988,Claude,environment effect,2024-05-23,,2024-06-22,-1.0
4989,Claude,environment effect,2024-02-23,,2024-03-24,-1.0
4990,Claude,environment effect,2024-03-24,,2024-04-23,-1.0
4991,Claude,environment effect,2024-04-23,,2024-05-23,-1.0
4992,Claude,environment effect,2025-05-18,,2025-06-17,-1.0
4993,Claude,environment effect,2025-06-17,,2025-07-17,-1.0
4994,Claude,environment effect,2025-04-18,,2025-05-18,-1.0
4995,Claude,environment effect,2025-03-19,,2025-04-18,-1.0
4996,Claude,environment effect,2025-07-17,,2025-08-16,-1.0
4997,Claude,environment effect,2024-12-19,,2025-01-18,-1.0
4998,Claude,environment effect,2025-01-18,,2025-02-17,-1.0
4999,Claude,environment effect,2024-11-19,,2024-12-19,-1.0
5000,Claude,environment effect,2025-02-17,,2025-03-19,-1.0
5001,Claude,sustainability,2026-01-13,,2026-02-12,-1.0
5002,Claude,environment footprint,2022-11-30,,2022-12-30,-1.0
5003,Claude,sustainability,2025-12-14,,2026-01-13,-1.0
5004,Claude,environment footprint,2023-01-29,,2023-02-28,-1.0
5005,Claude,environment footprint,2022-12-30,,2023-01-29,-1.0
5006,Claude,sustainability,2025-11-14,,2025-12-14,-1.0
5007,Claude,sustainability,2025-08-16,,2025-09-15,-1.0
5008,Claude,sustainability,2025-09-15,,2025-10-15,-1.0
5009,Claude,sustainability,2025-07-17,,2025-08-16,-1.0
5010,Claude,sustainability,2025-10-15,,2025-11-14,-1.0
5011,Claude,environment footprint,2023-08-27,,2023-09-26,-1.0
5012,Claude,environment footprint,2023-09-26,,2023-10-26,-1.0
5013,Claude,environment footprint,2023-07-28,,2023-08-27,-1.0
5014,Claude,environment footprint,2023-06-28,,2023-07-28,-1.0
5015,Claude,environment footprint,2023-11-25,,2023-12-25,-1.0
5016,Claude,environment footprint,2023-10-26,,2023-11-25,-1.0
5017,Claude,environment footprint,2023-03-30,,2023-04-29,-1.0
5018,Claude,environment footprint,2023-04-29,,2023-05-29,-1.0
5019,Claude,environment footprint,2023-02-28,,2023-03-30,-1.0
5020,Claude,environment footprint,2023-05-29,,2023-06-28,-1.0
5021,Claude,sustainability,2024-05-23,,2024-06-22,-1.0
5022,Claude,sustainability,2024-06-22,,2024-07-22,-1.0
5023,Claude,sustainability,2024-04-23,,2024-05-23,-1.0
5024,Claude,sustainability,2024-09-20,,2024-10-20,-1.0
5025,Claude,sustainability,2024-08-21,,2024-09-20,-1.0
5026,Claude,sustainability,2024-07-22,,2024-08-21,-1.0
5027,Claude,sustainability,2023-12-25,,2024-01-24,-1.0
5028,Claude,sustainability,2024-01-24,,2024-02-23,-1.0
5029,Claude,sustainability,2024-03-24,,2024-04-23,-1.0
5030,Claude,sustainability,2024-02-23,,2024-03-24,-1.0
5031,Claude,sustainability,2025-03-19,,2025-04-18,-1.0
5032,Claude,sustainability,2025-04-18,,2025-05-18,-1.0
5033,Claude,sustainability,2025-02-17,,2025-03-19,-1.0
5034,Claude,sustainability,2025-06-17,,2025-07-17,-1.0
5035,Claude,sustainability,2025-05-18,,2025-06-17,-1.0
5036,Claude,sustainability,2024-10-20,,2024-11-19,-1.0
5037,Claude,sustainability,2024-11-19,,2024-12-19,-1.0
5038,Claude,sustainability,2025-01-18,,2025-02-17,-1.0
5039,Claude,sustainability,2024-12-19,,2025-01-18,-1.0
5040,Claude,environment impact,2022-11-30,,2022-12-30,-1.0
5041,Claude,environment footprint,2026-01-13,,2026-02-12,-1.0
5042,Claude,environment impact,2022-12-30,,2023-01-29,-1.0
5043,Claude,environment footprint,2025-12-14,,2026-01-13,-1.0
5044,Claude,environment impact,2023-02-28,,2023-03-30,-1.0
5045,Claude,environment impact,2023-01-29,,2023-02-28,-1.0
5046,Claude,environment footprint,2025-09-15,,2025-10-15,-1.0
5047,Claude,environment footprint,2025-08-16,,2025-09-15,-1.0
5048,Claude,environment footprint,2025-10-15,,2025-11-14,-1.0
5049,Claude,environment footprint,2025-07-17,,2025-08-16,-1.0
5050,Claude,environment footprint,2025-11-14,,2025-12-14,-1.0
5051,Claude,environment impact,2023-09-26,,2023-10-26,-1.0
5052,Claude,environment impact,2023-08-27,,2023-09-26,-1.0
5053,Claude,environment impact,2023-07-28,,2023-08-27,-1.0
5054,Claude,environment impact,2023-11-25,,2023-12-25,-1.0
5055,Claude,environment impact,2023-10-26,,2023-11-25,-1.0
5056,Claude,environment impact,2023-04-29,,2023-05-29,-1.0
5057,Claude,environment impact,2023-03-30,,2023-04-29,-1.0
5058,Claude,environment impact,2023-05-29,,2023-06-28,-1.0
5059,Claude,environment impact,2023-06-28,,2023-07-28,-1.0
5060,Claude,environment footprint,2024-06-22,,2024-07-22,-1.0
5061,Claude,environment footprint,2024-07-22,,2024-08-21,-1.0
5062,Claude,environment footprint,2024-05-23,,2024-06-22,-1.0
5063,Claude,environment footprint,2024-04-23,,2024-05-23,-1.0
5064,Claude,environment footprint,2024-09-20,,2024-10-20,-1.0
5065,Claude,environment footprint,2024-08-21,,2024-09-20,-1.0
5066,Claude,environment footprint,2024-01-24,,2024-02-23,-1.0
5067,Claude,environment footprint,2024-02-23,,2024-03-24,-1.0
5068,Claude,environment footprint,2023-12-25,,2024-01-24,-1.0
5069,Claude,environment footprint,2024-03-24,,2024-04-23,-1.0
5070,Claude,environment footprint,2025-04-18,,2025-05-18,-1.0
5071,Claude,environment footprint,2025-03-19,,2025-04-18,-1.0
5072,Claude,environment footprint,2025-05-18,,2025-06-17,-1.0
5073,Claude,environment footprint,2025-02-17,,2025-03-19,-1.0
5074,Claude,environment footprint,2025-06-17,,2025-07-17,-1.0
5075,Claude,environment footprint,2024-11-19,,2024-12-19,-1.0
5076,Claude,environment footprint,2024-10-20,,2024-11-19,-1.0
5077,Claude,environment footprint,2024-12-19,,2025-01-18,-1.0
5078,Claude,environment footprint,2025-01-18,,2025-02-17,-1.0
5079,artificial intelligence,energy use,2023-12-25,,2024-01-24,-1.0
5080,artificial intelligence,energy use,2023-11-25,,2023-12-25,-1.0
5081,artificial intelligence,energy use,2023-10-26,,2023-11-25,-1.0
5082,artificial intelligence,energy use,2024-02-23,,2024-03-24,-1.0
5083,artificial intelligence,energy use,2024-03-24,,2024-04-23,-1.0
5084,artificial intelligence,energy use,2024-01-24,,2024-02-23,-1.0
5085,artificial intelligence,energy usage,2025-01-18,,2025-02-17,-1.0
5086,artificial intelligence,energy use,2023-07-28,,2023-08-27,-1.0
5087,artificial intelligence,energy use,2023-06-28,,2023-07-28,-1.0
5088,artificial intelligence,energy use,2023-05-29,,2023-06-28,-1.0
5089,artificial intelligence,energy use,2023-09-26,,2023-10-26,-1.0
5090,artificial intelligence,energy use,2023-08-27,,2023-09-26,-1.0
5091,artificial intelligence,energy use,2024-10-20,,2024-11-19,-1.0
5092,artificial intelligence,energy use,2024-09-20,,2024-10-20,-1.0
5093,artificial intelligence,energy use,2024-08-21,,2024-09-20,-1.0
5094,artificial intelligence,energy use,2024-12-19,,2025-01-18,-1.0
5095,artificial intelligence,energy use,2025-01-18,,2025-02-17,-1.0
5096,artificial intelligence,energy use,2024-11-19,,2024-12-19,-1.0
5097,artificial intelligence,energy use,2024-05-23,,2024-06-22,-1.0
5098,artificial intelligence,energy use,2024-04-23,,2024-05-23,-1.0
5099,artificial intelligence,energy use,2024-07-22,,2024-08-21,-1.0
5100,artificial intelligence,energy use,2024-06-22,,2024-07-22,-1.0
5101,artificial intelligence,energy consumption,2025-07-17,,2025-08-16,-1.0
5102,artificial intelligence,energy consumption,2025-06-17,,2025-07-17,-1.0
5103,artificial intelligence,energy consumption,2025-08-16,,2025-09-15,-1.0
5104,artificial intelligence,energy consumption,2025-05-18,,2025-06-17,-1.0
5105,artificial intelligence,energy consumption,2025-10-15,,2025-11-14,-1.0
5106,artificial intelligence,energy consumption,2025-09-15,,2025-10-15,-1.0
5107,artificial intelligence,energy consumption,2025-02-17,,2025-03-19,-1.0
5108,artificial intelligence,energy consumption,2025-01-18,,2025-02-17,-1.0
5109,artificial intelligence,energy consumption,2025-03-19,,2025-04-18,-1.0
5110,artificial intelligence,energy consumption,2024-12-19,,2025-01-18,-1.0
5111,artificial intelligence,energy consumption,2025-04-18,,2025-05-18,-1.0
5112,artificial intelligence,energy use,2023-02-28,,2023-03-30,-1.0
5113,artificial intelligence,energy use,2023-01-29,,2023-02-28,-1.0
5114,artificial intelligence,energy use,2022-12-30,,2023-01-29,-1.0
5115,artificial intelligence,energy use,2023-03-30,,2023-04-29,-1.0
5116,artificial intelligence,energy use,2023-04-29,,2023-05-29,-1.0
5117,artificial intelligence,energy consumption,2025-12-14,,2026-01-13,-1.0
5118,artificial intelligence,energy consumption,2025-11-14,,2025-12-14,-1.0
5119,artificial intelligence,energy consumption,2026-01-13,,2026-02-12,-1.0
5120,artificial intelligence,energy use,2022-11-30,,2022-12-30,-1.0
5121,artificial intelligence,energy usage,2023-12-25,,2024-01-24,-1.0
5122,artificial intelligence,energy usage,2024-01-24,,2024-02-23,-1.0
5123,artificial intelligence,energy usage,2023-11-25,,2023-12-25,-1.0
5124,artificial intelligence,energy usage,2024-03-24,,2024-04-23,-1.0
5125,artificial intelligence,energy usage,2024-02-23,,2024-03-24,-1.0
5126,artificial intelligence,energy usage,2023-07-28,,2023-08-27,-1.0
5127,artificial intelligence,energy usage,2023-08-27,,2023-09-26,-1.0
5128,artificial intelligence,energy usage,2023-06-28,,2023-07-28,-1.0
5129,artificial intelligence,energy usage,2023-10-26,,2023-11-25,-1.0
5130,artificial intelligence,energy usage,2023-09-26,,2023-10-26,-1.0
5131,artificial intelligence,energy usage,2024-04-23,,2024-05-23,-1.0
5132,artificial intelligence,energy usage,2024-10-20,,2024-11-19,-1.0
5133,artificial intelligence,energy usage,2024-11-19,,2024-12-19,-1.0
5134,artificial intelligence,energy usage,2024-09-20,,2024-10-20,-1.0
5135,artificial intelligence,energy usage,2024-08-21,,2024-09-20,-1.0
5136,artificial intelligence,energy usage,2024-12-19,,2025-01-18,-1.0
5137,artificial intelligence,energy usage,2024-05-23,,2024-06-22,-1.0
5138,artificial intelligence,energy usage,2024-06-22,,2024-07-22,-1.0
5139,artificial intelligence,energy usage,2024-07-22,,2024-08-21,-1.0
5140,artificial intelligence,energy use,2025-07-17,,2025-08-16,-1.0
5141,artificial intelligence,energy use,2025-08-16,,2025-09-15,-1.0
5142,artificial intelligence,energy use,2025-06-17,,2025-07-17,-1.0
5143,artificial intelligence,energy use,2025-11-14,,2025-12-14,-1.0
5144,artificial intelligence,energy use,2025-10-15,,2025-11-14,-1.0
5145,artificial intelligence,energy use,2025-09-15,,2025-10-15,-1.0
5146,artificial intelligence,energy use,2025-02-17,,2025-03-19,-1.0
5147,artificial intelligence,energy use,2025-03-19,,2025-04-18,-1.0
5148,artificial intelligence,energy use,2025-05-18,,2025-06-17,-1.0
5149,artificial intelligence,energy use,2025-04-18,,2025-05-18,-1.0
5150,artificial intelligence,energy usage,2023-02-28,,2023-03-30,-1.0
5151,artificial intelligence,energy usage,2023-03-30,,2023-04-29,-1.0
5152,artificial intelligence,energy usage,2023-01-29,,2023-02-28,-1.0
5153,artificial intelligence,energy usage,2023-05-29,,2023-06-28,-1.0
5154,artificial intelligence,energy usage,2023-04-29,,2023-05-29,-1.0
5155,artificial intelligence,energy use,2025-12-14,,2026-01-13,-1.0
5156,artificial intelligence,energy use,2026-01-13,,2026-02-12,-1.0
5157,artificial intelligence,energy usage,2022-12-30,,2023-01-29,-1.0
5158,artificial intelligence,energy usage,2022-11-30,,2022-12-30,-1.0
5159,artificial intelligence,waste,2023-10-26,,2023-11-25,-1.0
5160,artificial intelligence,waste,2023-11-25,,2023-12-25,-1.0
5161,artificial intelligence,waste,2023-09-26,,2023-10-26,-1.0
5162,artificial intelligence,waste,2024-02-23,,2024-03-24,-1.0
5163,artificial intelligence,waste,2024-01-24,,2024-02-23,-1.0
5164,artificial intelligence,waste,2023-12-25,,2024-01-24,-1.0
5165,artificial intelligence,waste,2023-05-29,,2023-06-28,-1.0
5166,artificial intelligence,waste,2023-06-28,,2023-07-28,-1.0
5167,artificial intelligence,waste,2023-04-29,,2023-05-29,-1.0
5168,artificial intelligence,waste,2023-08-27,,2023-09-26,-1.0
5169,artificial intelligence,waste,2023-07-28,,2023-08-27,-1.0
5170,artificial intelligence,waste,2024-08-21,,2024-09-20,-1.0
5171,artificial intelligence,waste,2024-09-20,,2024-10-20,-1.0
5172,artificial intelligence,waste,2024-07-22,,2024-08-21,-1.0
5173,artificial intelligence,waste,2024-11-19,,2024-12-19,-1.0
5174,artificial intelligence,waste,2024-10-20,,2024-11-19,-1.0
5175,artificial intelligence,waste,2024-12-19,,2025-01-18,-1.0
5176,artificial intelligence,waste,2024-03-24,,2024-04-23,-1.0
5177,artificial intelligence,waste,2024-04-23,,2024-05-23,-1.0
5178,artificial intelligence,waste,2024-06-22,,2024-07-22,-1.0
5179,artificial intelligence,waste,2024-05-23,,2024-06-22,-1.0
5180,artificial intelligence,pollution,2025-06-17,,2025-07-17,-1.0
5181,artificial intelligence,pollution,2025-05-18,,2025-06-17,-1.0
5182,artificial intelligence,pollution,2025-04-18,,2025-05-18,-1.0
5183,artificial intelligence,pollution,2025-09-15,,2025-10-15,-1.0
5184,artificial intelligence,pollution,2025-08-16,,2025-09-15,-1.0
5185,artificial intelligence,pollution,2025-07-17,,2025-08-16,-1.0
5186,artificial intelligence,pollution,2025-01-18,,2025-02-17,-1.0
5187,artificial intelligence,pollution,2024-12-19,,2025-01-18,-1.0
5188,artificial intelligence,pollution,2024-11-19,,2024-12-19,-1.0
5189,artificial intelligence,pollution,2025-03-19,,2025-04-18,-1.0
5190,artificial intelligence,pollution,2025-02-17,,2025-03-19,-1.0
5191,artificial intelligence,waste,2023-01-29,,2023-02-28,-1.0
5192,artificial intelligence,waste,2022-12-30,,2023-01-29,-1.0
5193,artificial intelligence,waste,2022-11-30,,2022-12-30,-1.0
5194,artificial intelligence,waste,2023-03-30,,2023-04-29,-1.0
5195,artificial intelligence,waste,2023-02-28,,2023-03-30,-1.0
5196,artificial intelligence,pollution,2025-11-14,,2025-12-14,-1.0
5197,artificial intelligence,pollution,2025-10-15,,2025-11-14,-1.0
5198,artificial intelligence,pollution,2026-01-13,,2026-02-12,-1.0
5199,artificial intelligence,pollution,2025-12-14,,2026-01-13,-1.0
5200,artificial intelligence,energy consumption,2023-11-25,,2023-12-25,-1.0
5201,artificial intelligence,energy consumption,2023-12-25,,2024-01-24,-1.0
5202,artificial intelligence,energy consumption,2023-10-26,,2023-11-25,-1.0
5203,artificial intelligence,energy consumption,2023-09-26,,2023-10-26,-1.0
5204,artificial intelligence,energy consumption,2024-02-23,,2024-03-24,-1.0
5205,artificial intelligence,energy consumption,2024-01-24,,2024-02-23,-1.0
5206,artificial intelligence,energy consumption,2023-06-28,,2023-07-28,-1.0
5207,artificial intelligence,energy consumption,2023-07-28,,2023-08-27,-1.0
5208,artificial intelligence,energy consumption,2023-05-29,,2023-06-28,-1.0
5209,artificial intelligence,energy consumption,2023-04-29,,2023-05-29,-1.0
5210,artificial intelligence,energy consumption,2023-08-27,,2023-09-26,-1.0
5211,artificial intelligence,energy consumption,2024-09-20,,2024-10-20,-1.0
5212,artificial intelligence,energy consumption,2024-08-21,,2024-09-20,-1.0
5213,artificial intelligence,energy consumption,2024-10-20,,2024-11-19,-1.0
5214,artificial intelligence,energy consumption,2024-07-22,,2024-08-21,-1.0
5215,artificial intelligence,energy consumption,2024-11-19,,2024-12-19,-1.0
5216,artificial intelligence,energy consumption,2024-04-23,,2024-05-23,-1.0
5217,artificial intelligence,energy consumption,2024-05-23,,2024-06-22,-1.0
5218,artificial intelligence,energy consumption,2024-03-24,,2024-04-23,-1.0
5219,artificial intelligence,energy consumption,2024-06-22,,2024-07-22,-1.0
5220,artificial intelligence,waste,2025-06-17,,2025-07-17,-1.0
5221,artificial intelligence,waste,2025-07-17,,2025-08-16,-1.0
5222,artificial intelligence,waste,2025-05-18,,2025-06-17,-1.0
5223,artificial intelligence,waste,2025-09-15,,2025-10-15,-1.0
5224,artificial intelligence,waste,2025-08-16,,2025-09-15,-1.0
5225,artificial intelligence,waste,2025-01-18,,2025-02-17,-1.0
5226,artificial intelligence,waste,2025-02-17,,2025-03-19,-1.0
5227,artificial intelligence,waste,2025-04-18,,2025-05-18,-1.0
5228,artificial intelligence,waste,2025-03-19,,2025-04-18,-1.0
5229,artificial intelligence,energy consumption,2023-01-29,,2023-02-28,-1.0
5230,artificial intelligence,energy consumption,2023-02-28,,2023-03-30,-1.0
5231,artificial intelligence,energy consumption,2022-12-30,,2023-01-29,-1.0
5232,artificial intelligence,energy consumption,2022-11-30,,2022-12-30,-1.0
5233,artificial intelligence,energy consumption,2023-03-30,,2023-04-29,-1.0
5234,artificial intelligence,waste,2025-11-14,,2025-12-14,-1.0
5235,artificial intelligence,waste,2025-12-14,,2026-01-13,-1.0
5236,artificial intelligence,waste,2025-10-15,,2025-11-14,-1.0
5237,artificial intelligence,waste,2026-01-13,,2026-02-12,-1.0
5238,artificial intelligence,energy cost,2024-02-23,,2024-03-24,-1.0
5239,artificial intelligence,energy cost,2024-03-24,,2024-04-23,-1.0
5240,artificial intelligence,energy cost,2024-01-24,,2024-02-23,-1.0
5241,artificial intelligence,energy cost,2023-12-25,,2024-01-24,-1.0
5242,artificial intelligence,energy cost,2024-05-23,,2024-06-22,-1.0
5243,artificial intelligence,energy cost,2024-04-23,,2024-05-23,-1.0
5244,artificial intelligence,energy cost,2023-09-26,,2023-10-26,-1.0
5245,artificial intelligence,energy cost,2023-10-26,,2023-11-25,-1.0
5246,artificial intelligence,energy cost,2023-08-27,,2023-09-26,-1.0
5247,artificial intelligence,energy cost,2023-07-28,,2023-08-27,-1.0
5248,artificial intelligence,energy cost,2023-11-25,,2023-12-25,-1.0
5249,artificial intelligence,energy cost,2024-12-19,,2025-01-18,-1.0
5250,artificial intelligence,energy cost,2025-01-18,,2025-02-17,-1.0
5251,artificial intelligence,energy cost,2024-11-19,,2024-12-19,-1.0
5252,artificial intelligence,energy cost,2024-10-20,,2024-11-19,-1.0
5253,artificial intelligence,energy cost,2025-02-17,,2025-03-19,-1.0
5254,artificial intelligence,energy cost,2025-03-19,,2025-04-18,-1.0
5255,artificial intelligence,energy cost,2024-07-22,,2024-08-21,-1.0
5256,artificial intelligence,energy cost,2024-08-21,,2024-09-20,-1.0
5257,artificial intelligence,energy cost,2024-06-22,,2024-07-22,-1.0
5258,artificial intelligence,energy cost,2024-09-20,,2024-10-20,-1.0
5259,artificial intelligence,energy impact,2025-09-15,,2025-10-15,-1.0
5260,artificial intelligence,energy impact,2025-10-15,,2025-11-14,-1.0
5261,artificial intelligence,energy impact,2025-08-16,,2025-09-15,-1.0
5262,artificial intelligence,energy impact,2026-01-13,,2026-02-12,-1.0
5263,artificial intelligence,energy impact,2025-12-14,,2026-01-13,-1.0
5264,artificial intelligence,energy impact,2025-11-14,,2025-12-14,-1.0
5265,artificial intelligence,energy impact,2025-04-18,,2025-05-18,-1.0
5266,artificial intelligence,energy impact,2025-05-18,,2025-06-17,-1.0
5267,artificial intelligence,energy impact,2025-03-19,,2025-04-18,-1.0
5268,artificial intelligence,energy impact,2025-07-17,,2025-08-16,-1.0
5269,artificial intelligence,energy impact,2025-06-17,,2025-07-17,-1.0
5270,artificial intelligence,energy cost,2023-04-29,,2023-05-29,-1.0
5271,artificial intelligence,energy cost,2023-05-29,,2023-06-28,-1.0
5272,artificial intelligence,energy cost,2023-03-30,,2023-04-29,-1.0
5273,artificial intelligence,energy cost,2023-02-28,,2023-03-30,-1.0
5274,artificial intelligence,energy cost,2023-06-28,,2023-07-28,-1.0
5275,artificial intelligence,energy cost,2022-11-30,,2022-12-30,-1.0
5276,artificial intelligence,energy cost,2022-12-30,,2023-01-29,-1.0
5277,artificial intelligence,energy cost,2023-01-29,,2023-02-28,-1.0
5278,artificial intelligence,carbon emission,2024-03-24,,2024-04-23,-1.0
5279,artificial intelligence,carbon emission,2024-02-23,,2024-03-24,-1.0
5280,artificial intelligence,carbon emission,2024-01-24,,2024-02-23,-1.0
5281,artificial intelligence,carbon emission,2024-06-22,,2024-07-22,-1.0
5282,artificial intelligence,carbon emission,2024-05-23,,2024-06-22,-1.0
5283,artificial intelligence,carbon emission,2024-04-23,,2024-05-23,-1.0
5284,artificial intelligence,carbon emission,2023-10-26,,2023-11-25,-1.0
5285,artificial intelligence,carbon emission,2023-09-26,,2023-10-26,-1.0
5286,artificial intelligence,carbon emission,2023-08-27,,2023-09-26,-1.0
5287,artificial intelligence,carbon emission,2023-11-25,,2023-12-25,-1.0
5288,artificial intelligence,carbon emission,2023-12-25,,2024-01-24,-1.0
5289,artificial intelligence,carbon emission,2025-01-18,,2025-02-17,-1.0
5290,artificial intelligence,carbon emission,2024-12-19,,2025-01-18,-1.0
5291,artificial intelligence,carbon emission,2024-11-19,,2024-12-19,-1.0
5292,artificial intelligence,carbon emission,2025-03-19,,2025-04-18,-1.0
5293,artificial intelligence,carbon emission,2025-04-18,,2025-05-18,-1.0
5294,artificial intelligence,carbon emission,2025-02-17,,2025-03-19,-1.0
5295,artificial intelligence,carbon emission,2024-08-21,,2024-09-20,-1.0
5296,artificial intelligence,carbon emission,2024-07-22,,2024-08-21,-1.0
5297,artificial intelligence,carbon emission,2024-10-20,,2024-11-19,-1.0
5298,artificial intelligence,carbon emission,2024-09-20,,2024-10-20,-1.0
5299,artificial intelligence,energy cost,2025-10-15,,2025-11-14,-1.0
5300,artificial intelligence,energy cost,2025-09-15,,2025-10-15,-1.0
5301,artificial intelligence,energy cost,2025-11-14,,2025-12-14,-1.0
5302,artificial intelligence,energy cost,2025-08-16,,2025-09-15,-1.0
5303,artificial intelligence,energy cost,2026-01-13,,2026-02-12,-1.0
5304,artificial intelligence,energy cost,2025-12-14,,2026-01-13,-1.0
5305,artificial intelligence,energy cost,2025-05-18,,2025-06-17,-1.0
5306,artificial intelligence,energy cost,2025-04-18,,2025-05-18,-1.0
5307,artificial intelligence,energy cost,2025-06-17,,2025-07-17,-1.0
5308,artificial intelligence,energy cost,2025-07-17,,2025-08-16,-1.0
5309,artificial intelligence,carbon emission,2023-05-29,,2023-06-28,-1.0
5310,artificial intelligence,carbon emission,2023-04-29,,2023-05-29,-1.0
5311,artificial intelligence,carbon emission,2023-06-28,,2023-07-28,-1.0
5312,artificial intelligence,carbon emission,2023-03-30,,2023-04-29,-1.0
5313,artificial intelligence,carbon emission,2023-07-28,,2023-08-27,-1.0
5314,artificial intelligence,carbon emission,2022-12-30,,2023-01-29,-1.0
5315,artificial intelligence,carbon emission,2022-11-30,,2022-12-30,-1.0
5316,artificial intelligence,carbon emission,2023-01-29,,2023-02-28,-1.0
5317,artificial intelligence,carbon emission,2023-02-28,,2023-03-30,-1.0
5318,artificial intelligence,energy footprint,2024-01-24,,2024-02-23,-1.0
5319,artificial intelligence,energy footprint,2023-12-25,,2024-01-24,-1.0
5320,artificial intelligence,energy footprint,2024-02-23,,2024-03-24,-1.0
5321,artificial intelligence,energy footprint,2023-11-25,,2023-12-25,-1.0
5322,artificial intelligence,energy footprint,2024-04-23,,2024-05-23,-1.0
5323,artificial intelligence,energy footprint,2024-03-24,,2024-04-23,-1.0
5324,artificial intelligence,energy footprint,2023-08-27,,2023-09-26,-1.0
5325,artificial intelligence,energy footprint,2023-07-28,,2023-08-27,-1.0
5326,artificial intelligence,energy footprint,2023-09-26,,2023-10-26,-1.0
5327,artificial intelligence,energy footprint,2023-06-28,,2023-07-28,-1.0
5328,artificial intelligence,energy footprint,2023-10-26,,2023-11-25,-1.0
5329,artificial intelligence,energy footprint,2024-11-19,,2024-12-19,-1.0
5330,artificial intelligence,energy footprint,2024-10-20,,2024-11-19,-1.0
5331,artificial intelligence,energy footprint,2024-12-19,,2025-01-18,-1.0
5332,artificial intelligence,energy footprint,2024-09-20,,2024-10-20,-1.0
5333,artificial intelligence,energy footprint,2025-01-18,,2025-02-17,-1.0
5334,artificial intelligence,energy footprint,2025-02-17,,2025-03-19,-1.0
5335,artificial intelligence,energy footprint,2024-06-22,,2024-07-22,-1.0
5336,artificial intelligence,energy footprint,2024-05-23,,2024-06-22,-1.0
5337,artificial intelligence,energy footprint,2024-07-22,,2024-08-21,-1.0
5338,artificial intelligence,energy footprint,2024-08-21,,2024-09-20,-1.0
5339,artificial intelligence,energy usage,2025-08-16,,2025-09-15,-1.0
5340,artificial intelligence,energy usage,2025-09-15,,2025-10-15,-1.0
5341,artificial intelligence,energy usage,2025-07-17,,2025-08-16,-1.0
5342,artificial intelligence,energy usage,2025-06-17,,2025-07-17,-1.0
5343,artificial intelligence,energy usage,2025-11-14,,2025-12-14,-1.0
5344,artificial intelligence,energy usage,2025-10-15,,2025-11-14,-1.0
5345,artificial intelligence,energy usage,2025-03-19,,2025-04-18,-1.0
5346,artificial intelligence,energy usage,2025-04-18,,2025-05-18,-1.0
5347,artificial intelligence,energy usage,2025-02-17,,2025-03-19,-1.0
5348,artificial intelligence,energy usage,2025-05-18,,2025-06-17,-1.0
5349,artificial intelligence,energy footprint,2023-03-30,,2023-04-29,-1.0
5350,artificial intelligence,energy footprint,2023-02-28,,2023-03-30,-1.0
5351,artificial intelligence,energy footprint,2023-04-29,,2023-05-29,-1.0
5352,artificial intelligence,energy footprint,2023-01-29,,2023-02-28,-1.0
5353,artificial intelligence,energy footprint,2023-05-29,,2023-06-28,-1.0
5354,artificial intelligence,energy usage,2026-01-13,,2026-02-12,-1.0
5355,artificial intelligence,energy footprint,2022-11-30,,2022-12-30,-1.0
5356,artificial intelligence,energy usage,2025-12-14,,2026-01-13,-1.0
5357,artificial intelligence,energy footprint,2022-12-30,,2023-01-29,-1.0
5358,artificial intelligence,energy impact,2024-01-24,,2024-02-23,-1.0
5359,artificial intelligence,energy impact,2024-02-23,,2024-03-24,-1.0
5360,artificial intelligence,energy impact,2023-12-25,,2024-01-24,-1.0
5361,artificial intelligence,energy impact,2024-05-23,,2024-06-22,-1.0
5362,artificial intelligence,energy impact,2024-04-23,,2024-05-23,-1.0
5363,artificial intelligence,energy impact,2024-03-24,,2024-04-23,-1.0
5364,artificial intelligence,energy impact,2023-09-26,,2023-10-26,-1.0
5365,artificial intelligence,energy impact,2023-08-27,,2023-09-26,-1.0
5366,artificial intelligence,energy impact,2023-07-28,,2023-08-27,-1.0
5367,artificial intelligence,energy impact,2023-11-25,,2023-12-25,-1.0
5368,artificial intelligence,energy impact,2023-10-26,,2023-11-25,-1.0
5369,artificial intelligence,energy impact,2024-11-19,,2024-12-19,-1.0
5370,artificial intelligence,energy impact,2024-12-19,,2025-01-18,-1.0
5371,artificial intelligence,energy impact,2024-10-20,,2024-11-19,-1.0
5372,artificial intelligence,energy impact,2025-02-17,,2025-03-19,-1.0
5373,artificial intelligence,energy impact,2025-01-18,,2025-02-17,-1.0
5374,artificial intelligence,energy impact,2024-06-22,,2024-07-22,-1.0
5375,artificial intelligence,energy impact,2024-07-22,,2024-08-21,-1.0
5376,artificial intelligence,energy impact,2024-09-20,,2024-10-20,-1.0
5377,artificial intelligence,energy impact,2024-08-21,,2024-09-20,-1.0
5378,artificial intelligence,energy footprint,2025-09-15,,2025-10-15,-1.0
5379,artificial intelligence,energy footprint,2025-08-16,,2025-09-15,-1.0
5380,artificial intelligence,energy footprint,2025-07-17,,2025-08-16,-1.0
5381,artificial intelligence,energy footprint,2025-12-14,,2026-01-13,-1.0
5382,artificial intelligence,energy footprint,2025-11-14,,2025-12-14,-1.0
5383,artificial intelligence,energy footprint,2025-10-15,,2025-11-14,-1.0
5384,artificial intelligence,energy footprint,2025-04-18,,2025-05-18,-1.0
5385,artificial intelligence,energy footprint,2025-03-19,,2025-04-18,-1.0
5386,artificial intelligence,energy footprint,2025-06-17,,2025-07-17,-1.0
5387,artificial intelligence,energy footprint,2025-05-18,,2025-06-17,-1.0
5388,artificial intelligence,energy impact,2023-04-29,,2023-05-29,-1.0
5389,artificial intelligence,energy impact,2023-03-30,,2023-04-29,-1.0
5390,artificial intelligence,energy impact,2023-02-28,,2023-03-30,-1.0
5391,artificial intelligence,energy impact,2023-06-28,,2023-07-28,-1.0
5392,artificial intelligence,energy impact,2023-05-29,,2023-06-28,-1.0
5393,artificial intelligence,energy impact,2022-11-30,,2022-12-30,-1.0
5394,artificial intelligence,energy footprint,2026-01-13,,2026-02-12,-1.0
5395,artificial intelligence,energy impact,2023-01-29,,2023-02-28,-1.0
5396,artificial intelligence,energy impact,2022-12-30,,2023-01-29,-1.0
5397,artificial intelligence,environment impact,2023-07-28,,2023-08-27,-1.0
5398,artificial intelligence,environment impact,2023-06-28,,2023-07-28,-1.0
5399,artificial intelligence,environment impact,2023-08-27,,2023-09-26,-1.0
5400,artificial intelligence,environment impact,2023-05-29,,2023-06-28,-1.0
5401,artificial intelligence,environment impact,2023-09-26,,2023-10-26,-1.0
5402,artificial intelligence,environment impact,2023-10-26,,2023-11-25,-1.0
5403,artificial intelligence,environment effect,2024-09-20,,2024-10-20,-1.0
5404,artificial intelligence,environment impact,2023-02-28,,2023-03-30,-1.0
5405,artificial intelligence,environment impact,2023-01-29,,2023-02-28,-1.0
5406,artificial intelligence,environment impact,2023-03-30,,2023-04-29,-1.0
5407,artificial intelligence,environment impact,2022-12-30,,2023-01-29,-1.0
5408,artificial intelligence,environment impact,2023-04-29,,2023-05-29,-1.0
5409,artificial intelligence,environment impact,2024-05-23,,2024-06-22,-1.0
5410,artificial intelligence,environment impact,2024-04-23,,2024-05-23,-1.0
5411,artificial intelligence,environment impact,2024-03-24,,2024-04-23,-1.0
5412,artificial intelligence,environment impact,2024-07-22,,2024-08-21,-1.0
5413,artificial intelligence,environment impact,2024-08-21,,2024-09-20,-1.0
5414,artificial intelligence,environment impact,2024-06-22,,2024-07-22,-1.0
5415,artificial intelligence,environment impact,2023-12-25,,2024-01-24,-1.0
5416,artificial intelligence,environment impact,2023-11-25,,2023-12-25,-1.0
5417,artificial intelligence,environment impact,2024-01-24,,2024-02-23,-1.0
5418,artificial intelligence,environment impact,2024-02-23,,2024-03-24,-1.0
5419,artificial intelligence,environment footprint,2025-02-17,,2025-03-19,-1.0
5420,artificial intelligence,environment footprint,2025-01-18,,2025-02-17,-1.0
5421,artificial intelligence,environment footprint,2025-03-19,,2025-04-18,-1.0
5422,artificial intelligence,environment footprint,2024-12-19,,2025-01-18,-1.0
5423,artificial intelligence,environment footprint,2025-05-18,,2025-06-17,-1.0
5424,artificial intelligence,environment footprint,2025-04-18,,2025-05-18,-1.0
5425,artificial intelligence,environment footprint,2024-09-20,,2024-10-20,-1.0
5426,artificial intelligence,environment footprint,2024-10-20,,2024-11-19,-1.0
5427,artificial intelligence,environment footprint,2024-08-21,,2024-09-20,-1.0
5428,artificial intelligence,environment footprint,2024-07-22,,2024-08-21,-1.0
5429,artificial intelligence,environment footprint,2024-11-19,,2024-12-19,-1.0
5430,artificial intelligence,environment footprint,2025-12-14,,2026-01-13,-1.0
5431,artificial intelligence,environment footprint,2025-11-14,,2025-12-14,-1.0
5432,artificial intelligence,environment footprint,2026-01-13,,2026-02-12,-1.0
5433,artificial intelligence,environment footprint,2025-10-15,,2025-11-14,-1.0
5434,artificial intelligence,environment impact,2022-11-30,,2022-12-30,-1.0
5435,artificial intelligence,environment footprint,2025-07-17,,2025-08-16,-1.0
5436,artificial intelligence,environment footprint,2025-06-17,,2025-07-17,-1.0
5437,artificial intelligence,environment footprint,2025-08-16,,2025-09-15,-1.0
5438,artificial intelligence,environment footprint,2025-09-15,,2025-10-15,-1.0
5439,artificial intelligence,environment effect,2023-07-28,,2023-08-27,-1.0
5440,artificial intelligence,environment effect,2023-08-27,,2023-09-26,-1.0
5441,artificial intelligence,environment effect,2023-06-28,,2023-07-28,-1.0
5442,artificial intelligence,environment effect,2023-11-25,,2023-12-25,-1.0
5443,artificial intelligence,environment effect,2023-10-26,,2023-11-25,-1.0
5444,artificial intelligence,environment effect,2023-09-26,,2023-10-26,-1.0
5445,artificial intelligence,environment effect,2023-02-28,,2023-03-30,-1.0
5446,artificial intelligence,environment effect,2023-03-30,,2023-04-29,-1.0
5447,artificial intelligence,environment effect,2023-01-29,,2023-02-28,-1.0
5448,artificial intelligence,environment effect,2023-05-29,,2023-06-28,-1.0
5449,artificial intelligence,environment effect,2023-04-29,,2023-05-29,-1.0
5450,artificial intelligence,environment effect,2024-05-23,,2024-06-22,-1.0
5451,artificial intelligence,environment effect,2024-06-22,,2024-07-22,-1.0
5452,artificial intelligence,environment effect,2024-04-23,,2024-05-23,-1.0
5453,artificial intelligence,environment effect,2024-08-21,,2024-09-20,-1.0
5454,artificial intelligence,environment effect,2024-07-22,,2024-08-21,-1.0
5455,artificial intelligence,environment effect,2023-12-25,,2024-01-24,-1.0
5456,artificial intelligence,environment effect,2024-01-24,,2024-02-23,-1.0
5457,artificial intelligence,environment effect,2024-03-24,,2024-04-23,-1.0
5458,artificial intelligence,environment effect,2024-02-23,,2024-03-24,-1.0
5459,artificial intelligence,environment impact,2025-03-19,,2025-04-18,-1.0
5460,artificial intelligence,environment impact,2025-02-17,,2025-03-19,-1.0
5461,artificial intelligence,environment impact,2025-01-18,,2025-02-17,-1.0
5462,artificial intelligence,environment impact,2025-06-17,,2025-07-17,-1.0
5463,artificial intelligence,environment impact,2025-05-18,,2025-06-17,-1.0
5464,artificial intelligence,environment impact,2025-04-18,,2025-05-18,-1.0
5465,artificial intelligence,environment impact,2024-10-20,,2024-11-19,-1.0
5466,artificial intelligence,environment impact,2024-09-20,,2024-10-20,-1.0
5467,artificial intelligence,environment impact,2024-12-19,,2025-01-18,-1.0
5468,artificial intelligence,environment impact,2024-11-19,,2024-12-19,-1.0
5469,artificial intelligence,environment impact,2025-12-14,,2026-01-13,-1.0
5470,artificial intelligence,environment impact,2026-01-13,,2026-02-12,-1.0
5471,artificial intelligence,environment impact,2025-11-14,,2025-12-14,-1.0
5472,artificial intelligence,environment effect,2022-12-30,,2023-01-29,-1.0
5473,artificial intelligence,environment effect,2022-11-30,,2022-12-30,-1.0
5474,artificial intelligence,environment impact,2025-08-16,,2025-09-15,-1.0
5475,artificial intelligence,environment impact,2025-07-17,,2025-08-16,-1.0
5476,artificial intelligence,environment impact,2025-10-15,,2025-11-14,-1.0
5477,artificial intelligence,environment impact,2025-09-15,,2025-10-15,-1.0
5478,artificial intelligence,sustainability,2023-06-28,,2023-07-28,-1.0
5479,artificial intelligence,sustainability,2023-05-29,,2023-06-28,-1.0
5480,artificial intelligence,sustainability,2023-04-29,,2023-05-29,-1.0
5481,artificial intelligence,sustainability,2023-09-26,,2023-10-26,-1.0
5482,artificial intelligence,sustainability,2023-08-27,,2023-09-26,-1.0
5483,artificial intelligence,sustainability,2023-07-28,,2023-08-27,-1.0
5484,artificial intelligence,sustainability,2023-01-29,,2023-02-28,-1.0
5485,artificial intelligence,sustainability,2022-12-30,,2023-01-29,-1.0
5486,artificial intelligence,sustainability,2022-11-30,,2022-12-30,-1.0
5487,artificial intelligence,sustainability,2023-03-30,,2023-04-29,-1.0
5488,artificial intelligence,sustainability,2023-02-28,,2023-03-30,-1.0
5489,artificial intelligence,sustainability,2024-03-24,,2024-04-23,-1.0
5490,artificial intelligence,sustainability,2024-04-23,,2024-05-23,-1.0
5491,artificial intelligence,sustainability,2024-02-23,,2024-03-24,-1.0
5492,artificial intelligence,sustainability,2024-06-22,,2024-07-22,-1.0
5493,artificial intelligence,sustainability,2024-05-23,,2024-06-22,-1.0
5494,artificial intelligence,sustainability,2024-07-22,,2024-08-21,-1.0
5495,artificial intelligence,sustainability,2023-10-26,,2023-11-25,-1.0
5496,artificial intelligence,sustainability,2023-11-25,,2023-12-25,-1.0
5497,artificial intelligence,sustainability,2024-01-24,,2024-02-23,-1.0
5498,artificial intelligence,sustainability,2023-12-25,,2024-01-24,-1.0
5499,artificial intelligence,water cost,2025-01-18,,2025-02-17,-1.0
5500,artificial intelligence,water cost,2024-12-19,,2025-01-18,-1.0
5501,artificial intelligence,water cost,2025-02-17,,2025-03-19,-1.0
5502,artificial intelligence,water cost,2024-11-19,,2024-12-19,-1.0
5503,artificial intelligence,water cost,2025-04-18,,2025-05-18,-1.0
5504,artificial intelligence,water cost,2025-03-19,,2025-04-18,-1.0
5505,artificial intelligence,water cost,2024-08-21,,2024-09-20,-1.0
5506,artificial intelligence,water cost,2024-07-22,,2024-08-21,-1.0
5507,artificial intelligence,water cost,2024-09-20,,2024-10-20,-1.0
5508,artificial intelligence,water cost,2024-06-22,,2024-07-22,-1.0
5509,artificial intelligence,water cost,2024-10-20,,2024-11-19,-1.0
5510,artificial intelligence,water cost,2025-11-14,,2025-12-14,-1.0
5511,artificial intelligence,water cost,2025-10-15,,2025-11-14,-1.0
5512,artificial intelligence,water cost,2025-09-15,,2025-10-15,-1.0
5513,artificial intelligence,water cost,2026-01-13,,2026-02-12,-1.0
5514,artificial intelligence,water cost,2025-12-14,,2026-01-13,-1.0
5515,artificial intelligence,water cost,2025-06-17,,2025-07-17,-1.0
5516,artificial intelligence,water cost,2025-05-18,,2025-06-17,-1.0
5517,artificial intelligence,water cost,2025-08-16,,2025-09-15,-1.0
5518,artificial intelligence,water cost,2025-07-17,,2025-08-16,-1.0
5519,artificial intelligence,environment footprint,2023-06-28,,2023-07-28,-1.0
5520,artificial intelligence,environment footprint,2023-07-28,,2023-08-27,-1.0
5521,artificial intelligence,environment footprint,2023-05-29,,2023-06-28,-1.0
5522,artificial intelligence,environment footprint,2023-04-29,,2023-05-29,-1.0
5523,artificial intelligence,environment footprint,2023-09-26,,2023-10-26,-1.0
5524,artificial intelligence,environment footprint,2023-08-27,,2023-09-26,-1.0
5525,artificial intelligence,environment footprint,2023-01-29,,2023-02-28,-1.0
5526,artificial intelligence,environment footprint,2023-02-28,,2023-03-30,-1.0
5527,artificial intelligence,environment footprint,2022-12-30,,2023-01-29,-1.0
5528,artificial intelligence,environment footprint,2023-03-30,,2023-04-29,-1.0
5529,artificial intelligence,environment footprint,2024-04-23,,2024-05-23,-1.0
5530,artificial intelligence,environment footprint,2024-05-23,,2024-06-22,-1.0
5531,artificial intelligence,environment footprint,2024-03-24,,2024-04-23,-1.0
5532,artificial intelligence,environment footprint,2024-02-23,,2024-03-24,-1.0
5533,artificial intelligence,environment footprint,2024-06-22,,2024-07-22,-1.0
5534,artificial intelligence,environment footprint,2023-11-25,,2023-12-25,-1.0
5535,artificial intelligence,environment footprint,2023-12-25,,2024-01-24,-1.0
5536,artificial intelligence,environment footprint,2023-10-26,,2023-11-25,-1.0
5537,artificial intelligence,environment footprint,2024-01-24,,2024-02-23,-1.0
5538,artificial intelligence,environment footprint,2022-11-30,,2022-12-30,-1.0
5539,artificial intelligence,sustainability,2025-01-18,,2025-02-17,-1.0
5540,artificial intelligence,sustainability,2025-02-17,,2025-03-19,-1.0
5541,artificial intelligence,sustainability,2024-12-19,,2025-01-18,-1.0
5542,artificial intelligence,sustainability,2025-05-18,,2025-06-17,-1.0
5543,artificial intelligence,sustainability,2025-04-18,,2025-05-18,-1.0
5544,artificial intelligence,sustainability,2025-03-19,,2025-04-18,-1.0
5545,artificial intelligence,sustainability,2024-08-21,,2024-09-20,-1.0
5546,artificial intelligence,sustainability,2024-09-20,,2024-10-20,-1.0
5547,artificial intelligence,sustainability,2024-11-19,,2024-12-19,-1.0
5548,artificial intelligence,sustainability,2024-10-20,,2024-11-19,-1.0
5549,artificial intelligence,sustainability,2025-11-14,,2025-12-14,-1.0
5550,artificial intelligence,sustainability,2025-12-14,,2026-01-13,-1.0
5551,artificial intelligence,sustainability,2025-10-15,,2025-11-14,-1.0
5552,artificial intelligence,sustainability,2026-01-13,,2026-02-12,-1.0
5553,artificial intelligence,sustainability,2025-06-17,,2025-07-17,-1.0
5554,artificial intelligence,sustainability,2025-07-17,,2025-08-16,-1.0
5555,artificial intelligence,sustainability,2025-09-15,,2025-10-15,-1.0
5556,artificial intelligence,sustainability,2025-08-16,,2025-09-15,-1.0
5557,artificial intelligence,environment negative,2023-09-26,,2023-10-26,-1.0
5558,artificial intelligence,environment negative,2023-10-26,,2023-11-25,-1.0
5559,artificial intelligence,environment negative,2023-08-27,,2023-09-26,-1.0
5560,artificial intelligence,environment negative,2023-12-25,,2024-01-24,-1.0
5561,artificial intelligence,environment negative,2023-11-25,,2023-12-25,-1.0
5562,artificial intelligence,environment negative,2023-07-28,,2023-08-27,-1.0
5563,artificial intelligence,environment negative,2023-04-29,,2023-05-29,-1.0
5564,artificial intelligence,environment negative,2023-05-29,,2023-06-28,-1.0
5565,artificial intelligence,environment negative,2023-03-30,,2023-04-29,-1.0
5566,artificial intelligence,environment negative,2023-06-28,,2023-07-28,-1.0
5567,artificial intelligence,environment negative,2024-07-22,,2024-08-21,-1.0
5568,artificial intelligence,environment negative,2024-08-21,,2024-09-20,-1.0
5569,artificial intelligence,environment negative,2024-06-22,,2024-07-22,-1.0
5570,artificial intelligence,environment negative,2024-05-23,,2024-06-22,-1.0
5571,artificial intelligence,environment negative,2024-10-20,,2024-11-19,-1.0
5572,artificial intelligence,environment negative,2024-09-20,,2024-10-20,-1.0
5573,artificial intelligence,environment negative,2024-02-23,,2024-03-24,-1.0
5574,artificial intelligence,environment negative,2024-03-24,,2024-04-23,-1.0
5575,artificial intelligence,environment negative,2024-01-24,,2024-02-23,-1.0
5576,artificial intelligence,environment negative,2024-04-23,,2024-05-23,-1.0
5577,artificial intelligence,environment harm,2025-04-18,,2025-05-18,-1.0
5578,artificial intelligence,environment harm,2025-05-18,,2025-06-17,-1.0
5579,artificial intelligence,environment harm,2025-03-19,,2025-04-18,-1.0
5580,artificial intelligence,environment harm,2025-08-16,,2025-09-15,-1.0
5581,artificial intelligence,environment harm,2025-07-17,,2025-08-16,-1.0
5582,artificial intelligence,environment harm,2025-06-17,,2025-07-17,-1.0
5583,artificial intelligence,environment harm,2024-11-19,,2024-12-19,-1.0
5584,artificial intelligence,environment harm,2024-12-19,,2025-01-18,-1.0
5585,artificial intelligence,environment harm,2024-10-20,,2024-11-19,-1.0
5586,artificial intelligence,environment harm,2025-02-17,,2025-03-19,-1.0
5587,artificial intelligence,environment harm,2025-01-18,,2025-02-17,-1.0
5588,artificial intelligence,environment negative,2022-11-30,,2022-12-30,-1.0
5589,artificial intelligence,environment negative,2022-12-30,,2023-01-29,-1.0
5590,artificial intelligence,environment harm,2026-01-13,,2026-02-12,-1.0
5591,artificial intelligence,environment negative,2023-02-28,,2023-03-30,-1.0
5592,artificial intelligence,environment negative,2023-01-29,,2023-02-28,-1.0
5593,artificial intelligence,environment harm,2025-09-15,,2025-10-15,-1.0
5594,artificial intelligence,environment harm,2025-10-15,,2025-11-14,-1.0
5595,artificial intelligence,environment harm,2025-12-14,,2026-01-13,-1.0
5596,artificial intelligence,environment harm,2025-11-14,,2025-12-14,-1.0
5597,artificial intelligence,pollution,2023-10-26,,2023-11-25,-1.0
5598,artificial intelligence,pollution,2023-09-26,,2023-10-26,-1.0
5599,artificial intelligence,pollution,2023-11-25,,2023-12-25,-1.0
5600,artificial intelligence,pollution,2023-08-27,,2023-09-26,-1.0
5601,artificial intelligence,pollution,2024-01-24,,2024-02-23,-1.0
5602,artificial intelligence,pollution,2023-12-25,,2024-01-24,-1.0
5603,artificial intelligence,pollution,2023-05-29,,2023-06-28,-1.0
5604,artificial intelligence,pollution,2023-04-29,,2023-05-29,-1.0
5605,artificial intelligence,pollution,2023-06-28,,2023-07-28,-1.0
5606,artificial intelligence,pollution,2023-03-30,,2023-04-29,-1.0
5607,artificial intelligence,pollution,2023-07-28,,2023-08-27,-1.0
5608,artificial intelligence,pollution,2024-08-21,,2024-09-20,-1.0
5609,artificial intelligence,pollution,2024-07-22,,2024-08-21,-1.0
5610,artificial intelligence,pollution,2024-06-22,,2024-07-22,-1.0
5611,artificial intelligence,pollution,2024-10-20,,2024-11-19,-1.0
5612,artificial intelligence,pollution,2024-09-20,,2024-10-20,-1.0
5613,artificial intelligence,pollution,2024-03-24,,2024-04-23,-1.0
5614,artificial intelligence,pollution,2024-02-23,,2024-03-24,-1.0
5615,artificial intelligence,pollution,2024-04-23,,2024-05-23,-1.0
5616,artificial intelligence,pollution,2024-05-23,,2024-06-22,-1.0
5617,artificial intelligence,environment negative,2025-05-18,,2025-06-17,-1.0
5618,artificial intelligence,environment negative,2025-06-17,,2025-07-17,-1.0
5619,artificial intelligence,environment negative,2025-04-18,,2025-05-18,-1.0
5620,artificial intelligence,environment negative,2025-03-19,,2025-04-18,-1.0
5621,artificial intelligence,environment negative,2025-08-16,,2025-09-15,-1.0
5622,artificial intelligence,environment negative,2025-07-17,,2025-08-16,-1.0
5623,artificial intelligence,environment negative,2024-12-19,,2025-01-18,-1.0
5624,artificial intelligence,environment negative,2025-01-18,,2025-02-17,-1.0
5625,artificial intelligence,environment negative,2024-11-19,,2024-12-19,-1.0
5626,artificial intelligence,environment negative,2025-02-17,,2025-03-19,-1.0
5627,artificial intelligence,pollution,2022-12-30,,2023-01-29,-1.0
5628,artificial intelligence,pollution,2022-11-30,,2022-12-30,-1.0
5629,artificial intelligence,pollution,2023-01-29,,2023-02-28,-1.0
5630,artificial intelligence,environment negative,2026-01-13,,2026-02-12,-1.0
5631,artificial intelligence,pollution,2023-02-28,,2023-03-30,-1.0
5632,artificial intelligence,environment negative,2025-10-15,,2025-11-14,-1.0
5633,artificial intelligence,environment negative,2025-11-14,,2025-12-14,-1.0
5634,artificial intelligence,environment negative,2025-09-15,,2025-10-15,-1.0
5635,artificial intelligence,environment negative,2025-12-14,,2026-01-13,-1.0
5636,artificial intelligence,environment cost,2023-08-27,,2023-09-26,-1.0
5637,artificial intelligence,environment cost,2023-09-26,,2023-10-26,-1.0
5638,artificial intelligence,environment cost,2023-07-28,,2023-08-27,-1.0
5639,artificial intelligence,environment cost,2023-06-28,,2023-07-28,-1.0
5640,artificial intelligence,environment cost,2023-11-25,,2023-12-25,-1.0
5641,artificial intelligence,environment cost,2023-10-26,,2023-11-25,-1.0
5642,artificial intelligence,environment cost,2023-03-30,,2023-04-29,-1.0
5643,artificial intelligence,environment cost,2023-04-29,,2023-05-29,-1.0
5644,artificial intelligence,environment cost,2023-02-28,,2023-03-30,-1.0
5645,artificial intelligence,environment cost,2023-01-29,,2023-02-28,-1.0
5646,artificial intelligence,environment cost,2023-05-29,,2023-06-28,-1.0
5647,artificial intelligence,environment cost,2024-06-22,,2024-07-22,-1.0
5648,artificial intelligence,environment cost,2024-05-23,,2024-06-22,-1.0
5649,artificial intelligence,environment cost,2024-07-22,,2024-08-21,-1.0
5650,artificial intelligence,environment cost,2024-04-23,,2024-05-23,-1.0
5651,artificial intelligence,environment cost,2024-08-21,,2024-09-20,-1.0
5652,artificial intelligence,environment cost,2024-09-20,,2024-10-20,-1.0
5653,artificial intelligence,environment cost,2024-01-24,,2024-02-23,-1.0
5654,artificial intelligence,environment cost,2023-12-25,,2024-01-24,-1.0
5655,artificial intelligence,environment cost,2024-02-23,,2024-03-24,-1.0
5656,artificial intelligence,environment cost,2024-03-24,,2024-04-23,-1.0
5657,artificial intelligence,environment effect,2025-03-19,,2025-04-18,-1.0
5658,artificial intelligence,environment effect,2025-04-18,,2025-05-18,-1.0
5659,artificial intelligence,environment effect,2025-02-17,,2025-03-19,-1.0
5660,artificial intelligence,environment effect,2025-06-17,,2025-07-17,-1.0
5661,artificial intelligence,environment effect,2025-05-18,,2025-06-17,-1.0
5662,artificial intelligence,environment effect,2025-01-18,,2025-02-17,-1.0
5663,artificial intelligence,environment effect,2024-10-20,,2024-11-19,-1.0
5664,artificial intelligence,environment effect,2024-11-19,,2024-12-19,-1.0
5665,artificial intelligence,environment effect,2024-12-19,,2025-01-18,-1.0
5666,artificial intelligence,environment effect,2026-01-13,,2026-02-12,-1.0
5667,artificial intelligence,environment cost,2022-11-30,,2022-12-30,-1.0
5668,artificial intelligence,environment effect,2025-12-14,,2026-01-13,-1.0
5669,artificial intelligence,environment effect,2025-11-14,,2025-12-14,-1.0
5670,artificial intelligence,environment cost,2022-12-30,,2023-01-29,-1.0
5671,artificial intelligence,environment effect,2025-08-16,,2025-09-15,-1.0
5672,artificial intelligence,environment effect,2025-09-15,,2025-10-15,-1.0
5673,artificial intelligence,environment effect,2025-07-17,,2025-08-16,-1.0
5674,artificial intelligence,environment effect,2025-10-15,,2025-11-14,-1.0
5675,artificial intelligence,environment harm,2023-09-26,,2023-10-26,-1.0
5676,artificial intelligence,environment harm,2023-08-27,,2023-09-26,-1.0
5677,artificial intelligence,environment harm,2023-07-28,,2023-08-27,-1.0
5678,artificial intelligence,environment harm,2023-12-25,,2024-01-24,-1.0
5679,artificial intelligence,environment harm,2023-11-25,,2023-12-25,-1.0
5680,artificial intelligence,environment harm,2023-10-26,,2023-11-25,-1.0
5681,artificial intelligence,environment harm,2023-04-29,,2023-05-29,-1.0
5682,artificial intelligence,environment harm,2023-03-30,,2023-04-29,-1.0
5683,artificial intelligence,environment harm,2023-02-28,,2023-03-30,-1.0
5684,artificial intelligence,environment harm,2023-06-28,,2023-07-28,-1.0
5685,artificial intelligence,environment harm,2023-05-29,,2023-06-28,-1.0
5686,artificial intelligence,environment harm,2024-06-22,,2024-07-22,-1.0
5687,artificial intelligence,environment harm,2024-07-22,,2024-08-21,-1.0
5688,artificial intelligence,environment harm,2024-05-23,,2024-06-22,-1.0
5689,artificial intelligence,environment harm,2024-09-20,,2024-10-20,-1.0
5690,artificial intelligence,environment harm,2024-08-21,,2024-09-20,-1.0
5691,artificial intelligence,environment harm,2024-02-23,,2024-03-24,-1.0
5692,artificial intelligence,environment harm,2024-01-24,,2024-02-23,-1.0
5693,artificial intelligence,environment harm,2024-04-23,,2024-05-23,-1.0
5694,artificial intelligence,environment harm,2024-03-24,,2024-04-23,-1.0
5695,artificial intelligence,environment cost,2025-04-18,,2025-05-18,-1.0
5696,artificial intelligence,environment cost,2025-03-19,,2025-04-18,-1.0
5697,artificial intelligence,environment cost,2025-05-18,,2025-06-17,-1.0
5698,artificial intelligence,environment cost,2025-02-17,,2025-03-19,-1.0
5699,artificial intelligence,environment cost,2025-07-17,,2025-08-16,-1.0
5700,artificial intelligence,environment cost,2025-06-17,,2025-07-17,-1.0
5701,artificial intelligence,environment cost,2024-11-19,,2024-12-19,-1.0
5702,artificial intelligence,environment cost,2024-10-20,,2024-11-19,-1.0
5703,artificial intelligence,environment cost,2024-12-19,,2025-01-18,-1.0
5704,artificial intelligence,environment cost,2025-01-18,,2025-02-17,-1.0
5705,artificial intelligence,environment harm,2022-11-30,,2022-12-30,-1.0
5706,artificial intelligence,environment cost,2026-01-13,,2026-02-12,-1.0
5707,artificial intelligence,environment cost,2025-12-14,,2026-01-13,-1.0
5708,artificial intelligence,environment harm,2023-01-29,,2023-02-28,-1.0
5709,artificial intelligence,environment harm,2022-12-30,,2023-01-29,-1.0
5710,artificial intelligence,environment cost,2025-09-15,,2025-10-15,-1.0
5711,artificial intelligence,environment cost,2025-08-16,,2025-09-15,-1.0
5712,artificial intelligence,environment cost,2025-10-15,,2025-11-14,-1.0
5713,artificial intelligence,environment cost,2025-11-14,,2025-12-14,-1.0
5714,LLM,environment negative,2022-11-30,,2022-12-30,-1.0
5715,LLM,sustainability,2024-09-20,,2024-10-20,-1.0
5716,LLM,sustainability,2024-10-20,,2024-11-19,-1.0
5717,LLM,sustainability,2024-08-21,,2024-09-20,-1.0
5718,LLM,sustainability,2024-12-19,,2025-01-18,-1.0
5719,LLM,sustainability,2024-11-19,,2024-12-19,-1.0
5720,LLM,sustainability,2025-01-18,,2025-02-17,-1.0
5721,LLM,environment footprint,2025-11-14,,2025-12-14,-1.0
5722,LLM,sustainability,2024-04-23,,2024-05-23,-1.0
5723,LLM,sustainability,2024-05-23,,2024-06-22,-1.0
5724,LLM,sustainability,2024-03-24,,2024-04-23,-1.0
5725,LLM,sustainability,2024-07-22,,2024-08-21,-1.0
5726,LLM,sustainability,2024-06-22,,2024-07-22,-1.0
5727,LLM,sustainability,2025-07-17,,2025-08-16,-1.0
5728,LLM,sustainability,2025-08-16,,2025-09-15,-1.0
5729,LLM,sustainability,2025-06-17,,2025-07-17,-1.0
5730,LLM,sustainability,2025-10-15,,2025-11-14,-1.0
5731,LLM,sustainability,2025-09-15,,2025-10-15,-1.0
5732,LLM,sustainability,2025-11-14,,2025-12-14,-1.0
5733,LLM,sustainability,2025-02-17,,2025-03-19,-1.0
5734,LLM,sustainability,2025-03-19,,2025-04-18,-1.0
5735,LLM,sustainability,2025-05-18,,2025-06-17,-1.0
5736,LLM,sustainability,2025-04-18,,2025-05-18,-1.0
5737,LLM,sustainability,2023-02-28,,2023-03-30,-1.0
5738,LLM,sustainability,2023-01-29,,2023-02-28,-1.0
5739,LLM,sustainability,2022-12-30,,2023-01-29,-1.0
5740,LLM,sustainability,2023-05-29,,2023-06-28,-1.0
5741,LLM,sustainability,2023-04-29,,2023-05-29,-1.0
5742,LLM,sustainability,2023-03-30,,2023-04-29,-1.0
5743,LLM,water cost,2025-12-14,,2026-01-13,-1.0
5744,LLM,water cost,2025-11-14,,2025-12-14,-1.0
5745,LLM,water cost,2025-10-15,,2025-11-14,-1.0
5746,LLM,sustainability,2022-11-30,,2022-12-30,-1.0
5747,LLM,water cost,2026-01-13,,2026-02-12,-1.0
5748,LLM,sustainability,2023-11-25,,2023-12-25,-1.0
5749,LLM,sustainability,2023-12-25,,2024-01-24,-1.0
5750,LLM,sustainability,2023-10-26,,2023-11-25,-1.0
5751,LLM,sustainability,2024-02-23,,2024-03-24,-1.0
5752,LLM,sustainability,2024-01-24,,2024-02-23,-1.0
5753,LLM,sustainability,2023-07-28,,2023-08-27,-1.0
5754,LLM,sustainability,2023-06-28,,2023-07-28,-1.0
5755,LLM,sustainability,2023-09-26,,2023-10-26,-1.0
5756,LLM,sustainability,2023-08-27,,2023-09-26,-1.0
5757,LLM,environment footprint,2024-10-20,,2024-11-19,-1.0
5758,LLM,environment footprint,2024-11-19,,2024-12-19,-1.0
5759,LLM,environment footprint,2024-09-20,,2024-10-20,-1.0
5760,LLM,environment footprint,2024-08-21,,2024-09-20,-1.0
5761,LLM,environment footprint,2025-01-18,,2025-02-17,-1.0
5762,LLM,environment footprint,2024-12-19,,2025-01-18,-1.0
5763,LLM,environment footprint,2024-05-23,,2024-06-22,-1.0
5764,LLM,environment footprint,2024-06-22,,2024-07-22,-1.0
5765,LLM,environment footprint,2024-04-23,,2024-05-23,-1.0
5766,LLM,environment footprint,2024-03-24,,2024-04-23,-1.0
5767,LLM,environment footprint,2024-07-22,,2024-08-21,-1.0
5768,LLM,environment footprint,2025-08-16,,2025-09-15,-1.0
5769,LLM,environment footprint,2025-07-17,,2025-08-16,-1.0
5770,LLM,environment footprint,2025-09-15,,2025-10-15,-1.0
5771,LLM,environment footprint,2025-06-17,,2025-07-17,-1.0
5772,LLM,environment footprint,2025-10-15,,2025-11-14,-1.0
5773,LLM,environment footprint,2025-03-19,,2025-04-18,-1.0
5774,LLM,environment footprint,2025-02-17,,2025-03-19,-1.0
5775,LLM,environment footprint,2025-04-18,,2025-05-18,-1.0
5776,LLM,environment footprint,2025-05-18,,2025-06-17,-1.0
5777,LLM,environment footprint,2023-02-28,,2023-03-30,-1.0
5778,LLM,environment footprint,2023-03-30,,2023-04-29,-1.0
5779,LLM,environment footprint,2023-01-29,,2023-02-28,-1.0
5780,LLM,environment footprint,2023-05-29,,2023-06-28,-1.0
5781,LLM,environment footprint,2023-04-29,,2023-05-29,-1.0
5782,LLM,environment footprint,2022-12-30,,2023-01-29,-1.0
5783,LLM,sustainability,2025-12-14,,2026-01-13,-1.0
5784,LLM,sustainability,2026-01-13,,2026-02-12,-1.0
5785,LLM,environment footprint,2022-11-30,,2022-12-30,-1.0
5786,LLM,environment footprint,2023-12-25,,2024-01-24,-1.0
5787,LLM,environment footprint,2024-01-24,,2024-02-23,-1.0
5788,LLM,environment footprint,2023-11-25,,2023-12-25,-1.0
5789,LLM,environment footprint,2023-10-26,,2023-11-25,-1.0
5790,LLM,environment footprint,2024-02-23,,2024-03-24,-1.0
5791,LLM,environment footprint,2023-07-28,,2023-08-27,-1.0
5792,LLM,environment footprint,2023-08-27,,2023-09-26,-1.0
5793,LLM,environment footprint,2023-06-28,,2023-07-28,-1.0
5794,LLM,environment footprint,2023-09-26,,2023-10-26,-1.0
5795,LLM,water harm,2024-08-21,,2024-09-20,-1.0
5796,LLM,water harm,2024-09-20,,2024-10-20,-1.0
5797,LLM,water harm,2024-07-22,,2024-08-21,-1.0
5798,LLM,water harm,2024-06-22,,2024-07-22,-1.0
5799,LLM,water harm,2024-11-19,,2024-12-19,-1.0
5800,LLM,water harm,2024-10-20,,2024-11-19,-1.0
5801,LLM,water harm,2024-03-24,,2024-04-23,-1.0
5802,LLM,water harm,2024-04-23,,2024-05-23,-1.0
5803,LLM,water harm,2024-02-23,,2024-03-24,-1.0
5804,LLM,water harm,2024-05-23,,2024-06-22,-1.0
5805,LLM,water harm,2025-06-17,,2025-07-17,-1.0
5806,LLM,water harm,2025-07-17,,2025-08-16,-1.0
5807,LLM,water harm,2025-05-18,,2025-06-17,-1.0
5808,LLM,water harm,2025-04-18,,2025-05-18,-1.0
5809,LLM,water harm,2025-09-15,,2025-10-15,-1.0
5810,LLM,water harm,2025-08-16,,2025-09-15,-1.0
5811,LLM,water harm,2025-01-18,,2025-02-17,-1.0
5812,LLM,water harm,2025-02-17,,2025-03-19,-1.0
5813,LLM,water harm,2024-12-19,,2025-01-18,-1.0
5814,LLM,water harm,2025-03-19,,2025-04-18,-1.0
5815,LLM,water harm,2022-12-30,,2023-01-29,-1.0
5816,LLM,water harm,2023-01-29,,2023-02-28,-1.0
5817,LLM,water harm,2022-11-30,,2022-12-30,-1.0
5818,LLM,water harm,2023-04-29,,2023-05-29,-1.0
5819,LLM,water harm,2023-03-30,,2023-04-29,-1.0
5820,LLM,water harm,2023-02-28,,2023-03-30,-1.0
5821,LLM,water effect,2025-10-15,,2025-11-14,-1.0
5822,LLM,water effect,2025-11-14,,2025-12-14,-1.0
5823,LLM,water effect,2025-09-15,,2025-10-15,-1.0
5824,LLM,water effect,2026-01-13,,2026-02-12,-1.0
5825,LLM,water effect,2025-12-14,,2026-01-13,-1.0
5826,LLM,water harm,2024-01-24,,2024-02-23,-1.0
5827,LLM,water harm,2023-10-26,,2023-11-25,-1.0
5828,LLM,water harm,2023-11-25,,2023-12-25,-1.0
5829,LLM,water harm,2023-09-26,,2023-10-26,-1.0
5830,LLM,water harm,2023-12-25,,2024-01-24,-1.0
5831,LLM,water harm,2023-05-29,,2023-06-28,-1.0
5832,LLM,water harm,2023-06-28,,2023-07-28,-1.0
5833,LLM,water harm,2023-08-27,,2023-09-26,-1.0
5834,LLM,water harm,2023-07-28,,2023-08-27,-1.0
5835,LLM,water cost,2024-09-20,,2024-10-20,-1.0
5836,LLM,water cost,2024-08-21,,2024-09-20,-1.0
5837,LLM,water cost,2024-10-20,,2024-11-19,-1.0
5838,LLM,water cost,2024-07-22,,2024-08-21,-1.0
5839,LLM,water cost,2024-12-19,,2025-01-18,-1.0
5840,LLM,water cost,2024-11-19,,2024-12-19,-1.0
5841,LLM,water cost,2024-04-23,,2024-05-23,-1.0
5842,LLM,water cost,2024-03-24,,2024-04-23,-1.0
5843,LLM,water cost,2024-05-23,,2024-06-22,-1.0
5844,LLM,water cost,2024-02-23,,2024-03-24,-1.0
5845,LLM,water cost,2024-06-22,,2024-07-22,-1.0
5846,LLM,water cost,2025-07-17,,2025-08-16,-1.0
5847,LLM,water cost,2025-06-17,,2025-07-17,-1.0
5848,LLM,water cost,2025-05-18,,2025-06-17,-1.0
5849,LLM,water cost,2025-09-15,,2025-10-15,-1.0
5850,LLM,water cost,2025-08-16,,2025-09-15,-1.0
5851,LLM,water cost,2025-02-17,,2025-03-19,-1.0
5852,LLM,water cost,2025-01-18,,2025-02-17,-1.0
5853,LLM,water cost,2025-03-19,,2025-04-18,-1.0
5854,LLM,water cost,2025-04-18,,2025-05-18,-1.0
5855,LLM,water cost,2023-01-29,,2023-02-28,-1.0
5856,LLM,water cost,2023-02-28,,2023-03-30,-1.0
5857,LLM,water cost,2022-12-30,,2023-01-29,-1.0
5858,LLM,water cost,2022-11-30,,2022-12-30,-1.0
5859,LLM,water cost,2023-04-29,,2023-05-29,-1.0
5860,LLM,water cost,2023-03-30,,2023-04-29,-1.0
5861,LLM,water harm,2025-11-14,,2025-12-14,-1.0
5862,LLM,water harm,2025-12-14,,2026-01-13,-1.0
5863,LLM,water harm,2025-10-15,,2025-11-14,-1.0
5864,LLM,water harm,2026-01-13,,2026-02-12,-1.0
5865,LLM,water cost,2023-11-25,,2023-12-25,-1.0
5866,LLM,water cost,2023-10-26,,2023-11-25,-1.0
5867,LLM,water cost,2023-12-25,,2024-01-24,-1.0
5868,LLM,water cost,2023-09-26,,2023-10-26,-1.0
5869,LLM,water cost,2024-01-24,,2024-02-23,-1.0
5870,LLM,water cost,2023-06-28,,2023-07-28,-1.0
5871,LLM,water cost,2023-05-29,,2023-06-28,-1.0
5872,LLM,water cost,2023-07-28,,2023-08-27,-1.0
5873,LLM,water cost,2023-08-27,,2023-09-26,-1.0
5874,LLM,environment cost,2024-12-19,,2025-01-18,-1.0
5875,LLM,environment cost,2024-11-19,,2024-12-19,-1.0
5876,LLM,environment cost,2025-01-18,,2025-02-17,-1.0
5877,LLM,environment cost,2024-10-20,,2024-11-19,-1.0
5878,LLM,environment cost,2025-02-17,,2025-03-19,-1.0
5879,LLM,environment cost,2025-03-19,,2025-04-18,-1.0
5880,LLM,environment cost,2024-07-22,,2024-08-21,-1.0
5881,LLM,environment cost,2024-06-22,,2024-07-22,-1.0
5882,LLM,environment cost,2024-08-21,,2024-09-20,-1.0
5883,LLM,environment cost,2024-05-23,,2024-06-22,-1.0
5884,LLM,environment cost,2024-09-20,,2024-10-20,-1.0
5885,LLM,environment cost,2025-10-15,,2025-11-14,-1.0
5886,LLM,environment cost,2025-09-15,,2025-10-15,-1.0
5887,LLM,environment cost,2025-08-16,,2025-09-15,-1.0
5888,LLM,environment cost,2025-11-14,,2025-12-14,-1.0
5889,LLM,environment cost,2025-12-14,,2026-01-13,-1.0
5890,LLM,environment cost,2026-01-13,,2026-02-12,-1.0
5891,LLM,environment cost,2025-05-18,,2025-06-17,-1.0
5892,LLM,environment cost,2025-04-18,,2025-05-18,-1.0
5893,LLM,environment cost,2025-06-17,,2025-07-17,-1.0
5894,LLM,environment cost,2025-07-17,,2025-08-16,-1.0
5895,LLM,environment cost,2023-04-29,,2023-05-29,-1.0
5896,LLM,environment cost,2023-05-29,,2023-06-28,-1.0
5897,LLM,environment cost,2023-03-30,,2023-04-29,-1.0
5898,LLM,environment cost,2023-02-28,,2023-03-30,-1.0
5899,LLM,environment cost,2023-07-28,,2023-08-27,-1.0
5900,LLM,environment cost,2023-06-28,,2023-07-28,-1.0
5901,LLM,environment cost,2022-11-30,,2022-12-30,-1.0
5902,LLM,environment cost,2022-12-30,,2023-01-29,-1.0
5903,LLM,environment effect,2026-01-13,,2026-02-12,-1.0
5904,LLM,environment effect,2025-12-14,,2026-01-13,-1.0
5905,LLM,environment cost,2023-01-29,,2023-02-28,-1.0
5906,LLM,environment cost,2024-02-23,,2024-03-24,-1.0
5907,LLM,environment cost,2024-01-24,,2024-02-23,-1.0
5908,LLM,environment cost,2024-03-24,,2024-04-23,-1.0
5909,LLM,environment cost,2023-12-25,,2024-01-24,-1.0
5910,LLM,environment cost,2024-04-23,,2024-05-23,-1.0
5911,LLM,environment cost,2023-09-26,,2023-10-26,-1.0
5912,LLM,environment cost,2023-10-26,,2023-11-25,-1.0
5913,LLM,environment cost,2023-08-27,,2023-09-26,-1.0
5914,LLM,environment cost,2023-11-25,,2023-12-25,-1.0
5915,LLM,environment harm,2024-12-19,,2025-01-18,-1.0
5916,LLM,environment harm,2025-01-18,,2025-02-17,-1.0
5917,LLM,environment harm,2024-11-19,,2024-12-19,-1.0
5918,LLM,environment harm,2025-04-18,,2025-05-18,-1.0
5919,LLM,environment harm,2025-03-19,,2025-04-18,-1.0
5920,LLM,environment harm,2025-02-17,,2025-03-19,-1.0
5921,LLM,environment harm,2024-07-22,,2024-08-21,-1.0
5922,LLM,environment harm,2024-08-21,,2024-09-20,-1.0
5923,LLM,environment harm,2024-06-22,,2024-07-22,-1.0
5924,LLM,environment harm,2024-10-20,,2024-11-19,-1.0
5925,LLM,environment harm,2024-09-20,,2024-10-20,-1.0
5926,LLM,environment harm,2025-10-15,,2025-11-14,-1.0
5927,LLM,environment harm,2025-11-14,,2025-12-14,-1.0
5928,LLM,environment harm,2025-09-15,,2025-10-15,-1.0
5929,LLM,environment harm,2026-01-13,,2026-02-12,-1.0
5930,LLM,environment harm,2025-12-14,,2026-01-13,-1.0
5931,LLM,environment harm,2025-05-18,,2025-06-17,-1.0
5932,LLM,environment harm,2025-06-17,,2025-07-17,-1.0
5933,LLM,environment harm,2025-08-16,,2025-09-15,-1.0
5934,LLM,environment harm,2025-07-17,,2025-08-16,-1.0
5935,LLM,environment harm,2023-05-29,,2023-06-28,-1.0
5936,LLM,environment harm,2023-04-29,,2023-05-29,-1.0
5937,LLM,environment harm,2023-03-30,,2023-04-29,-1.0
5938,LLM,environment harm,2023-08-27,,2023-09-26,-1.0
5939,LLM,environment harm,2023-07-28,,2023-08-27,-1.0
5940,LLM,environment harm,2023-06-28,,2023-07-28,-1.0
5941,LLM,environment harm,2022-12-30,,2023-01-29,-1.0
5942,LLM,environment harm,2022-11-30,,2022-12-30,-1.0
5943,LLM,environment harm,2023-02-28,,2023-03-30,-1.0
5944,LLM,environment harm,2023-01-29,,2023-02-28,-1.0
5945,LLM,environment harm,2024-03-24,,2024-04-23,-1.0
5946,LLM,environment harm,2024-02-23,,2024-03-24,-1.0
5947,LLM,environment harm,2024-01-24,,2024-02-23,-1.0
5948,LLM,environment harm,2024-05-23,,2024-06-22,-1.0
5949,LLM,environment harm,2024-04-23,,2024-05-23,-1.0
5950,LLM,environment harm,2023-10-26,,2023-11-25,-1.0
5951,LLM,environment harm,2023-09-26,,2023-10-26,-1.0
5952,LLM,environment harm,2023-12-25,,2024-01-24,-1.0
5953,LLM,environment harm,2023-11-25,,2023-12-25,-1.0
5954,LLM,environment impact,2024-11-19,,2024-12-19,-1.0
5955,LLM,environment impact,2024-10-20,,2024-11-19,-1.0
5956,LLM,environment impact,2024-09-20,,2024-10-20,-1.0
5957,LLM,environment impact,2025-02-17,,2025-03-19,-1.0
5958,LLM,environment impact,2025-01-18,,2025-02-17,-1.0
5959,LLM,environment impact,2024-12-19,,2025-01-18,-1.0
5960,LLM,environment impact,2024-06-22,,2024-07-22,-1.0
5961,LLM,environment impact,2024-05-23,,2024-06-22,-1.0
5962,LLM,environment impact,2024-04-23,,2024-05-23,-1.0
5963,LLM,environment impact,2024-08-21,,2024-09-20,-1.0
5964,LLM,environment impact,2024-07-22,,2024-08-21,-1.0
5965,LLM,environment impact,2025-08-16,,2025-09-15,-1.0
5966,LLM,environment impact,2025-09-15,,2025-10-15,-1.0
5967,LLM,environment impact,2025-07-17,,2025-08-16,-1.0
5968,LLM,environment impact,2025-11-14,,2025-12-14,-1.0
5969,LLM,environment impact,2025-12-14,,2026-01-13,-1.0
5970,LLM,environment impact,2025-10-15,,2025-11-14,-1.0
5971,LLM,environment impact,2025-04-18,,2025-05-18,-1.0
5972,LLM,environment impact,2025-03-19,,2025-04-18,-1.0
5973,LLM,environment impact,2025-06-17,,2025-07-17,-1.0
5974,LLM,environment impact,2025-05-18,,2025-06-17,-1.0
5975,LLM,environment impact,2023-03-30,,2023-04-29,-1.0
5976,LLM,environment impact,2023-02-28,,2023-03-30,-1.0
5977,LLM,environment impact,2023-04-29,,2023-05-29,-1.0
5978,LLM,environment impact,2023-01-29,,2023-02-28,-1.0
5979,LLM,environment impact,2023-06-28,,2023-07-28,-1.0
5980,LLM,environment impact,2023-05-29,,2023-06-28,-1.0
5981,LLM,environment footprint,2026-01-13,,2026-02-12,-1.0
5982,LLM,environment footprint,2025-12-14,,2026-01-13,-1.0
5983,LLM,environment impact,2022-11-30,,2022-12-30,-1.0
5984,LLM,environment impact,2022-12-30,,2023-01-29,-1.0
5985,LLM,environment impact,2024-01-24,,2024-02-23,-1.0
5986,LLM,environment impact,2023-12-25,,2024-01-24,-1.0
5987,LLM,environment impact,2023-11-25,,2023-12-25,-1.0
5988,LLM,environment impact,2024-03-24,,2024-04-23,-1.0
5989,LLM,environment impact,2024-02-23,,2024-03-24,-1.0
5990,LLM,environment impact,2023-08-27,,2023-09-26,-1.0
5991,LLM,environment impact,2023-07-28,,2023-08-27,-1.0
5992,LLM,environment impact,2023-09-26,,2023-10-26,-1.0
5993,LLM,environment impact,2023-10-26,,2023-11-25,-1.0
5994,LLM,environment effect,2024-11-19,,2024-12-19,-1.0
5995,LLM,environment effect,2024-12-19,,2025-01-18,-1.0
5996,LLM,environment effect,2024-10-20,,2024-11-19,-1.0
5997,LLM,environment effect,2025-02-17,,2025-03-19,-1.0
5998,LLM,environment effect,2025-01-18,,2025-02-17,-1.0
5999,LLM,environment effect,2024-09-20,,2024-10-20,-1.0
6000,LLM,environment effect,2024-06-22,,2024-07-22,-1.0
6001,LLM,environment effect,2024-07-22,,2024-08-21,-1.0
6002,LLM,environment effect,2024-05-23,,2024-06-22,-1.0
6003,LLM,environment effect,2024-08-21,,2024-09-20,-1.0
6004,LLM,environment effect,2025-09-15,,2025-10-15,-1.0
6005,LLM,environment effect,2025-10-15,,2025-11-14,-1.0
6006,LLM,environment effect,2025-08-16,,2025-09-15,-1.0
6007,LLM,environment effect,2025-07-17,,2025-08-16,-1.0
6008,LLM,environment effect,2025-11-14,,2025-12-14,-1.0
6009,LLM,environment effect,2025-04-18,,2025-05-18,-1.0
6010,LLM,environment effect,2025-05-18,,2025-06-17,-1.0
6011,LLM,environment effect,2025-03-19,,2025-04-18,-1.0
6012,LLM,environment effect,2025-06-17,,2025-07-17,-1.0
6013,LLM,environment effect,2023-03-30,,2023-04-29,-1.0
6014,LLM,environment effect,2023-04-29,,2023-05-29,-1.0
6015,LLM,environment effect,2023-02-28,,2023-03-30,-1.0
6016,LLM,environment effect,2023-07-28,,2023-08-27,-1.0
6017,LLM,environment effect,2023-06-28,,2023-07-28,-1.0
6018,LLM,environment effect,2023-05-29,,2023-06-28,-1.0
6019,LLM,environment impact,2026-01-13,,2026-02-12,-1.0
6020,LLM,environment effect,2022-11-30,,2022-12-30,-1.0
6021,LLM,environment effect,2023-01-29,,2023-02-28,-1.0
6022,LLM,environment effect,2022-12-30,,2023-01-29,-1.0
6023,LLM,environment effect,2024-01-24,,2024-02-23,-1.0
6024,LLM,environment effect,2024-02-23,,2024-03-24,-1.0
6025,LLM,environment effect,2023-12-25,,2024-01-24,-1.0
6026,LLM,environment effect,2024-04-23,,2024-05-23,-1.0
6027,LLM,environment effect,2024-03-24,,2024-04-23,-1.0
6028,LLM,environment effect,2023-08-27,,2023-09-26,-1.0
6029,LLM,environment effect,2023-09-26,,2023-10-26,-1.0
6030,LLM,environment effect,2023-11-25,,2023-12-25,-1.0
6031,LLM,environment effect,2023-10-26,,2023-11-25,-1.0
6032,artificial intelligence,carbon footprint,2024-05-23,,2024-06-22,-1.0
6033,artificial intelligence,carbon footprint,2024-04-23,,2024-05-23,-1.0
6034,artificial intelligence,carbon footprint,2024-03-24,,2024-04-23,-1.0
6035,artificial intelligence,carbon footprint,2024-07-22,,2024-08-21,-1.0
6036,artificial intelligence,carbon footprint,2024-08-21,,2024-09-20,-1.0
6037,artificial intelligence,carbon footprint,2024-06-22,,2024-07-22,-1.0
6038,LLM,water use,2025-06-17,,2025-07-17,-1.0
6039,artificial intelligence,carbon footprint,2023-12-25,,2024-01-24,-1.0
6040,artificial intelligence,carbon footprint,2023-11-25,,2023-12-25,-1.0
6041,artificial intelligence,carbon footprint,2023-10-26,,2023-11-25,-1.0
6042,artificial intelligence,carbon footprint,2024-02-23,,2024-03-24,-1.0
6043,artificial intelligence,carbon footprint,2024-01-24,,2024-02-23,-1.0
6044,artificial intelligence,carbon footprint,2025-02-17,,2025-03-19,-1.0
6045,artificial intelligence,carbon footprint,2025-03-19,,2025-04-18,-1.0
6046,artificial intelligence,carbon footprint,2025-01-18,,2025-02-17,-1.0
6047,artificial intelligence,carbon footprint,2025-05-18,,2025-06-17,-1.0
6048,artificial intelligence,carbon footprint,2025-04-18,,2025-05-18,-1.0
6049,artificial intelligence,carbon footprint,2025-06-17,,2025-07-17,-1.0
6050,artificial intelligence,carbon footprint,2024-09-20,,2024-10-20,-1.0
6051,artificial intelligence,carbon footprint,2024-10-20,,2024-11-19,-1.0
6052,artificial intelligence,carbon footprint,2024-12-19,,2025-01-18,-1.0
6053,artificial intelligence,carbon footprint,2024-11-19,,2024-12-19,-1.0
6054,artificial intelligence,carbon imapct,2025-12-14,,2026-01-13,-1.0
6055,artificial intelligence,carbon imapct,2025-11-14,,2025-12-14,-1.0
6056,artificial intelligence,carbon imapct,2025-10-15,,2025-11-14,-1.0
6057,artificial intelligence,carbon footprint,2022-12-30,,2023-01-29,-1.0
6058,artificial intelligence,carbon footprint,2022-11-30,,2022-12-30,-1.0
6059,artificial intelligence,carbon imapct,2026-01-13,,2026-02-12,-1.0
6060,artificial intelligence,carbon imapct,2025-07-17,,2025-08-16,-1.0
6061,artificial intelligence,carbon imapct,2025-06-17,,2025-07-17,-1.0
6062,artificial intelligence,carbon imapct,2025-05-18,,2025-06-17,-1.0
6063,artificial intelligence,carbon imapct,2025-08-16,,2025-09-15,-1.0
6064,artificial intelligence,carbon imapct,2025-09-15,,2025-10-15,-1.0
6065,artificial intelligence,carbon footprint,2023-07-28,,2023-08-27,-1.0
6066,artificial intelligence,carbon footprint,2023-06-28,,2023-07-28,-1.0
6067,artificial intelligence,carbon footprint,2023-05-29,,2023-06-28,-1.0
6068,artificial intelligence,carbon footprint,2023-09-26,,2023-10-26,-1.0
6069,artificial intelligence,carbon footprint,2023-08-27,,2023-09-26,-1.0
6070,artificial intelligence,carbon footprint,2023-02-28,,2023-03-30,-1.0
6071,artificial intelligence,carbon footprint,2023-01-29,,2023-02-28,-1.0
6072,artificial intelligence,carbon footprint,2023-04-29,,2023-05-29,-1.0
6073,artificial intelligence,carbon footprint,2023-03-30,,2023-04-29,-1.0
6074,LLM,water use,2024-05-23,,2024-06-22,-1.0
6075,LLM,water use,2024-06-22,,2024-07-22,-1.0
6076,LLM,water use,2024-04-23,,2024-05-23,-1.0
6077,LLM,water use,2024-03-24,,2024-04-23,-1.0
6078,LLM,water use,2024-08-21,,2024-09-20,-1.0
6079,LLM,water use,2024-07-22,,2024-08-21,-1.0
6080,LLM,water use,2023-12-25,,2024-01-24,-1.0
6081,LLM,water use,2024-01-24,,2024-02-23,-1.0
6082,LLM,water use,2023-11-25,,2023-12-25,-1.0
6083,LLM,water use,2024-02-23,,2024-03-24,-1.0
6084,LLM,water use,2023-10-26,,2023-11-25,-1.0
6085,LLM,water use,2025-03-19,,2025-04-18,-1.0
6086,LLM,water use,2025-04-18,,2025-05-18,-1.0
6087,LLM,water use,2025-02-17,,2025-03-19,-1.0
6088,LLM,water use,2025-01-18,,2025-02-17,-1.0
6089,LLM,water use,2025-05-18,,2025-06-17,-1.0
6090,LLM,water use,2024-10-20,,2024-11-19,-1.0
6091,LLM,water use,2024-11-19,,2024-12-19,-1.0
6092,LLM,water use,2024-09-20,,2024-10-20,-1.0
6093,LLM,water use,2024-12-19,,2025-01-18,-1.0
6094,artificial intelligence,carbon footprint,2025-12-14,,2026-01-13,-1.0
6095,artificial intelligence,carbon footprint,2026-01-13,,2026-02-12,-1.0
6096,artificial intelligence,carbon footprint,2025-11-14,,2025-12-14,-1.0
6097,LLM,water use,2023-01-29,,2023-02-28,-1.0
6098,LLM,water use,2022-12-30,,2023-01-29,-1.0
6099,LLM,water use,2022-11-30,,2022-12-30,-1.0
6100,artificial intelligence,carbon footprint,2025-07-17,,2025-08-16,-1.0
6101,artificial intelligence,carbon footprint,2025-08-16,,2025-09-15,-1.0
6102,artificial intelligence,carbon footprint,2025-10-15,,2025-11-14,-1.0
6103,artificial intelligence,carbon footprint,2025-09-15,,2025-10-15,-1.0
6104,LLM,water use,2023-07-28,,2023-08-27,-1.0
6105,LLM,water use,2023-08-27,,2023-09-26,-1.0
6106,LLM,water use,2023-06-28,,2023-07-28,-1.0
6107,LLM,water use,2023-09-26,,2023-10-26,-1.0
6108,LLM,water use,2023-02-28,,2023-03-30,-1.0
6109,LLM,water use,2023-03-30,,2023-04-29,-1.0
6110,LLM,water use,2023-05-29,,2023-06-28,-1.0
6111,LLM,water use,2023-04-29,,2023-05-29,-1.0
6112,artificial intelligence,carbon cost,2024-03-24,,2024-04-23,-1.0
6113,artificial intelligence,carbon cost,2024-04-23,,2024-05-23,-1.0
6114,artificial intelligence,carbon cost,2024-02-23,,2024-03-24,-1.0
6115,artificial intelligence,carbon cost,2024-07-22,,2024-08-21,-1.0
6116,artificial intelligence,carbon cost,2024-06-22,,2024-07-22,-1.0
6117,artificial intelligence,carbon cost,2024-05-23,,2024-06-22,-1.0
6118,artificial intelligence,carbon cost,2023-10-26,,2023-11-25,-1.0
6119,artificial intelligence,carbon cost,2023-11-25,,2023-12-25,-1.0
6120,artificial intelligence,carbon cost,2023-09-26,,2023-10-26,-1.0
6121,artificial intelligence,carbon cost,2024-01-24,,2024-02-23,-1.0
6122,artificial intelligence,carbon cost,2023-12-25,,2024-01-24,-1.0
6123,artificial intelligence,carbon cost,2025-01-18,,2025-02-17,-1.0
6124,artificial intelligence,carbon cost,2025-02-17,,2025-03-19,-1.0
6125,artificial intelligence,carbon cost,2024-12-19,,2025-01-18,-1.0
6126,artificial intelligence,carbon cost,2025-04-18,,2025-05-18,-1.0
6127,artificial intelligence,carbon cost,2025-03-19,,2025-04-18,-1.0
6128,artificial intelligence,carbon cost,2024-11-19,,2024-12-19,-1.0
6129,artificial intelligence,carbon cost,2024-08-21,,2024-09-20,-1.0
6130,artificial intelligence,carbon cost,2024-09-20,,2024-10-20,-1.0
6131,artificial intelligence,carbon cost,2024-10-20,,2024-11-19,-1.0
6132,artificial intelligence,carbon emission,2025-10-15,,2025-11-14,-1.0
6133,artificial intelligence,carbon emission,2025-11-14,,2025-12-14,-1.0
6134,artificial intelligence,carbon emission,2025-09-15,,2025-10-15,-1.0
6135,artificial intelligence,carbon cost,2022-11-30,,2022-12-30,-1.0
6136,artificial intelligence,carbon emission,2026-01-13,,2026-02-12,-1.0
6137,artificial intelligence,carbon emission,2025-12-14,,2026-01-13,-1.0
6138,artificial intelligence,carbon emission,2025-06-17,,2025-07-17,-1.0
6139,artificial intelligence,carbon emission,2025-05-18,,2025-06-17,-1.0
6140,artificial intelligence,carbon emission,2025-08-16,,2025-09-15,-1.0
6141,artificial intelligence,carbon emission,2025-07-17,,2025-08-16,-1.0
6142,artificial intelligence,carbon cost,2023-05-29,,2023-06-28,-1.0
6143,artificial intelligence,carbon cost,2023-06-28,,2023-07-28,-1.0
6144,artificial intelligence,carbon cost,2023-04-29,,2023-05-29,-1.0
6145,artificial intelligence,carbon cost,2023-08-27,,2023-09-26,-1.0
6146,artificial intelligence,carbon cost,2023-07-28,,2023-08-27,-1.0
6147,artificial intelligence,carbon cost,2022-12-30,,2023-01-29,-1.0
6148,artificial intelligence,carbon cost,2023-01-29,,2023-02-28,-1.0
6149,artificial intelligence,carbon cost,2023-03-30,,2023-04-29,-1.0
6150,artificial intelligence,carbon cost,2023-02-28,,2023-03-30,-1.0
6151,artificial intelligence,carbon imapct,2024-04-23,,2024-05-23,-1.0
6152,artificial intelligence,carbon imapct,2024-03-24,,2024-04-23,-1.0
6153,artificial intelligence,carbon imapct,2024-05-23,,2024-06-22,-1.0
6154,artificial intelligence,carbon imapct,2024-02-23,,2024-03-24,-1.0
6155,artificial intelligence,carbon imapct,2024-07-22,,2024-08-21,-1.0
6156,artificial intelligence,carbon imapct,2024-06-22,,2024-07-22,-1.0
6157,artificial intelligence,carbon imapct,2023-11-25,,2023-12-25,-1.0
6158,artificial intelligence,carbon imapct,2023-10-26,,2023-11-25,-1.0
6159,artificial intelligence,carbon imapct,2023-12-25,,2024-01-24,-1.0
6160,artificial intelligence,carbon imapct,2023-09-26,,2023-10-26,-1.0
6161,artificial intelligence,carbon imapct,2024-01-24,,2024-02-23,-1.0
6162,artificial intelligence,carbon imapct,2025-02-17,,2025-03-19,-1.0
6163,artificial intelligence,carbon imapct,2025-01-18,,2025-02-17,-1.0
6164,artificial intelligence,carbon imapct,2025-03-19,,2025-04-18,-1.0
6165,artificial intelligence,carbon imapct,2024-12-19,,2025-01-18,-1.0
6166,artificial intelligence,carbon imapct,2025-04-18,,2025-05-18,-1.0
6167,artificial intelligence,carbon imapct,2024-09-20,,2024-10-20,-1.0
6168,artificial intelligence,carbon imapct,2024-08-21,,2024-09-20,-1.0
6169,artificial intelligence,carbon imapct,2024-10-20,,2024-11-19,-1.0
6170,artificial intelligence,carbon imapct,2024-11-19,,2024-12-19,-1.0
6171,artificial intelligence,carbon cost,2025-11-14,,2025-12-14,-1.0
6172,artificial intelligence,carbon cost,2025-12-14,,2026-01-13,-1.0
6173,artificial intelligence,carbon cost,2025-10-15,,2025-11-14,-1.0
6174,artificial intelligence,carbon cost,2025-09-15,,2025-10-15,-1.0
6175,artificial intelligence,carbon imapct,2022-11-30,,2022-12-30,-1.0
6176,artificial intelligence,carbon cost,2026-01-13,,2026-02-12,-1.0
6177,artificial intelligence,carbon cost,2025-06-17,,2025-07-17,-1.0
6178,artificial intelligence,carbon cost,2025-07-17,,2025-08-16,-1.0
6179,artificial intelligence,carbon cost,2025-05-18,,2025-06-17,-1.0
6180,artificial intelligence,carbon cost,2025-08-16,,2025-09-15,-1.0
6181,artificial intelligence,carbon imapct,2023-06-28,,2023-07-28,-1.0
6182,artificial intelligence,carbon imapct,2023-07-28,,2023-08-27,-1.0
6183,artificial intelligence,carbon imapct,2023-05-29,,2023-06-28,-1.0
6184,artificial intelligence,carbon imapct,2023-04-29,,2023-05-29,-1.0
6185,artificial intelligence,carbon imapct,2023-08-27,,2023-09-26,-1.0
6186,artificial intelligence,carbon imapct,2023-01-29,,2023-02-28,-1.0
6187,artificial intelligence,carbon imapct,2023-02-28,,2023-03-30,-1.0
6188,artificial intelligence,carbon imapct,2022-12-30,,2023-01-29,-1.0
6189,artificial intelligence,carbon imapct,2023-03-30,,2023-04-29,-1.0
6190,LLM,water impact,2024-07-22,,2024-08-21,-1.0
6191,LLM,water impact,2024-06-22,,2024-07-22,-1.0
6192,LLM,water impact,2024-08-21,,2024-09-20,-1.0
6193,LLM,water impact,2024-05-23,,2024-06-22,-1.0
6194,LLM,water impact,2024-09-20,,2024-10-20,-1.0
6195,LLM,water impact,2024-10-20,,2024-11-19,-1.0
6196,LLM,water impact,2024-02-23,,2024-03-24,-1.0
6197,LLM,water impact,2024-03-24,,2024-04-23,-1.0
6198,LLM,water impact,2024-01-24,,2024-02-23,-1.0
6199,LLM,water impact,2023-12-25,,2024-01-24,-1.0
6200,LLM,water impact,2024-04-23,,2024-05-23,-1.0
6201,LLM,water impact,2025-05-18,,2025-06-17,-1.0
6202,LLM,water impact,2025-04-18,,2025-05-18,-1.0
6203,LLM,water impact,2025-06-17,,2025-07-17,-1.0
6204,LLM,water impact,2025-03-19,,2025-04-18,-1.0
6205,LLM,water impact,2025-07-17,,2025-08-16,-1.0
6206,LLM,water impact,2025-08-16,,2025-09-15,-1.0
6207,LLM,water impact,2024-12-19,,2025-01-18,-1.0
6208,LLM,water impact,2024-11-19,,2024-12-19,-1.0
6209,LLM,water impact,2025-01-18,,2025-02-17,-1.0
6210,LLM,water impact,2025-02-17,,2025-03-19,-1.0
6211,LLM,water impact,2022-11-30,,2022-12-30,-1.0
6212,LLM,water impact,2022-12-30,,2023-01-29,-1.0
6213,LLM,water footprint,2026-01-13,,2026-02-12,-1.0
6214,LLM,water footprint,2025-12-14,,2026-01-13,-1.0
6215,LLM,water impact,2023-02-28,,2023-03-30,-1.0
6216,LLM,water impact,2023-01-29,,2023-02-28,-1.0
6217,LLM,water footprint,2025-09-15,,2025-10-15,-1.0
6218,LLM,water footprint,2025-10-15,,2025-11-14,-1.0
6219,LLM,water footprint,2025-08-16,,2025-09-15,-1.0
6220,LLM,water footprint,2025-11-14,,2025-12-14,-1.0
6221,LLM,water impact,2023-09-26,,2023-10-26,-1.0
6222,LLM,water impact,2023-10-26,,2023-11-25,-1.0
6223,LLM,water impact,2023-08-27,,2023-09-26,-1.0
6224,LLM,water impact,2023-07-28,,2023-08-27,-1.0
6225,LLM,water impact,2023-11-25,,2023-12-25,-1.0
6226,LLM,water impact,2023-04-29,,2023-05-29,-1.0
6227,LLM,water impact,2023-05-29,,2023-06-28,-1.0
6228,LLM,water impact,2023-03-30,,2023-04-29,-1.0
6229,LLM,water impact,2023-06-28,,2023-07-28,-1.0
6230,LLM,water effect,2024-08-21,,2024-09-20,-1.0
6231,LLM,water effect,2024-07-22,,2024-08-21,-1.0
6232,LLM,water effect,2024-06-22,,2024-07-22,-1.0
6233,LLM,water effect,2024-11-19,,2024-12-19,-1.0
6234,LLM,water effect,2024-10-20,,2024-11-19,-1.0
6235,LLM,water effect,2024-09-20,,2024-10-20,-1.0
6236,LLM,water effect,2024-03-24,,2024-04-23,-1.0
6237,LLM,water effect,2024-02-23,,2024-03-24,-1.0
6238,LLM,water effect,2024-01-24,,2024-02-23,-1.0
6239,LLM,water effect,2024-05-23,,2024-06-22,-1.0
6240,LLM,water effect,2024-04-23,,2024-05-23,-1.0
6241,LLM,water effect,2025-05-18,,2025-06-17,-1.0
6242,LLM,water effect,2025-06-17,,2025-07-17,-1.0
6243,LLM,water effect,2025-04-18,,2025-05-18,-1.0
6244,LLM,water effect,2025-08-16,,2025-09-15,-1.0
6245,LLM,water effect,2025-07-17,,2025-08-16,-1.0
6246,LLM,water effect,2025-01-18,,2025-02-17,-1.0
6247,LLM,water effect,2024-12-19,,2025-01-18,-1.0
6248,LLM,water effect,2025-03-19,,2025-04-18,-1.0
6249,LLM,water effect,2025-02-17,,2025-03-19,-1.0
6250,LLM,water effect,2022-12-30,,2023-01-29,-1.0
6251,LLM,water effect,2022-11-30,,2022-12-30,-1.0
6252,LLM,water effect,2023-01-29,,2023-02-28,-1.0
6253,LLM,water impact,2026-01-13,,2026-02-12,-1.0
6254,LLM,water effect,2023-03-30,,2023-04-29,-1.0
6255,LLM,water effect,2023-02-28,,2023-03-30,-1.0
6256,LLM,water impact,2025-10-15,,2025-11-14,-1.0
6257,LLM,water impact,2025-09-15,,2025-10-15,-1.0
6258,LLM,water impact,2025-11-14,,2025-12-14,-1.0
6259,LLM,water impact,2025-12-14,,2026-01-13,-1.0
6260,LLM,water effect,2023-10-26,,2023-11-25,-1.0
6261,LLM,water effect,2023-09-26,,2023-10-26,-1.0
6262,LLM,water effect,2023-08-27,,2023-09-26,-1.0
6263,LLM,water effect,2023-12-25,,2024-01-24,-1.0
6264,LLM,water effect,2023-11-25,,2023-12-25,-1.0
6265,LLM,water effect,2023-05-29,,2023-06-28,-1.0
6266,LLM,water effect,2023-04-29,,2023-05-29,-1.0
6267,LLM,water effect,2023-07-28,,2023-08-27,-1.0
6268,LLM,water effect,2023-06-28,,2023-07-28,-1.0
6269,LLM,water footprint,2025-07-17,,2025-08-16,-1.0
6270,LLM,water usage,2024-06-22,,2024-07-22,-1.0
6271,LLM,water usage,2024-05-23,,2024-06-22,-1.0
6272,LLM,water usage,2024-04-23,,2024-05-23,-1.0
6273,LLM,water usage,2024-07-22,,2024-08-21,-1.0
6274,LLM,water usage,2024-09-20,,2024-10-20,-1.0
6275,LLM,water usage,2024-08-21,,2024-09-20,-1.0
6276,LLM,water usage,2024-01-24,,2024-02-23,-1.0
6277,LLM,water usage,2023-12-25,,2024-01-24,-1.0
6278,LLM,water usage,2024-02-23,,2024-03-24,-1.0
6279,LLM,water usage,2023-11-25,,2023-12-25,-1.0
6280,LLM,water usage,2024-03-24,,2024-04-23,-1.0
6281,LLM,water usage,2025-04-18,,2025-05-18,-1.0
6282,LLM,water usage,2025-03-19,,2025-04-18,-1.0
6283,LLM,water usage,2025-02-17,,2025-03-19,-1.0
6284,LLM,water usage,2025-06-17,,2025-07-17,-1.0
6285,LLM,water usage,2025-07-17,,2025-08-16,-1.0
6286,LLM,water usage,2025-05-18,,2025-06-17,-1.0
6287,LLM,water usage,2024-11-19,,2024-12-19,-1.0
6288,LLM,water usage,2024-10-20,,2024-11-19,-1.0
6289,LLM,water usage,2025-01-18,,2025-02-17,-1.0
6290,LLM,water usage,2024-12-19,,2025-01-18,-1.0
6291,LLM,water use,2026-01-13,,2026-02-12,-1.0
6292,LLM,water use,2025-12-14,,2026-01-13,-1.0
6293,LLM,water usage,2022-11-30,,2022-12-30,-1.0
6294,LLM,water use,2025-11-14,,2025-12-14,-1.0
6295,LLM,water usage,2023-01-29,,2023-02-28,-1.0
6296,LLM,water usage,2022-12-30,,2023-01-29,-1.0
6297,LLM,water use,2025-08-16,,2025-09-15,-1.0
6298,LLM,water use,2025-09-15,,2025-10-15,-1.0
6299,LLM,water use,2025-07-17,,2025-08-16,-1.0
6300,LLM,water use,2025-10-15,,2025-11-14,-1.0
6301,LLM,water usage,2023-08-27,,2023-09-26,-1.0
6302,LLM,water usage,2023-07-28,,2023-08-27,-1.0
6303,LLM,water usage,2023-09-26,,2023-10-26,-1.0
6304,LLM,water usage,2023-06-28,,2023-07-28,-1.0
6305,LLM,water usage,2023-10-26,,2023-11-25,-1.0
6306,LLM,water usage,2023-03-30,,2023-04-29,-1.0
6307,LLM,water usage,2023-02-28,,2023-03-30,-1.0
6308,LLM,water usage,2023-04-29,,2023-05-29,-1.0
6309,LLM,water usage,2023-05-29,,2023-06-28,-1.0
6310,LLM,water footprint,2024-06-22,,2024-07-22,-1.0
6311,LLM,water footprint,2024-07-22,,2024-08-21,-1.0
6312,LLM,water footprint,2024-05-23,,2024-06-22,-1.0
6313,LLM,water footprint,2024-10-20,,2024-11-19,-1.0
6314,LLM,water footprint,2024-09-20,,2024-10-20,-1.0
6315,LLM,water footprint,2024-08-21,,2024-09-20,-1.0
6316,LLM,water footprint,2024-01-24,,2024-02-23,-1.0
6317,LLM,water footprint,2024-02-23,,2024-03-24,-1.0
6318,LLM,water footprint,2023-12-25,,2024-01-24,-1.0
6319,LLM,water footprint,2024-04-23,,2024-05-23,-1.0
6320,LLM,water footprint,2024-03-24,,2024-04-23,-1.0
6321,LLM,water footprint,2025-04-18,,2025-05-18,-1.0
6322,LLM,water footprint,2025-05-18,,2025-06-17,-1.0
6323,LLM,water footprint,2025-03-19,,2025-04-18,-1.0
6324,LLM,water footprint,2025-06-17,,2025-07-17,-1.0
6325,LLM,water footprint,2024-11-19,,2024-12-19,-1.0
6326,LLM,water footprint,2024-12-19,,2025-01-18,-1.0
6327,LLM,water footprint,2025-02-17,,2025-03-19,-1.0
6328,LLM,water footprint,2025-01-18,,2025-02-17,-1.0
6329,LLM,water footprint,2022-11-30,,2022-12-30,-1.0
6330,LLM,water usage,2026-01-13,,2026-02-12,-1.0
6331,LLM,water usage,2025-12-14,,2026-01-13,-1.0
6332,LLM,water footprint,2023-02-28,,2023-03-30,-1.0
6333,LLM,water footprint,2023-01-29,,2023-02-28,-1.0
6334,LLM,water footprint,2022-12-30,,2023-01-29,-1.0
6335,LLM,water usage,2025-09-15,,2025-10-15,-1.0
6336,LLM,water usage,2025-08-16,,2025-09-15,-1.0
6337,LLM,water usage,2025-11-14,,2025-12-14,-1.0
6338,LLM,water usage,2025-10-15,,2025-11-14,-1.0
6339,LLM,water footprint,2023-08-27,,2023-09-26,-1.0
6340,LLM,water footprint,2023-09-26,,2023-10-26,-1.0
6341,LLM,water footprint,2023-07-28,,2023-08-27,-1.0
6342,LLM,water footprint,2023-11-25,,2023-12-25,-1.0
6343,LLM,water footprint,2023-10-26,,2023-11-25,-1.0
6344,LLM,water footprint,2023-03-30,,2023-04-29,-1.0
6345,LLM,water footprint,2023-04-29,,2023-05-29,-1.0
6346,LLM,water footprint,2023-06-28,,2023-07-28,-1.0
6347,LLM,water footprint,2023-05-29,,2023-06-28,-1.0
6348,AI,environment effect,2025-07-17,,2025-08-16,-1.0
6349,AI,environment effect,2025-08-16,,2025-09-15,-1.0
6350,AI,environment effect,2025-06-17,,2025-07-17,-1.0
6351,AI,environment effect,2025-05-18,,2025-06-17,-1.0
6352,AI,environment effect,2025-10-15,,2025-11-14,-1.0
6353,AI,environment effect,2025-09-15,,2025-10-15,-1.0
6354,AI,environment harm,2023-06-28,,2023-07-28,-1.0
6355,AI,environment effect,2025-02-17,,2025-03-19,-1.0
6356,AI,environment effect,2025-03-19,,2025-04-18,-1.0
6357,AI,environment effect,2025-01-18,,2025-02-17,-1.0
6358,AI,environment effect,2025-04-18,,2025-05-18,-1.0
6359,AI,environment cost,2023-02-28,,2023-03-30,-1.0
6360,AI,environment cost,2023-03-30,,2023-04-29,-1.0
6361,AI,environment cost,2023-01-29,,2023-02-28,-1.0
6362,AI,environment cost,2022-12-30,,2023-01-29,-1.0
6363,AI,environment cost,2023-05-29,,2023-06-28,-1.0
6364,AI,environment cost,2023-04-29,,2023-05-29,-1.0
6365,AI,environment effect,2025-12-14,,2026-01-13,-1.0
6366,AI,environment effect,2026-01-13,,2026-02-12,-1.0
6367,AI,environment effect,2025-11-14,,2025-12-14,-1.0
6368,AI,environment cost,2022-11-30,,2022-12-30,-1.0
6369,AI,environment effect,2024-12-19,,2025-01-18,-1.0
6370,AI,environment effect,2023-11-25,,2023-12-25,-1.0
6371,AI,environment effect,2023-12-25,,2024-01-24,-1.0
6372,AI,environment effect,2023-10-26,,2023-11-25,-1.0
6373,AI,environment effect,2024-03-24,,2024-04-23,-1.0
6374,AI,environment effect,2024-02-23,,2024-03-24,-1.0
6375,AI,environment effect,2024-01-24,,2024-02-23,-1.0
6376,AI,environment effect,2023-06-28,,2023-07-28,-1.0
6377,AI,environment effect,2023-07-28,,2023-08-27,-1.0
6378,AI,environment effect,2023-05-29,,2023-06-28,-1.0
6379,AI,environment effect,2023-09-26,,2023-10-26,-1.0
6380,AI,environment effect,2023-08-27,,2023-09-26,-1.0
6381,AI,environment effect,2024-09-20,,2024-10-20,-1.0
6382,AI,environment effect,2024-10-20,,2024-11-19,-1.0
6383,AI,environment effect,2024-08-21,,2024-09-20,-1.0
6384,AI,environment effect,2024-11-19,,2024-12-19,-1.0
6385,AI,environment effect,2024-04-23,,2024-05-23,-1.0
6386,AI,environment effect,2024-05-23,,2024-06-22,-1.0
6387,AI,environment effect,2024-07-22,,2024-08-21,-1.0
6388,AI,environment effect,2024-06-22,,2024-07-22,-1.0
6389,AI,environment cost,2025-08-16,,2025-09-15,-1.0
6390,AI,environment cost,2025-07-17,,2025-08-16,-1.0
6391,AI,environment cost,2025-09-15,,2025-10-15,-1.0
6392,AI,environment cost,2025-06-17,,2025-07-17,-1.0
6393,AI,environment cost,2025-11-14,,2025-12-14,-1.0
6394,AI,environment cost,2025-10-15,,2025-11-14,-1.0
6395,AI,environment cost,2025-03-19,,2025-04-18,-1.0
6396,AI,environment cost,2025-02-17,,2025-03-19,-1.0
6397,AI,environment cost,2025-04-18,,2025-05-18,-1.0
6398,AI,environment cost,2025-01-18,,2025-02-17,-1.0
6399,AI,environment cost,2025-05-18,,2025-06-17,-1.0
6400,AI,environment harm,2023-03-30,,2023-04-29,-1.0
6401,AI,environment harm,2023-02-28,,2023-03-30,-1.0
6402,AI,environment harm,2023-01-29,,2023-02-28,-1.0
6403,AI,environment harm,2023-05-29,,2023-06-28,-1.0
6404,AI,environment harm,2023-04-29,,2023-05-29,-1.0
6405,AI,environment cost,2026-01-13,,2026-02-12,-1.0
6406,AI,environment cost,2025-12-14,,2026-01-13,-1.0
6407,AI,environment harm,2022-11-30,,2022-12-30,-1.0
6408,AI,environment harm,2022-12-30,,2023-01-29,-1.0
6409,AI,environment cost,2023-12-25,,2024-01-24,-1.0
6410,AI,environment cost,2024-01-24,,2024-02-23,-1.0
6411,AI,environment cost,2023-11-25,,2023-12-25,-1.0
6412,AI,environment cost,2023-10-26,,2023-11-25,-1.0
6413,AI,environment cost,2024-03-24,,2024-04-23,-1.0
6414,AI,environment cost,2024-02-23,,2024-03-24,-1.0
6415,AI,environment cost,2023-07-28,,2023-08-27,-1.0
6416,AI,environment cost,2023-08-27,,2023-09-26,-1.0
6417,AI,environment cost,2023-06-28,,2023-07-28,-1.0
6418,AI,environment cost,2023-09-26,,2023-10-26,-1.0
6419,AI,environment cost,2024-10-20,,2024-11-19,-1.0
6420,AI,environment cost,2024-09-20,,2024-10-20,-1.0
6421,AI,environment cost,2024-11-19,,2024-12-19,-1.0
6422,AI,environment cost,2024-08-21,,2024-09-20,-1.0
6423,AI,environment cost,2024-12-19,,2025-01-18,-1.0
6424,AI,environment cost,2024-05-23,,2024-06-22,-1.0
6425,AI,environment cost,2024-04-23,,2024-05-23,-1.0
6426,AI,environment cost,2024-06-22,,2024-07-22,-1.0
6427,AI,environment cost,2024-07-22,,2024-08-21,-1.0
6428,AI,environment footprint,2025-06-17,,2025-07-17,-1.0
6429,AI,environment footprint,2025-05-18,,2025-06-17,-1.0
6430,AI,environment footprint,2025-07-17,,2025-08-16,-1.0
6431,AI,environment footprint,2025-04-18,,2025-05-18,-1.0
6432,AI,environment footprint,2025-09-15,,2025-10-15,-1.0
6433,AI,environment footprint,2025-08-16,,2025-09-15,-1.0
6434,AI,environment footprint,2025-01-18,,2025-02-17,-1.0
6435,AI,environment footprint,2025-02-17,,2025-03-19,-1.0
6436,AI,environment footprint,2024-12-19,,2025-01-18,-1.0
6437,AI,environment footprint,2024-11-19,,2024-12-19,-1.0
6438,AI,environment footprint,2025-03-19,,2025-04-18,-1.0
6439,AI,environment impact,2023-01-29,,2023-02-28,-1.0
6440,AI,environment impact,2022-12-30,,2023-01-29,-1.0
6441,AI,environment impact,2023-02-28,,2023-03-30,-1.0
6442,AI,environment impact,2022-11-30,,2022-12-30,-1.0
6443,AI,environment impact,2023-03-30,,2023-04-29,-1.0
6444,AI,environment impact,2023-04-29,,2023-05-29,-1.0
6445,AI,environment footprint,2025-11-14,,2025-12-14,-1.0
6446,AI,environment footprint,2025-10-15,,2025-11-14,-1.0
6447,AI,environment footprint,2025-12-14,,2026-01-13,-1.0
6448,AI,environment footprint,2026-01-13,,2026-02-12,-1.0
6449,AI,environment footprint,2023-10-26,,2023-11-25,-1.0
6450,AI,environment footprint,2023-11-25,,2023-12-25,-1.0
6451,AI,environment footprint,2023-09-26,,2023-10-26,-1.0
6452,AI,environment footprint,2023-08-27,,2023-09-26,-1.0
6453,AI,environment footprint,2024-01-24,,2024-02-23,-1.0
6454,AI,environment footprint,2023-12-25,,2024-01-24,-1.0
6455,AI,environment footprint,2023-05-29,,2023-06-28,-1.0
6456,AI,environment footprint,2023-06-28,,2023-07-28,-1.0
6457,AI,environment footprint,2023-04-29,,2023-05-29,-1.0
6458,AI,environment footprint,2023-07-28,,2023-08-27,-1.0
6459,AI,environment footprint,2024-08-21,,2024-09-20,-1.0
6460,AI,environment footprint,2024-09-20,,2024-10-20,-1.0
6461,AI,environment footprint,2024-07-22,,2024-08-21,-1.0
6462,AI,environment footprint,2024-06-22,,2024-07-22,-1.0
6463,AI,environment footprint,2024-10-20,,2024-11-19,-1.0
6464,AI,environment footprint,2024-03-24,,2024-04-23,-1.0
6465,AI,environment footprint,2024-04-23,,2024-05-23,-1.0
6466,AI,environment footprint,2024-02-23,,2024-03-24,-1.0
6467,AI,environment footprint,2024-05-23,,2024-06-22,-1.0
6468,AI,environment impact,2025-07-17,,2025-08-16,-1.0
6469,AI,environment impact,2025-06-17,,2025-07-17,-1.0
6470,AI,environment impact,2025-05-18,,2025-06-17,-1.0
6471,AI,environment impact,2025-10-15,,2025-11-14,-1.0
6472,AI,environment impact,2025-09-15,,2025-10-15,-1.0
6473,AI,environment impact,2025-08-16,,2025-09-15,-1.0
6474,AI,environment impact,2025-02-17,,2025-03-19,-1.0
6475,AI,environment impact,2025-01-18,,2025-02-17,-1.0
6476,AI,environment impact,2024-12-19,,2025-01-18,-1.0
6477,AI,environment impact,2025-04-18,,2025-05-18,-1.0
6478,AI,environment impact,2025-03-19,,2025-04-18,-1.0
6479,AI,environment effect,2023-01-29,,2023-02-28,-1.0
6480,AI,environment effect,2023-02-28,,2023-03-30,-1.0
6481,AI,environment effect,2022-12-30,,2023-01-29,-1.0
6482,AI,environment effect,2023-04-29,,2023-05-29,-1.0
6483,AI,environment effect,2023-03-30,,2023-04-29,-1.0
6484,AI,environment impact,2025-11-14,,2025-12-14,-1.0
6485,AI,environment impact,2025-12-14,,2026-01-13,-1.0
6486,AI,environment effect,2022-11-30,,2022-12-30,-1.0
6487,AI,environment impact,2026-01-13,,2026-02-12,-1.0
6488,AI,environment impact,2023-11-25,,2023-12-25,-1.0
6489,AI,environment impact,2023-10-26,,2023-11-25,-1.0
6490,AI,environment impact,2023-12-25,,2024-01-24,-1.0
6491,AI,environment impact,2023-09-26,,2023-10-26,-1.0
6492,AI,environment impact,2024-02-23,,2024-03-24,-1.0
6493,AI,environment impact,2024-01-24,,2024-02-23,-1.0
6494,AI,environment impact,2023-06-28,,2023-07-28,-1.0
6495,AI,environment impact,2023-05-29,,2023-06-28,-1.0
6496,AI,environment impact,2023-07-28,,2023-08-27,-1.0
6497,AI,environment impact,2023-08-27,,2023-09-26,-1.0
6498,AI,environment impact,2024-09-20,,2024-10-20,-1.0
6499,AI,environment impact,2024-08-21,,2024-09-20,-1.0
6500,AI,environment impact,2024-07-22,,2024-08-21,-1.0
6501,AI,environment impact,2024-11-19,,2024-12-19,-1.0
6502,AI,environment impact,2024-10-20,,2024-11-19,-1.0
6503,AI,environment impact,2024-04-23,,2024-05-23,-1.0
6504,AI,environment impact,2024-03-24,,2024-04-23,-1.0
6505,AI,environment impact,2024-06-22,,2024-07-22,-1.0
6506,AI,environment impact,2024-05-23,,2024-06-22,-1.0
6507,AI,environment footprint,2023-03-30,,2023-04-29,-1.0
6508,AI,pollution,2025-10-15,,2025-11-14,-1.0
6509,AI,pollution,2025-09-15,,2025-10-15,-1.0
6510,AI,pollution,2025-08-16,,2025-09-15,-1.0
6511,AI,pollution,2025-12-14,,2026-01-13,-1.0
6512,AI,pollution,2026-01-13,,2026-02-12,-1.0
6513,AI,pollution,2025-11-14,,2025-12-14,-1.0
6514,AI,pollution,2025-05-18,,2025-06-17,-1.0
6515,AI,pollution,2025-04-18,,2025-05-18,-1.0
6516,AI,pollution,2025-03-19,,2025-04-18,-1.0
6517,AI,pollution,2025-07-17,,2025-08-16,-1.0
6518,AI,pollution,2025-06-17,,2025-07-17,-1.0
6519,AI,waste,2023-04-29,,2023-05-29,-1.0
6520,AI,waste,2023-05-29,,2023-06-28,-1.0
6521,AI,waste,2023-03-30,,2023-04-29,-1.0
6522,AI,waste,2023-07-28,,2023-08-27,-1.0
6523,AI,waste,2023-08-27,,2023-09-26,-1.0
6524,AI,waste,2023-06-28,,2023-07-28,-1.0
6525,AI,waste,2022-12-30,,2023-01-29,-1.0
6526,AI,waste,2022-11-30,,2022-12-30,-1.0
6527,AI,waste,2023-02-28,,2023-03-30,-1.0
6528,AI,waste,2023-01-29,,2023-02-28,-1.0
6529,AI,pollution,2024-02-23,,2024-03-24,-1.0
6530,AI,pollution,2024-01-24,,2024-02-23,-1.0
6531,AI,pollution,2024-03-24,,2024-04-23,-1.0
6532,AI,pollution,2023-12-25,,2024-01-24,-1.0
6533,AI,pollution,2024-05-23,,2024-06-22,-1.0
6534,AI,pollution,2024-04-23,,2024-05-23,-1.0
6535,AI,pollution,2023-09-26,,2023-10-26,-1.0
6536,AI,pollution,2023-08-27,,2023-09-26,-1.0
6537,AI,pollution,2023-10-26,,2023-11-25,-1.0
6538,AI,pollution,2023-07-28,,2023-08-27,-1.0
6539,AI,pollution,2023-11-25,,2023-12-25,-1.0
6540,AI,pollution,2024-12-19,,2025-01-18,-1.0
6541,AI,pollution,2024-11-19,,2024-12-19,-1.0
6542,AI,pollution,2024-10-20,,2024-11-19,-1.0
6543,AI,pollution,2025-02-17,,2025-03-19,-1.0
6544,AI,pollution,2025-01-18,,2025-02-17,-1.0
6545,AI,pollution,2024-07-22,,2024-08-21,-1.0
6546,AI,pollution,2024-06-22,,2024-07-22,-1.0
6547,AI,pollution,2024-08-21,,2024-09-20,-1.0
6548,AI,pollution,2024-09-20,,2024-10-20,-1.0
6549,AI,waste,2025-10-15,,2025-11-14,-1.0
6550,AI,waste,2025-11-14,,2025-12-14,-1.0
6551,AI,waste,2025-09-15,,2025-10-15,-1.0
6552,AI,waste,2026-01-13,,2026-02-12,-1.0
6553,AI,waste,2025-12-14,,2026-01-13,-1.0
6554,AI,waste,2025-08-16,,2025-09-15,-1.0
6555,AI,waste,2025-05-18,,2025-06-17,-1.0
6556,AI,waste,2025-06-17,,2025-07-17,-1.0
6557,AI,waste,2025-04-18,,2025-05-18,-1.0
6558,AI,waste,2025-07-17,,2025-08-16,-1.0
6559,AI,energy consumption,2023-05-29,,2023-06-28,-1.0
6560,AI,energy consumption,2023-06-28,,2023-07-28,-1.0
6561,AI,energy consumption,2023-04-29,,2023-05-29,-1.0
6562,AI,energy consumption,2023-03-30,,2023-04-29,-1.0
6563,AI,energy consumption,2023-08-27,,2023-09-26,-1.0
6564,AI,energy consumption,2023-07-28,,2023-08-27,-1.0
6565,AI,energy consumption,2022-12-30,,2023-01-29,-1.0
6566,AI,energy consumption,2023-01-29,,2023-02-28,-1.0
6567,AI,energy consumption,2022-11-30,,2022-12-30,-1.0
6568,AI,energy consumption,2023-02-28,,2023-03-30,-1.0
6569,AI,waste,2024-02-23,,2024-03-24,-1.0
6570,AI,waste,2024-03-24,,2024-04-23,-1.0
6571,AI,waste,2024-01-24,,2024-02-23,-1.0
6572,AI,waste,2024-06-22,,2024-07-22,-1.0
6573,AI,waste,2024-05-23,,2024-06-22,-1.0
6574,AI,waste,2024-04-23,,2024-05-23,-1.0
6575,AI,waste,2023-09-26,,2023-10-26,-1.0
6576,AI,waste,2023-10-26,,2023-11-25,-1.0
6577,AI,waste,2023-12-25,,2024-01-24,-1.0
6578,AI,waste,2023-11-25,,2023-12-25,-1.0
6579,AI,waste,2024-12-19,,2025-01-18,-1.0
6580,AI,waste,2025-01-18,,2025-02-17,-1.0
6581,AI,waste,2024-11-19,,2024-12-19,-1.0
6582,AI,waste,2025-03-19,,2025-04-18,-1.0
6583,AI,waste,2025-02-17,,2025-03-19,-1.0
6584,AI,waste,2024-07-22,,2024-08-21,-1.0
6585,AI,waste,2024-08-21,,2024-09-20,-1.0
6586,AI,waste,2024-10-20,,2024-11-19,-1.0
6587,AI,waste,2024-09-20,,2024-10-20,-1.0
6588,AI,environment harm,2025-08-16,,2025-09-15,-1.0
6589,AI,environment harm,2025-09-15,,2025-10-15,-1.0
6590,AI,environment harm,2025-07-17,,2025-08-16,-1.0
6591,AI,environment harm,2025-12-14,,2026-01-13,-1.0
6592,AI,environment harm,2025-11-14,,2025-12-14,-1.0
6593,AI,environment harm,2025-10-15,,2025-11-14,-1.0
6594,AI,environment harm,2025-03-19,,2025-04-18,-1.0
6595,AI,environment harm,2025-04-18,,2025-05-18,-1.0
6596,AI,environment harm,2025-02-17,,2025-03-19,-1.0
6597,AI,environment harm,2025-06-17,,2025-07-17,-1.0
6598,AI,environment harm,2025-05-18,,2025-06-17,-1.0
6599,AI,environment negative,2023-03-30,,2023-04-29,-1.0
6600,AI,environment negative,2023-04-29,,2023-05-29,-1.0
6601,AI,environment negative,2023-02-28,,2023-03-30,-1.0
6602,AI,environment negative,2023-06-28,,2023-07-28,-1.0
6603,AI,environment negative,2023-05-29,,2023-06-28,-1.0
6604,AI,environment harm,2026-01-13,,2026-02-12,-1.0
6605,AI,environment negative,2022-11-30,,2022-12-30,-1.0
6606,AI,environment negative,2023-01-29,,2023-02-28,-1.0
6607,AI,environment negative,2022-12-30,,2023-01-29,-1.0
6608,AI,environment negative,2023-07-28,,2023-08-27,-1.0
6609,AI,environment harm,2024-01-24,,2024-02-23,-1.0
6610,AI,environment harm,2023-12-25,,2024-01-24,-1.0
6611,AI,environment harm,2023-11-25,,2023-12-25,-1.0
6612,AI,environment harm,2024-04-23,,2024-05-23,-1.0
6613,AI,environment harm,2024-03-24,,2024-04-23,-1.0
6614,AI,environment harm,2024-02-23,,2024-03-24,-1.0
6615,AI,environment harm,2023-08-27,,2023-09-26,-1.0
6616,AI,environment harm,2023-07-28,,2023-08-27,-1.0
6617,AI,environment harm,2023-10-26,,2023-11-25,-1.0
6618,AI,environment harm,2023-09-26,,2023-10-26,-1.0
6619,AI,environment harm,2024-10-20,,2024-11-19,-1.0
6620,AI,environment harm,2024-11-19,,2024-12-19,-1.0
6621,AI,environment harm,2024-09-20,,2024-10-20,-1.0
6622,AI,environment harm,2025-01-18,,2025-02-17,-1.0
6623,AI,environment harm,2024-12-19,,2025-01-18,-1.0
6624,AI,environment harm,2024-06-22,,2024-07-22,-1.0
6625,AI,environment harm,2024-05-23,,2024-06-22,-1.0
6626,AI,environment harm,2024-08-21,,2024-09-20,-1.0
6627,AI,environment harm,2024-07-22,,2024-08-21,-1.0
6628,AI,environment negative,2025-09-15,,2025-10-15,-1.0
6629,AI,environment negative,2025-10-15,,2025-11-14,-1.0
6630,AI,environment negative,2025-08-16,,2025-09-15,-1.0
6631,AI,environment negative,2025-07-17,,2025-08-16,-1.0
6632,AI,environment negative,2025-12-14,,2026-01-13,-1.0
6633,AI,environment negative,2025-11-14,,2025-12-14,-1.0
6634,AI,environment negative,2025-04-18,,2025-05-18,-1.0
6635,AI,environment negative,2025-05-18,,2025-06-17,-1.0
6636,AI,environment negative,2025-03-19,,2025-04-18,-1.0
6637,AI,environment negative,2025-02-17,,2025-03-19,-1.0
6638,AI,environment negative,2025-06-17,,2025-07-17,-1.0
6639,AI,pollution,2023-04-29,,2023-05-29,-1.0
6640,AI,pollution,2023-03-30,,2023-04-29,-1.0
6641,AI,pollution,2023-05-29,,2023-06-28,-1.0
6642,AI,pollution,2023-02-28,,2023-03-30,-1.0
6643,AI,pollution,2023-06-28,,2023-07-28,-1.0
6644,AI,pollution,2022-11-30,,2022-12-30,-1.0
6645,AI,environment negative,2026-01-13,,2026-02-12,-1.0
6646,AI,pollution,2022-12-30,,2023-01-29,-1.0
6647,AI,pollution,2023-01-29,,2023-02-28,-1.0
6648,AI,environment negative,2024-01-24,,2024-02-23,-1.0
6649,AI,environment negative,2024-02-23,,2024-03-24,-1.0
6650,AI,environment negative,2023-12-25,,2024-01-24,-1.0
6651,AI,environment negative,2024-04-23,,2024-05-23,-1.0
6652,AI,environment negative,2024-03-24,,2024-04-23,-1.0
6653,AI,environment negative,2023-11-25,,2023-12-25,-1.0
6654,AI,environment negative,2023-08-27,,2023-09-26,-1.0
6655,AI,environment negative,2023-09-26,,2023-10-26,-1.0
6656,AI,environment negative,2023-10-26,,2023-11-25,-1.0
6657,AI,environment negative,2024-11-19,,2024-12-19,-1.0
6658,AI,environment negative,2024-12-19,,2025-01-18,-1.0
6659,AI,environment negative,2024-10-20,,2024-11-19,-1.0
6660,AI,environment negative,2024-09-20,,2024-10-20,-1.0
6661,AI,environment negative,2025-01-18,,2025-02-17,-1.0
6662,AI,environment negative,2024-06-22,,2024-07-22,-1.0
6663,AI,environment negative,2024-07-22,,2024-08-21,-1.0
6664,AI,environment negative,2024-05-23,,2024-06-22,-1.0
6665,AI,environment negative,2024-08-21,,2024-09-20,-1.0
6666,AI,water footprint,2025-02-17,,2025-03-19,-1.0
6667,AI,water footprint,2025-03-19,,2025-04-18,-1.0
6668,AI,water footprint,2025-01-18,,2025-02-17,-1.0
6669,AI,water footprint,2025-05-18,,2025-06-17,-1.0
6670,AI,water footprint,2025-04-18,,2025-05-18,-1.0
6671,AI,water footprint,2025-06-17,,2025-07-17,-1.0
6672,AI,water effect,2023-01-29,,2023-02-28,-1.0
6673,AI,water footprint,2024-09-20,,2024-10-20,-1.0
6674,AI,water footprint,2024-10-20,,2024-11-19,-1.0
6675,AI,water footprint,2024-08-21,,2024-09-20,-1.0
6676,AI,water footprint,2024-12-19,,2025-01-18,-1.0
6677,AI,water footprint,2024-11-19,,2024-12-19,-1.0
6678,AI,water footprint,2025-12-14,,2026-01-13,-1.0
6679,AI,water footprint,2026-01-13,,2026-02-12,-1.0
6680,AI,water footprint,2025-11-14,,2025-12-14,-1.0
6681,AI,water impact,2022-12-30,,2023-01-29,-1.0
6682,AI,water impact,2022-11-30,,2022-12-30,-1.0
6683,AI,water footprint,2025-10-15,,2025-11-14,-1.0
6684,AI,water footprint,2025-07-17,,2025-08-16,-1.0
6685,AI,water footprint,2025-08-16,,2025-09-15,-1.0
6686,AI,water footprint,2025-09-15,,2025-10-15,-1.0
6687,AI,water footprint,2023-06-28,,2023-07-28,-1.0
6688,AI,water footprint,2023-07-28,,2023-08-27,-1.0
6689,AI,water footprint,2023-05-29,,2023-06-28,-1.0
6690,AI,water footprint,2023-10-26,,2023-11-25,-1.0
6691,AI,water footprint,2023-09-26,,2023-10-26,-1.0
6692,AI,water footprint,2023-08-27,,2023-09-26,-1.0
6693,AI,water footprint,2023-02-28,,2023-03-30,-1.0
6694,AI,water footprint,2023-01-29,,2023-02-28,-1.0
6695,AI,water footprint,2022-12-30,,2023-01-29,-1.0
6696,AI,water footprint,2023-04-29,,2023-05-29,-1.0
6697,AI,water footprint,2023-03-30,,2023-04-29,-1.0
6698,AI,water footprint,2024-04-23,,2024-05-23,-1.0
6699,AI,water footprint,2024-05-23,,2024-06-22,-1.0
6700,AI,water footprint,2024-03-24,,2024-04-23,-1.0
6701,AI,water footprint,2024-07-22,,2024-08-21,-1.0
6702,AI,water footprint,2024-06-22,,2024-07-22,-1.0
6703,AI,water footprint,2023-11-25,,2023-12-25,-1.0
6704,AI,water footprint,2023-12-25,,2024-01-24,-1.0
6705,AI,water footprint,2024-02-23,,2024-03-24,-1.0
6706,AI,water footprint,2024-01-24,,2024-02-23,-1.0
6707,AI,water impact,2025-03-19,,2025-04-18,-1.0
6708,AI,water impact,2025-02-17,,2025-03-19,-1.0
6709,AI,water impact,2025-04-18,,2025-05-18,-1.0
6710,AI,water impact,2025-01-18,,2025-02-17,-1.0
6711,AI,water impact,2025-06-17,,2025-07-17,-1.0
6712,AI,water impact,2025-05-18,,2025-06-17,-1.0
6713,AI,water impact,2024-10-20,,2024-11-19,-1.0
6714,AI,water impact,2024-09-20,,2024-10-20,-1.0
6715,AI,water impact,2024-11-19,,2024-12-19,-1.0
6716,AI,water impact,2024-08-21,,2024-09-20,-1.0
6717,AI,water impact,2024-12-19,,2025-01-18,-1.0
6718,AI,water impact,2026-01-13,,2026-02-12,-1.0
6719,AI,water impact,2025-12-14,,2026-01-13,-1.0
6720,AI,water effect,2022-11-30,,2022-12-30,-1.0
6721,AI,water impact,2025-11-14,,2025-12-14,-1.0
6722,AI,water effect,2022-12-30,,2023-01-29,-1.0
6723,AI,water impact,2025-08-16,,2025-09-15,-1.0
6724,AI,water impact,2025-07-17,,2025-08-16,-1.0
6725,AI,water impact,2025-09-15,,2025-10-15,-1.0
6726,AI,water impact,2025-10-15,,2025-11-14,-1.0
6727,AI,water impact,2023-07-28,,2023-08-27,-1.0
6728,AI,water impact,2023-08-27,,2023-09-26,-1.0
6729,AI,water impact,2023-06-28,,2023-07-28,-1.0
6730,AI,water impact,2023-05-29,,2023-06-28,-1.0
6731,AI,water impact,2023-10-26,,2023-11-25,-1.0
6732,AI,water impact,2023-09-26,,2023-10-26,-1.0
6733,AI,water impact,2023-02-28,,2023-03-30,-1.0
6734,AI,water impact,2023-03-30,,2023-04-29,-1.0
6735,AI,water impact,2023-01-29,,2023-02-28,-1.0
6736,AI,water impact,2023-04-29,,2023-05-29,-1.0
6737,AI,water impact,2024-05-23,,2024-06-22,-1.0
6738,AI,water impact,2024-06-22,,2024-07-22,-1.0
6739,AI,water impact,2024-04-23,,2024-05-23,-1.0
6740,AI,water impact,2024-03-24,,2024-04-23,-1.0
6741,AI,water impact,2024-07-22,,2024-08-21,-1.0
6742,AI,water impact,2023-12-25,,2024-01-24,-1.0
6743,AI,water impact,2024-01-24,,2024-02-23,-1.0
6744,AI,water impact,2023-11-25,,2023-12-25,-1.0
6745,AI,water impact,2024-02-23,,2024-03-24,-1.0
6746,AI,water use,2025-01-18,,2025-02-17,-1.0
6747,AI,water use,2025-02-17,,2025-03-19,-1.0
6748,AI,water use,2024-12-19,,2025-01-18,-1.0
6749,AI,water use,2024-11-19,,2024-12-19,-1.0
6750,AI,water use,2025-04-18,,2025-05-18,-1.0
6751,AI,water use,2025-03-19,,2025-04-18,-1.0
6752,AI,water use,2024-08-21,,2024-09-20,-1.0
6753,AI,water use,2024-09-20,,2024-10-20,-1.0
6754,AI,water use,2024-07-22,,2024-08-21,-1.0
6755,AI,water use,2024-06-22,,2024-07-22,-1.0
6756,AI,water use,2024-10-20,,2024-11-19,-1.0
6757,AI,water use,2025-11-14,,2025-12-14,-1.0
6758,AI,water use,2025-12-14,,2026-01-13,-1.0
6759,AI,water use,2025-10-15,,2025-11-14,-1.0
6760,AI,water use,2025-09-15,,2025-10-15,-1.0
6761,AI,water use,2026-01-13,,2026-02-12,-1.0
6762,AI,water usage,2022-11-30,,2022-12-30,-1.0
6763,AI,water use,2025-06-17,,2025-07-17,-1.0
6764,AI,water use,2025-07-17,,2025-08-16,-1.0
6765,AI,water use,2025-05-18,,2025-06-17,-1.0
6766,AI,water use,2025-08-16,,2025-09-15,-1.0
6767,AI,water use,2023-09-26,,2023-10-26,-1.0
6768,AI,water use,2023-08-27,,2023-09-26,-1.0
6769,AI,water use,2024-03-24,,2024-04-23,-1.0
6770,AI,water use,2024-04-23,,2024-05-23,-1.0
6771,AI,water use,2024-02-23,,2024-03-24,-1.0
6772,AI,water use,2024-01-24,,2024-02-23,-1.0
6773,AI,water use,2024-05-23,,2024-06-22,-1.0
6774,AI,water use,2023-10-26,,2023-11-25,-1.0
6775,AI,water use,2023-11-25,,2023-12-25,-1.0
6776,AI,water use,2023-12-25,,2024-01-24,-1.0
6777,AI,water usage,2025-02-17,,2025-03-19,-1.0
6778,AI,water usage,2025-01-18,,2025-02-17,-1.0
6779,AI,water usage,2024-12-19,,2025-01-18,-1.0
6780,AI,water usage,2025-05-18,,2025-06-17,-1.0
6781,AI,water usage,2025-04-18,,2025-05-18,-1.0
6782,AI,water usage,2025-03-19,,2025-04-18,-1.0
6783,AI,water usage,2024-09-20,,2024-10-20,-1.0
6784,AI,water usage,2024-08-21,,2024-09-20,-1.0
6785,AI,water usage,2024-07-22,,2024-08-21,-1.0
6786,AI,water usage,2024-10-20,,2024-11-19,-1.0
6787,AI,water usage,2024-11-19,,2024-12-19,-1.0
6788,AI,water usage,2025-12-14,,2026-01-13,-1.0
6789,AI,water usage,2025-11-14,,2025-12-14,-1.0
6790,AI,water usage,2025-10-15,,2025-11-14,-1.0
6791,AI,water footprint,2022-11-30,,2022-12-30,-1.0
6792,AI,water usage,2026-01-13,,2026-02-12,-1.0
6793,AI,water usage,2025-07-17,,2025-08-16,-1.0
6794,AI,water usage,2025-06-17,,2025-07-17,-1.0
6795,AI,water usage,2025-09-15,,2025-10-15,-1.0
6796,AI,water usage,2025-08-16,,2025-09-15,-1.0
6797,AI,water usage,2023-06-28,,2023-07-28,-1.0
6798,AI,water usage,2023-05-29,,2023-06-28,-1.0
6799,AI,water usage,2023-07-28,,2023-08-27,-1.0
6800,AI,water usage,2023-04-29,,2023-05-29,-1.0
6801,AI,water usage,2023-09-26,,2023-10-26,-1.0
6802,AI,water usage,2023-08-27,,2023-09-26,-1.0
6803,AI,water usage,2023-01-29,,2023-02-28,-1.0
6804,AI,water usage,2022-12-30,,2023-01-29,-1.0
6805,AI,water usage,2023-02-28,,2023-03-30,-1.0
6806,AI,water usage,2023-03-30,,2023-04-29,-1.0
6807,AI,water usage,2024-04-23,,2024-05-23,-1.0
6808,AI,water usage,2024-03-24,,2024-04-23,-1.0
6809,AI,water usage,2024-05-23,,2024-06-22,-1.0
6810,AI,water usage,2024-02-23,,2024-03-24,-1.0
6811,AI,water usage,2024-06-22,,2024-07-22,-1.0
6812,AI,water usage,2023-11-25,,2023-12-25,-1.0
6813,AI,water usage,2023-10-26,,2023-11-25,-1.0
6814,AI,water usage,2023-12-25,,2024-01-24,-1.0
6815,AI,water usage,2024-01-24,,2024-02-23,-1.0
6816,AI,water cost,2025-05-18,,2025-06-17,-1.0
6817,AI,water cost,2025-04-18,,2025-05-18,-1.0
6818,AI,water cost,2025-03-19,,2025-04-18,-1.0
6819,AI,water cost,2025-06-17,,2025-07-17,-1.0
6820,AI,water cost,2025-07-17,,2025-08-16,-1.0
6821,AI,water cost,2025-08-16,,2025-09-15,-1.0
6822,AI,water cost,2024-12-19,,2025-01-18,-1.0
6823,AI,water cost,2024-11-19,,2024-12-19,-1.0
6824,AI,water cost,2025-01-18,,2025-02-17,-1.0
6825,AI,water cost,2024-10-20,,2024-11-19,-1.0
6826,AI,water cost,2025-02-17,,2025-03-19,-1.0
6827,AI,sustainability,2022-12-30,,2023-01-29,-1.0
6828,AI,sustainability,2022-11-30,,2022-12-30,-1.0
6829,AI,water cost,2026-01-13,,2026-02-12,-1.0
6830,AI,sustainability,2023-02-28,,2023-03-30,-1.0
6831,AI,sustainability,2023-03-30,,2023-04-29,-1.0
6832,AI,sustainability,2023-01-29,,2023-02-28,-1.0
6833,AI,water cost,2025-10-15,,2025-11-14,-1.0
6834,AI,water cost,2025-09-15,,2025-10-15,-1.0
6835,AI,water cost,2025-12-14,,2026-01-13,-1.0
6836,AI,water cost,2025-11-14,,2025-12-14,-1.0
6837,AI,water cost,2023-09-26,,2023-10-26,-1.0
6838,AI,water cost,2023-08-27,,2023-09-26,-1.0
6839,AI,water cost,2023-10-26,,2023-11-25,-1.0
6840,AI,water cost,2023-07-28,,2023-08-27,-1.0
6841,AI,water cost,2023-12-25,,2024-01-24,-1.0
6842,AI,water cost,2023-11-25,,2023-12-25,-1.0
6843,AI,water cost,2023-04-29,,2023-05-29,-1.0
6844,AI,water cost,2023-05-29,,2023-06-28,-1.0
6845,AI,water cost,2023-03-30,,2023-04-29,-1.0
6846,AI,water cost,2023-02-28,,2023-03-30,-1.0
6847,AI,water cost,2023-06-28,,2023-07-28,-1.0
6848,AI,water cost,2024-07-22,,2024-08-21,-1.0
6849,AI,water cost,2024-06-22,,2024-07-22,-1.0
6850,AI,water cost,2024-08-21,,2024-09-20,-1.0
6851,AI,water cost,2024-05-23,,2024-06-22,-1.0
6852,AI,water cost,2024-09-20,,2024-10-20,-1.0
6853,AI,water cost,2024-02-23,,2024-03-24,-1.0
6854,AI,water cost,2024-01-24,,2024-02-23,-1.0
6855,AI,water cost,2024-03-24,,2024-04-23,-1.0
6856,AI,water cost,2024-04-23,,2024-05-23,-1.0
6857,AI,sustainability,2025-05-18,,2025-06-17,-1.0
6858,AI,sustainability,2025-06-17,,2025-07-17,-1.0
6859,AI,sustainability,2025-04-18,,2025-05-18,-1.0
6860,AI,sustainability,2025-09-15,,2025-10-15,-1.0
6861,AI,sustainability,2025-08-16,,2025-09-15,-1.0
6862,AI,sustainability,2025-07-17,,2025-08-16,-1.0
6863,AI,sustainability,2024-12-19,,2025-01-18,-1.0
6864,AI,sustainability,2025-01-18,,2025-02-17,-1.0
6865,AI,sustainability,2024-11-19,,2024-12-19,-1.0
6866,AI,sustainability,2025-03-19,,2025-04-18,-1.0
6867,AI,sustainability,2025-02-17,,2025-03-19,-1.0
6868,AI,environment footprint,2022-12-30,,2023-01-29,-1.0
6869,AI,environment footprint,2023-01-29,,2023-02-28,-1.0
6870,AI,environment footprint,2022-11-30,,2022-12-30,-1.0
6871,AI,environment footprint,2023-02-28,,2023-03-30,-1.0
6872,AI,sustainability,2025-10-15,,2025-11-14,-1.0
6873,AI,sustainability,2025-11-14,,2025-12-14,-1.0
6874,AI,sustainability,2026-01-13,,2026-02-12,-1.0
6875,AI,sustainability,2025-12-14,,2026-01-13,-1.0
6876,AI,sustainability,2023-10-26,,2023-11-25,-1.0
6877,AI,sustainability,2023-09-26,,2023-10-26,-1.0
6878,AI,sustainability,2023-08-27,,2023-09-26,-1.0
6879,AI,sustainability,2024-01-24,,2024-02-23,-1.0
6880,AI,sustainability,2023-12-25,,2024-01-24,-1.0
6881,AI,sustainability,2023-11-25,,2023-12-25,-1.0
6882,AI,sustainability,2023-05-29,,2023-06-28,-1.0
6883,AI,sustainability,2023-04-29,,2023-05-29,-1.0
6884,AI,sustainability,2023-07-28,,2023-08-27,-1.0
6885,AI,sustainability,2023-06-28,,2023-07-28,-1.0
6886,AI,sustainability,2024-07-22,,2024-08-21,-1.0
6887,AI,sustainability,2024-08-21,,2024-09-20,-1.0
6888,AI,sustainability,2024-06-22,,2024-07-22,-1.0
6889,AI,sustainability,2024-10-20,,2024-11-19,-1.0
6890,AI,sustainability,2024-09-20,,2024-10-20,-1.0
6891,AI,sustainability,2024-02-23,,2024-03-24,-1.0
6892,AI,sustainability,2024-03-24,,2024-04-23,-1.0
6893,AI,sustainability,2024-05-23,,2024-06-22,-1.0
6894,AI,sustainability,2024-04-23,,2024-05-23,-1.0
6895,AI,water effect,2025-03-19,,2025-04-18,-1.0
6896,AI,water effect,2025-04-18,,2025-05-18,-1.0
6897,AI,water effect,2025-02-17,,2025-03-19,-1.0
6898,AI,water effect,2025-07-17,,2025-08-16,-1.0
6899,AI,water effect,2025-06-17,,2025-07-17,-1.0
6900,AI,water effect,2025-05-18,,2025-06-17,-1.0
6901,AI,water effect,2024-11-19,,2024-12-19,-1.0
6902,AI,water effect,2024-10-20,,2024-11-19,-1.0
6903,AI,water effect,2024-09-20,,2024-10-20,-1.0
6904,AI,water effect,2025-01-18,,2025-02-17,-1.0
6905,AI,water effect,2024-12-19,,2025-01-18,-1.0
6906,AI,water effect,2026-01-13,,2026-02-12,-1.0
6907,AI,water harm,2022-11-30,,2022-12-30,-1.0
6908,AI,water effect,2025-12-14,,2026-01-13,-1.0
6909,AI,water harm,2023-01-29,,2023-02-28,-1.0
6910,AI,water harm,2022-12-30,,2023-01-29,-1.0
6911,AI,water harm,2023-02-28,,2023-03-30,-1.0
6912,AI,water effect,2025-08-16,,2025-09-15,-1.0
6913,AI,water effect,2025-09-15,,2025-10-15,-1.0
6914,AI,water effect,2025-11-14,,2025-12-14,-1.0
6915,AI,water effect,2025-10-15,,2025-11-14,-1.0
6916,AI,water effect,2023-08-27,,2023-09-26,-1.0
6917,AI,water effect,2023-07-28,,2023-08-27,-1.0
6918,AI,water effect,2023-06-28,,2023-07-28,-1.0
6919,AI,water effect,2023-11-25,,2023-12-25,-1.0
6920,AI,water effect,2023-10-26,,2023-11-25,-1.0
6921,AI,water effect,2023-09-26,,2023-10-26,-1.0
6922,AI,water effect,2023-03-30,,2023-04-29,-1.0
6923,AI,water effect,2023-02-28,,2023-03-30,-1.0
6924,AI,water effect,2023-04-29,,2023-05-29,-1.0
6925,AI,water effect,2023-05-29,,2023-06-28,-1.0
6926,AI,water effect,2024-06-22,,2024-07-22,-1.0
6927,AI,water effect,2024-05-23,,2024-06-22,-1.0
6928,AI,water effect,2024-04-23,,2024-05-23,-1.0
6929,AI,water effect,2024-08-21,,2024-09-20,-1.0
6930,AI,water effect,2024-07-22,,2024-08-21,-1.0
6931,AI,water effect,2024-01-24,,2024-02-23,-1.0
6932,AI,water effect,2023-12-25,,2024-01-24,-1.0
6933,AI,water effect,2024-03-24,,2024-04-23,-1.0
6934,AI,water effect,2024-02-23,,2024-03-24,-1.0
6935,AI,water harm,2025-04-18,,2025-05-18,-1.0
6936,AI,water harm,2025-05-18,,2025-06-17,-1.0
6937,AI,water harm,2025-03-19,,2025-04-18,-1.0
6938,AI,water harm,2025-02-17,,2025-03-19,-1.0
6939,AI,water harm,2025-07-17,,2025-08-16,-1.0
6940,AI,water harm,2025-06-17,,2025-07-17,-1.0
6941,AI,water harm,2024-11-19,,2024-12-19,-1.0
6942,AI,water harm,2024-12-19,,2025-01-18,-1.0
6943,AI,water harm,2024-10-20,,2024-11-19,-1.0
6944,AI,water harm,2024-09-20,,2024-10-20,-1.0
6945,AI,water harm,2025-01-18,,2025-02-17,-1.0
6946,AI,water cost,2022-11-30,,2022-12-30,-1.0
6947,AI,water cost,2022-12-30,,2023-01-29,-1.0
6948,AI,water harm,2026-01-13,,2026-02-12,-1.0
6949,AI,water harm,2025-12-14,,2026-01-13,-1.0
6950,AI,water cost,2023-01-29,,2023-02-28,-1.0
6951,AI,water harm,2025-09-15,,2025-10-15,-1.0
6952,AI,water harm,2025-10-15,,2025-11-14,-1.0
6953,AI,water harm,2025-08-16,,2025-09-15,-1.0
6954,AI,water harm,2025-11-14,,2025-12-14,-1.0
6955,AI,water harm,2023-08-27,,2023-09-26,-1.0
6956,AI,water harm,2023-09-26,,2023-10-26,-1.0
6957,AI,water harm,2023-07-28,,2023-08-27,-1.0
6958,AI,water harm,2023-12-25,,2024-01-24,-1.0
6959,AI,water harm,2023-11-25,,2023-12-25,-1.0
6960,AI,water harm,2023-10-26,,2023-11-25,-1.0
6961,AI,water harm,2023-03-30,,2023-04-29,-1.0
6962,AI,water harm,2023-04-29,,2023-05-29,-1.0
6963,AI,water harm,2023-06-28,,2023-07-28,-1.0
6964,AI,water harm,2023-05-29,,2023-06-28,-1.0
6965,AI,water harm,2024-06-22,,2024-07-22,-1.0
6966,AI,water harm,2024-07-22,,2024-08-21,-1.0
6967,AI,water harm,2024-05-23,,2024-06-22,-1.0
6968,AI,water harm,2024-08-21,,2024-09-20,-1.0
6969,AI,water harm,2024-04-23,,2024-05-23,-1.0
6970,AI,water harm,2024-01-24,,2024-02-23,-1.0
6971,AI,water harm,2024-02-23,,2024-03-24,-1.0
6972,AI,water harm,2024-03-24,,2024-04-23,-1.0
6973,artificial intelligence,water usage,2023-02-28,,2023-03-30,-1.0
6974,artificial intelligence,water usage,2023-01-29,,2023-02-28,-1.0
6975,artificial intelligence,water usage,2023-03-30,,2023-04-29,-1.0
6976,artificial intelligence,water usage,2022-12-30,,2023-01-29,-1.0
6977,artificial intelligence,water usage,2023-04-29,,2023-05-29,-1.0
6978,artificial intelligence,water usage,2023-05-29,,2023-06-28,-1.0
6979,artificial intelligence,water footprint,2024-04-23,,2024-05-23,-1.0
6980,artificial intelligence,water use,2025-12-14,,2026-01-13,-1.0
6981,artificial intelligence,water use,2025-11-14,,2025-12-14,-1.0
6982,artificial intelligence,water use,2026-01-13,,2026-02-12,-1.0
6983,artificial intelligence,water use,2025-10-15,,2025-11-14,-1.0
6984,artificial intelligence,water usage,2022-11-30,,2022-12-30,-1.0
6985,artificial intelligence,water usage,2023-12-25,,2024-01-24,-1.0
6986,artificial intelligence,water usage,2023-11-25,,2023-12-25,-1.0
6987,artificial intelligence,water usage,2024-01-24,,2024-02-23,-1.0
6988,artificial intelligence,water usage,2023-10-26,,2023-11-25,-1.0
6989,artificial intelligence,water usage,2024-02-23,,2024-03-24,-1.0
6990,artificial intelligence,water usage,2024-03-24,,2024-04-23,-1.0
6991,artificial intelligence,water usage,2023-07-28,,2023-08-27,-1.0
6992,artificial intelligence,water usage,2023-06-28,,2023-07-28,-1.0
6993,artificial intelligence,water usage,2023-08-27,,2023-09-26,-1.0
6994,artificial intelligence,water usage,2023-09-26,,2023-10-26,-1.0
6995,artificial intelligence,water use,2024-09-20,,2024-10-20,-1.0
6996,artificial intelligence,water use,2024-10-20,,2024-11-19,-1.0
6997,artificial intelligence,water use,2024-08-21,,2024-09-20,-1.0
6998,artificial intelligence,water use,2024-07-22,,2024-08-21,-1.0
6999,artificial intelligence,water use,2024-12-19,,2025-01-18,-1.0
7000,artificial intelligence,water use,2024-11-19,,2024-12-19,-1.0
7001,artificial intelligence,water use,2024-04-23,,2024-05-23,-1.0
7002,artificial intelligence,water use,2024-05-23,,2024-06-22,-1.0
7003,artificial intelligence,water use,2024-03-24,,2024-04-23,-1.0
7004,artificial intelligence,water use,2024-02-23,,2024-03-24,-1.0
7005,artificial intelligence,water use,2024-06-22,,2024-07-22,-1.0
7006,artificial intelligence,water use,2025-07-17,,2025-08-16,-1.0
7007,artificial intelligence,water use,2025-08-16,,2025-09-15,-1.0
7008,artificial intelligence,water use,2025-06-17,,2025-07-17,-1.0
7009,artificial intelligence,water use,2025-05-18,,2025-06-17,-1.0
7010,artificial intelligence,water use,2025-09-15,,2025-10-15,-1.0
7011,artificial intelligence,water use,2025-02-17,,2025-03-19,-1.0
7012,artificial intelligence,water use,2025-03-19,,2025-04-18,-1.0
7013,artificial intelligence,water use,2025-01-18,,2025-02-17,-1.0
7014,artificial intelligence,water use,2025-04-18,,2025-05-18,-1.0
7015,artificial intelligence,water footprint,2023-02-28,,2023-03-30,-1.0
7016,artificial intelligence,water footprint,2023-03-30,,2023-04-29,-1.0
7017,artificial intelligence,water footprint,2023-01-29,,2023-02-28,-1.0
7018,artificial intelligence,water footprint,2023-06-28,,2023-07-28,-1.0
7019,artificial intelligence,water footprint,2023-05-29,,2023-06-28,-1.0
7020,artificial intelligence,water footprint,2023-04-29,,2023-05-29,-1.0
7021,artificial intelligence,water usage,2026-01-13,,2026-02-12,-1.0
7022,artificial intelligence,water usage,2025-12-14,,2026-01-13,-1.0
7023,artificial intelligence,water usage,2025-11-14,,2025-12-14,-1.0
7024,artificial intelligence,water footprint,2022-12-30,,2023-01-29,-1.0
7025,artificial intelligence,water footprint,2022-11-30,,2022-12-30,-1.0
7026,artificial intelligence,water footprint,2023-12-25,,2024-01-24,-1.0
7027,artificial intelligence,water footprint,2024-01-24,,2024-02-23,-1.0
7028,artificial intelligence,water footprint,2023-11-25,,2023-12-25,-1.0
7029,artificial intelligence,water footprint,2024-03-24,,2024-04-23,-1.0
7030,artificial intelligence,water footprint,2024-02-23,,2024-03-24,-1.0
7031,artificial intelligence,water footprint,2023-07-28,,2023-08-27,-1.0
7032,artificial intelligence,water footprint,2023-08-27,,2023-09-26,-1.0
7033,artificial intelligence,water footprint,2023-10-26,,2023-11-25,-1.0
7034,artificial intelligence,water footprint,2023-09-26,,2023-10-26,-1.0
7035,artificial intelligence,water usage,2024-10-20,,2024-11-19,-1.0
7036,artificial intelligence,water usage,2024-09-20,,2024-10-20,-1.0
7037,artificial intelligence,water usage,2024-08-21,,2024-09-20,-1.0
7038,artificial intelligence,water usage,2025-01-18,,2025-02-17,-1.0
7039,artificial intelligence,water usage,2024-12-19,,2025-01-18,-1.0
7040,artificial intelligence,water usage,2024-11-19,,2024-12-19,-1.0
7041,artificial intelligence,water usage,2024-05-23,,2024-06-22,-1.0
7042,artificial intelligence,water usage,2024-04-23,,2024-05-23,-1.0
7043,artificial intelligence,water usage,2024-06-22,,2024-07-22,-1.0
7044,artificial intelligence,water usage,2024-07-22,,2024-08-21,-1.0
7045,artificial intelligence,water usage,2025-08-16,,2025-09-15,-1.0
7046,artificial intelligence,water usage,2025-07-17,,2025-08-16,-1.0
7047,artificial intelligence,water usage,2025-06-17,,2025-07-17,-1.0
7048,artificial intelligence,water usage,2025-10-15,,2025-11-14,-1.0
7049,artificial intelligence,water usage,2025-09-15,,2025-10-15,-1.0
7050,artificial intelligence,water usage,2025-03-19,,2025-04-18,-1.0
7051,artificial intelligence,water usage,2025-02-17,,2025-03-19,-1.0
7052,artificial intelligence,water usage,2025-05-18,,2025-06-17,-1.0
7053,artificial intelligence,water usage,2025-04-18,,2025-05-18,-1.0
7054,AI,carbon footprint,2023-01-29,,2023-02-28,-1.0
7055,AI,carbon footprint,2022-12-30,,2023-01-29,-1.0
7056,AI,carbon footprint,2022-11-30,,2022-12-30,-1.0
7057,AI,carbon footprint,2023-04-29,,2023-05-29,-1.0
7058,AI,carbon footprint,2023-03-30,,2023-04-29,-1.0
7059,AI,carbon footprint,2023-02-28,,2023-03-30,-1.0
7060,AI,carbon imapct,2025-11-14,,2025-12-14,-1.0
7061,AI,carbon imapct,2025-10-15,,2025-11-14,-1.0
7062,AI,carbon imapct,2025-09-15,,2025-10-15,-1.0
7063,AI,carbon imapct,2025-12-14,,2026-01-13,-1.0
7064,AI,carbon imapct,2026-01-13,,2026-02-12,-1.0
7065,AI,carbon footprint,2023-11-25,,2023-12-25,-1.0
7066,AI,carbon footprint,2023-10-26,,2023-11-25,-1.0
7067,AI,carbon footprint,2023-09-26,,2023-10-26,-1.0
7068,AI,carbon footprint,2024-01-24,,2024-02-23,-1.0
7069,AI,carbon footprint,2024-02-23,,2024-03-24,-1.0
7070,AI,carbon footprint,2023-12-25,,2024-01-24,-1.0
7071,AI,carbon footprint,2023-06-28,,2023-07-28,-1.0
7072,AI,carbon footprint,2023-05-29,,2023-06-28,-1.0
7073,AI,carbon footprint,2023-08-27,,2023-09-26,-1.0
7074,AI,carbon footprint,2023-07-28,,2023-08-27,-1.0
7075,AI,carbon imapct,2024-08-21,,2024-09-20,-1.0
7076,AI,carbon imapct,2024-07-22,,2024-08-21,-1.0
7077,AI,carbon imapct,2024-09-20,,2024-10-20,-1.0
7078,AI,carbon imapct,2024-06-22,,2024-07-22,-1.0
7079,AI,carbon imapct,2024-11-19,,2024-12-19,-1.0
7080,AI,carbon imapct,2024-10-20,,2024-11-19,-1.0
7081,AI,carbon imapct,2024-03-24,,2024-04-23,-1.0
7082,AI,carbon imapct,2024-02-23,,2024-03-24,-1.0
7083,AI,carbon imapct,2024-04-23,,2024-05-23,-1.0
7084,AI,carbon imapct,2024-01-24,,2024-02-23,-1.0
7085,AI,carbon imapct,2024-05-23,,2024-06-22,-1.0
7086,AI,carbon imapct,2025-06-17,,2025-07-17,-1.0
7087,AI,carbon imapct,2025-05-18,,2025-06-17,-1.0
7088,AI,carbon imapct,2025-07-17,,2025-08-16,-1.0
7089,AI,carbon imapct,2025-04-18,,2025-05-18,-1.0
7090,AI,carbon imapct,2025-08-16,,2025-09-15,-1.0
7091,AI,carbon imapct,2025-01-18,,2025-02-17,-1.0
7092,AI,carbon imapct,2024-12-19,,2025-01-18,-1.0
7093,AI,carbon imapct,2025-02-17,,2025-03-19,-1.0
7094,AI,carbon imapct,2025-03-19,,2025-04-18,-1.0
7095,artificial intelligence,water use,2023-01-29,,2023-02-28,-1.0
7096,artificial intelligence,water use,2023-02-28,,2023-03-30,-1.0
7097,artificial intelligence,water use,2022-12-30,,2023-01-29,-1.0
7098,artificial intelligence,water use,2023-05-29,,2023-06-28,-1.0
7099,artificial intelligence,water use,2023-04-29,,2023-05-29,-1.0
7100,artificial intelligence,water use,2023-03-30,,2023-04-29,-1.0
7101,AI,carbon footprint,2025-11-14,,2025-12-14,-1.0
7102,AI,carbon footprint,2025-12-14,,2026-01-13,-1.0
7103,AI,carbon footprint,2025-10-15,,2025-11-14,-1.0
7104,artificial intelligence,water use,2022-11-30,,2022-12-30,-1.0
7105,AI,carbon footprint,2026-01-13,,2026-02-12,-1.0
7106,artificial intelligence,water use,2023-11-25,,2023-12-25,-1.0
7107,artificial intelligence,water use,2023-12-25,,2024-01-24,-1.0
7108,artificial intelligence,water use,2023-10-26,,2023-11-25,-1.0
7109,artificial intelligence,water use,2024-01-24,,2024-02-23,-1.0
7110,artificial intelligence,water use,2023-09-26,,2023-10-26,-1.0
7111,artificial intelligence,water use,2023-06-28,,2023-07-28,-1.0
7112,artificial intelligence,water use,2023-07-28,,2023-08-27,-1.0
7113,artificial intelligence,water use,2023-08-27,,2023-09-26,-1.0
7114,AI,carbon footprint,2024-08-21,,2024-09-20,-1.0
7115,AI,carbon footprint,2024-09-20,,2024-10-20,-1.0
7116,AI,carbon footprint,2024-07-22,,2024-08-21,-1.0
7117,AI,carbon footprint,2024-12-19,,2025-01-18,-1.0
7118,AI,carbon footprint,2024-11-19,,2024-12-19,-1.0
7119,AI,carbon footprint,2024-10-20,,2024-11-19,-1.0
7120,AI,carbon footprint,2024-04-23,,2024-05-23,-1.0
7121,AI,carbon footprint,2024-03-24,,2024-04-23,-1.0
7122,AI,carbon footprint,2024-06-22,,2024-07-22,-1.0
7123,AI,carbon footprint,2024-05-23,,2024-06-22,-1.0
7124,AI,carbon footprint,2025-06-17,,2025-07-17,-1.0
7125,AI,carbon footprint,2025-07-17,,2025-08-16,-1.0
7126,AI,carbon footprint,2025-05-18,,2025-06-17,-1.0
7127,AI,carbon footprint,2025-09-15,,2025-10-15,-1.0
7128,AI,carbon footprint,2025-08-16,,2025-09-15,-1.0
7129,AI,carbon footprint,2025-01-18,,2025-02-17,-1.0
7130,AI,carbon footprint,2025-02-17,,2025-03-19,-1.0
7131,AI,carbon footprint,2025-04-18,,2025-05-18,-1.0
7132,AI,carbon footprint,2025-03-19,,2025-04-18,-1.0
7133,artificial intelligence,water harm,2023-04-29,,2023-05-29,-1.0
7134,artificial intelligence,water harm,2023-05-29,,2023-06-28,-1.0
7135,artificial intelligence,water harm,2023-03-30,,2023-04-29,-1.0
7136,artificial intelligence,water harm,2023-07-28,,2023-08-27,-1.0
7137,artificial intelligence,water harm,2023-06-28,,2023-07-28,-1.0
7138,artificial intelligence,water harm,2023-08-27,,2023-09-26,-1.0
7139,artificial intelligence,water harm,2022-11-30,,2022-12-30,-1.0
7140,artificial intelligence,water harm,2022-12-30,,2023-01-29,-1.0
7141,artificial intelligence,water effect,2026-01-13,,2026-02-12,-1.0
7142,artificial intelligence,water harm,2023-02-28,,2023-03-30,-1.0
7143,artificial intelligence,water harm,2023-01-29,,2023-02-28,-1.0
7144,artificial intelligence,water harm,2024-02-23,,2024-03-24,-1.0
7145,artificial intelligence,water harm,2024-03-24,,2024-04-23,-1.0
7146,artificial intelligence,water harm,2024-01-24,,2024-02-23,-1.0
7147,artificial intelligence,water harm,2024-05-23,,2024-06-22,-1.0
7148,artificial intelligence,water harm,2024-04-23,,2024-05-23,-1.0
7149,artificial intelligence,water harm,2023-09-26,,2023-10-26,-1.0
7150,artificial intelligence,water harm,2023-10-26,,2023-11-25,-1.0
7151,artificial intelligence,water harm,2023-12-25,,2024-01-24,-1.0
7152,artificial intelligence,water harm,2023-11-25,,2023-12-25,-1.0
7153,artificial intelligence,water effect,2024-12-19,,2025-01-18,-1.0
7154,artificial intelligence,water effect,2024-11-19,,2024-12-19,-1.0
7155,artificial intelligence,water effect,2024-10-20,,2024-11-19,-1.0
7156,artificial intelligence,water effect,2025-03-19,,2025-04-18,-1.0
7157,artificial intelligence,water effect,2025-02-17,,2025-03-19,-1.0
7158,artificial intelligence,water effect,2025-01-18,,2025-02-17,-1.0
7159,artificial intelligence,water effect,2024-07-22,,2024-08-21,-1.0
7160,artificial intelligence,water effect,2024-06-22,,2024-07-22,-1.0
7161,artificial intelligence,water effect,2024-05-23,,2024-06-22,-1.0
7162,artificial intelligence,water effect,2024-09-20,,2024-10-20,-1.0
7163,artificial intelligence,water effect,2024-08-21,,2024-09-20,-1.0
7164,artificial intelligence,water effect,2025-09-15,,2025-10-15,-1.0
7165,artificial intelligence,water effect,2025-10-15,,2025-11-14,-1.0
7166,artificial intelligence,water effect,2025-08-16,,2025-09-15,-1.0
7167,artificial intelligence,water effect,2025-12-14,,2026-01-13,-1.0
7168,artificial intelligence,water effect,2025-11-14,,2025-12-14,-1.0
7169,artificial intelligence,water effect,2025-04-18,,2025-05-18,-1.0
7170,artificial intelligence,water effect,2025-05-18,,2025-06-17,-1.0
7171,artificial intelligence,water effect,2025-07-17,,2025-08-16,-1.0
7172,artificial intelligence,water effect,2025-06-17,,2025-07-17,-1.0
7173,artificial intelligence,water cost,2023-05-29,,2023-06-28,-1.0
7174,artificial intelligence,water cost,2023-04-29,,2023-05-29,-1.0
7175,artificial intelligence,water cost,2023-06-28,,2023-07-28,-1.0
7176,artificial intelligence,water cost,2023-03-30,,2023-04-29,-1.0
7177,artificial intelligence,water cost,2023-08-27,,2023-09-26,-1.0
7178,artificial intelligence,water cost,2023-07-28,,2023-08-27,-1.0
7179,artificial intelligence,water cost,2022-12-30,,2023-01-29,-1.0
7180,artificial intelligence,water cost,2023-01-29,,2023-02-28,-1.0
7181,artificial intelligence,water cost,2022-11-30,,2022-12-30,-1.0
7182,artificial intelligence,water harm,2026-01-13,,2026-02-12,-1.0
7183,artificial intelligence,water cost,2023-02-28,,2023-03-30,-1.0
7184,artificial intelligence,water cost,2024-03-24,,2024-04-23,-1.0
7185,artificial intelligence,water cost,2024-02-23,,2024-03-24,-1.0
7186,artificial intelligence,water cost,2024-04-23,,2024-05-23,-1.0
7187,artificial intelligence,water cost,2024-01-24,,2024-02-23,-1.0
7188,artificial intelligence,water cost,2024-05-23,,2024-06-22,-1.0
7189,artificial intelligence,water cost,2023-10-26,,2023-11-25,-1.0
7190,artificial intelligence,water cost,2023-09-26,,2023-10-26,-1.0
7191,artificial intelligence,water cost,2023-11-25,,2023-12-25,-1.0
7192,artificial intelligence,water cost,2023-12-25,,2024-01-24,-1.0
7193,artificial intelligence,water harm,2024-06-22,,2024-07-22,-1.0
7194,artificial intelligence,water harm,2024-12-19,,2025-01-18,-1.0
7195,artificial intelligence,water harm,2025-01-18,,2025-02-17,-1.0
7196,artificial intelligence,water harm,2024-11-19,,2024-12-19,-1.0
7197,artificial intelligence,water harm,2024-10-20,,2024-11-19,-1.0
7198,artificial intelligence,water harm,2025-03-19,,2025-04-18,-1.0
7199,artificial intelligence,water harm,2025-02-17,,2025-03-19,-1.0
7200,artificial intelligence,water harm,2024-07-22,,2024-08-21,-1.0
7201,artificial intelligence,water harm,2024-08-21,,2024-09-20,-1.0
7202,artificial intelligence,water harm,2024-09-20,,2024-10-20,-1.0
7203,artificial intelligence,water harm,2025-10-15,,2025-11-14,-1.0
7204,artificial intelligence,water harm,2025-11-14,,2025-12-14,-1.0
7205,artificial intelligence,water harm,2025-09-15,,2025-10-15,-1.0
7206,artificial intelligence,water harm,2025-08-16,,2025-09-15,-1.0
7207,artificial intelligence,water harm,2025-12-14,,2026-01-13,-1.0
7208,artificial intelligence,water harm,2025-05-18,,2025-06-17,-1.0
7209,artificial intelligence,water harm,2025-06-17,,2025-07-17,-1.0
7210,artificial intelligence,water harm,2025-04-18,,2025-05-18,-1.0
7211,artificial intelligence,water harm,2025-07-17,,2025-08-16,-1.0
7212,artificial intelligence,water impact,2023-03-30,,2023-04-29,-1.0
7213,artificial intelligence,water impact,2023-04-29,,2023-05-29,-1.0
7214,artificial intelligence,water impact,2023-02-28,,2023-03-30,-1.0
7215,artificial intelligence,water impact,2023-01-29,,2023-02-28,-1.0
7216,artificial intelligence,water impact,2023-06-28,,2023-07-28,-1.0
7217,artificial intelligence,water impact,2023-05-29,,2023-06-28,-1.0
7218,artificial intelligence,water footprint,2026-01-13,,2026-02-12,-1.0
7219,artificial intelligence,water impact,2022-11-30,,2022-12-30,-1.0
7220,artificial intelligence,water footprint,2025-12-14,,2026-01-13,-1.0
7221,artificial intelligence,water footprint,2025-11-14,,2025-12-14,-1.0
7222,artificial intelligence,water impact,2022-12-30,,2023-01-29,-1.0
7223,artificial intelligence,water impact,2024-01-24,,2024-02-23,-1.0
7224,artificial intelligence,water impact,2024-02-23,,2024-03-24,-1.0
7225,artificial intelligence,water impact,2023-12-25,,2024-01-24,-1.0
7226,artificial intelligence,water impact,2023-11-25,,2023-12-25,-1.0
7227,artificial intelligence,water impact,2024-03-24,,2024-04-23,-1.0
7228,artificial intelligence,water impact,2024-04-23,,2024-05-23,-1.0
7229,artificial intelligence,water impact,2023-08-27,,2023-09-26,-1.0
7230,artificial intelligence,water impact,2023-09-26,,2023-10-26,-1.0
7231,artificial intelligence,water impact,2023-07-28,,2023-08-27,-1.0
7232,artificial intelligence,water impact,2023-10-26,,2023-11-25,-1.0
7233,artificial intelligence,water footprint,2024-10-20,,2024-11-19,-1.0
7234,artificial intelligence,water footprint,2024-11-19,,2024-12-19,-1.0
7235,artificial intelligence,water footprint,2024-09-20,,2024-10-20,-1.0
7236,artificial intelligence,water footprint,2025-02-17,,2025-03-19,-1.0
7237,artificial intelligence,water footprint,2025-01-18,,2025-02-17,-1.0
7238,artificial intelligence,water footprint,2024-12-19,,2025-01-18,-1.0
7239,artificial intelligence,water footprint,2024-05-23,,2024-06-22,-1.0
7240,artificial intelligence,water footprint,2024-06-22,,2024-07-22,-1.0
7241,artificial intelligence,water footprint,2024-08-21,,2024-09-20,-1.0
7242,artificial intelligence,water footprint,2024-07-22,,2024-08-21,-1.0
7243,artificial intelligence,water footprint,2025-08-16,,2025-09-15,-1.0
7244,artificial intelligence,water footprint,2025-09-15,,2025-10-15,-1.0
7245,artificial intelligence,water footprint,2025-07-17,,2025-08-16,-1.0
7246,artificial intelligence,water footprint,2025-10-15,,2025-11-14,-1.0
7247,artificial intelligence,water footprint,2025-06-17,,2025-07-17,-1.0
7248,artificial intelligence,water footprint,2025-03-19,,2025-04-18,-1.0
7249,artificial intelligence,water footprint,2025-04-18,,2025-05-18,-1.0
7250,artificial intelligence,water footprint,2025-05-18,,2025-06-17,-1.0
7251,artificial intelligence,water effect,2023-04-29,,2023-05-29,-1.0
7252,artificial intelligence,water effect,2023-03-30,,2023-04-29,-1.0
7253,artificial intelligence,water effect,2023-02-28,,2023-03-30,-1.0
7254,artificial intelligence,water effect,2023-07-28,,2023-08-27,-1.0
7255,artificial intelligence,water effect,2023-06-28,,2023-07-28,-1.0
7256,artificial intelligence,water effect,2023-05-29,,2023-06-28,-1.0
7257,artificial intelligence,water effect,2022-11-30,,2022-12-30,-1.0
7258,artificial intelligence,water impact,2026-01-13,,2026-02-12,-1.0
7259,artificial intelligence,water effect,2022-12-30,,2023-01-29,-1.0
7260,artificial intelligence,water impact,2025-12-14,,2026-01-13,-1.0
7261,artificial intelligence,water effect,2023-01-29,,2023-02-28,-1.0
7262,artificial intelligence,water effect,2024-02-23,,2024-03-24,-1.0
7263,artificial intelligence,water effect,2024-01-24,,2024-02-23,-1.0
7264,artificial intelligence,water effect,2023-12-25,,2024-01-24,-1.0
7265,artificial intelligence,water effect,2024-04-23,,2024-05-23,-1.0
7266,artificial intelligence,water effect,2024-03-24,,2024-04-23,-1.0
7267,artificial intelligence,water effect,2023-09-26,,2023-10-26,-1.0
7268,artificial intelligence,water effect,2023-08-27,,2023-09-26,-1.0
7269,artificial intelligence,water effect,2023-11-25,,2023-12-25,-1.0
7270,artificial intelligence,water effect,2023-10-26,,2023-11-25,-1.0
7271,artificial intelligence,water impact,2024-11-19,,2024-12-19,-1.0
7272,artificial intelligence,water impact,2024-10-20,,2024-11-19,-1.0
7273,artificial intelligence,water impact,2024-12-19,,2025-01-18,-1.0
7274,artificial intelligence,water impact,2024-09-20,,2024-10-20,-1.0
7275,artificial intelligence,water impact,2025-02-17,,2025-03-19,-1.0
7276,artificial intelligence,water impact,2025-01-18,,2025-02-17,-1.0
7277,artificial intelligence,water impact,2024-06-22,,2024-07-22,-1.0
7278,artificial intelligence,water impact,2024-07-22,,2024-08-21,-1.0
7279,artificial intelligence,water impact,2024-05-23,,2024-06-22,-1.0
7280,artificial intelligence,water impact,2024-08-21,,2024-09-20,-1.0
7281,artificial intelligence,water impact,2025-09-15,,2025-10-15,-1.0
7282,artificial intelligence,water impact,2025-08-16,,2025-09-15,-1.0
7283,artificial intelligence,water impact,2025-10-15,,2025-11-14,-1.0
7284,artificial intelligence,water impact,2025-07-17,,2025-08-16,-1.0
7285,artificial intelligence,water impact,2025-11-14,,2025-12-14,-1.0
7286,artificial intelligence,water impact,2025-04-18,,2025-05-18,-1.0
7287,artificial intelligence,water impact,2025-03-19,,2025-04-18,-1.0
7288,artificial intelligence,water impact,2025-05-18,,2025-06-17,-1.0
7289,artificial intelligence,water impact,2025-06-17,,2025-07-17,-1.0
7290,AI,energy usage,2025-12-14,,2026-01-13,-1.0
7291,AI,energy usage,2026-01-13,,2026-02-12,-1.0
7292,AI,energy usage,2025-11-14,,2025-12-14,-1.0
7293,AI,energy usage,2025-10-15,,2025-11-14,-1.0
7294,AI,energy footprint,2022-12-30,,2023-01-29,-1.0
7295,AI,energy footprint,2022-11-30,,2022-12-30,-1.0
7296,AI,energy usage,2025-07-17,,2025-08-16,-1.0
7297,AI,energy usage,2025-08-16,,2025-09-15,-1.0
7298,AI,energy usage,2025-06-17,,2025-07-17,-1.0
7299,AI,energy usage,2025-05-18,,2025-06-17,-1.0
7300,AI,energy usage,2025-09-15,,2025-10-15,-1.0
7301,AI,energy footprint,2023-07-28,,2023-08-27,-1.0
7302,AI,energy footprint,2023-06-28,,2023-07-28,-1.0
7303,AI,energy footprint,2023-08-27,,2023-09-26,-1.0
7304,AI,energy footprint,2023-05-29,,2023-06-28,-1.0
7305,AI,energy footprint,2023-09-26,,2023-10-26,-1.0
7306,AI,energy footprint,2023-10-26,,2023-11-25,-1.0
7307,AI,energy footprint,2023-02-28,,2023-03-30,-1.0
7308,AI,energy footprint,2023-03-30,,2023-04-29,-1.0
7309,AI,energy footprint,2023-01-29,,2023-02-28,-1.0
7310,AI,energy footprint,2023-04-29,,2023-05-29,-1.0
7311,AI,energy usage,2024-04-23,,2024-05-23,-1.0
7312,AI,energy usage,2024-05-23,,2024-06-22,-1.0
7313,AI,energy usage,2024-03-24,,2024-04-23,-1.0
7314,AI,energy usage,2024-07-22,,2024-08-21,-1.0
7315,AI,energy usage,2024-06-22,,2024-07-22,-1.0
7316,AI,energy usage,2023-11-25,,2023-12-25,-1.0
7317,AI,energy usage,2023-12-25,,2024-01-24,-1.0
7318,AI,energy usage,2024-02-23,,2024-03-24,-1.0
7319,AI,energy usage,2023-10-26,,2023-11-25,-1.0
7320,AI,energy usage,2024-01-24,,2024-02-23,-1.0
7321,AI,energy usage,2025-02-17,,2025-03-19,-1.0
7322,AI,energy usage,2025-03-19,,2025-04-18,-1.0
7323,AI,energy usage,2025-01-18,,2025-02-17,-1.0
7324,AI,energy usage,2024-12-19,,2025-01-18,-1.0
7325,AI,energy usage,2025-04-18,,2025-05-18,-1.0
7326,AI,energy usage,2024-09-20,,2024-10-20,-1.0
7327,AI,energy usage,2024-10-20,,2024-11-19,-1.0
7328,AI,energy usage,2024-08-21,,2024-09-20,-1.0
7329,AI,energy usage,2024-11-19,,2024-12-19,-1.0
7330,AI,energy footprint,2026-01-13,,2026-02-12,-1.0
7331,AI,energy footprint,2025-12-14,,2026-01-13,-1.0
7332,AI,energy footprint,2025-11-14,,2025-12-14,-1.0
7333,AI,energy impact,2023-01-29,,2023-02-28,-1.0
7334,AI,energy impact,2022-12-30,,2023-01-29,-1.0
7335,AI,energy impact,2022-11-30,,2022-12-30,-1.0
7336,AI,energy footprint,2025-08-16,,2025-09-15,-1.0
7337,AI,energy footprint,2025-07-17,,2025-08-16,-1.0
7338,AI,energy footprint,2025-06-17,,2025-07-17,-1.0
7339,AI,energy footprint,2025-10-15,,2025-11-14,-1.0
7340,AI,energy footprint,2025-09-15,,2025-10-15,-1.0
7341,AI,energy impact,2023-08-27,,2023-09-26,-1.0
7342,AI,energy impact,2023-07-28,,2023-08-27,-1.0
7343,AI,energy impact,2023-06-28,,2023-07-28,-1.0
7344,AI,energy impact,2023-10-26,,2023-11-25,-1.0
7345,AI,energy impact,2023-11-25,,2023-12-25,-1.0
7346,AI,energy impact,2023-09-26,,2023-10-26,-1.0
7347,AI,energy impact,2023-03-30,,2023-04-29,-1.0
7348,AI,energy impact,2023-02-28,,2023-03-30,-1.0
7349,AI,energy impact,2023-05-29,,2023-06-28,-1.0
7350,AI,energy impact,2023-04-29,,2023-05-29,-1.0
7351,AI,energy footprint,2024-05-23,,2024-06-22,-1.0
7352,AI,energy footprint,2024-04-23,,2024-05-23,-1.0
7353,AI,energy footprint,2024-06-22,,2024-07-22,-1.0
7354,AI,energy footprint,2024-03-24,,2024-04-23,-1.0
7355,AI,energy footprint,2024-08-21,,2024-09-20,-1.0
7356,AI,energy footprint,2024-07-22,,2024-08-21,-1.0
7357,AI,energy footprint,2023-12-25,,2024-01-24,-1.0
7358,AI,energy footprint,2023-11-25,,2023-12-25,-1.0
7359,AI,energy footprint,2024-01-24,,2024-02-23,-1.0
7360,AI,energy footprint,2024-02-23,,2024-03-24,-1.0
7361,AI,energy footprint,2025-03-19,,2025-04-18,-1.0
7362,AI,energy footprint,2025-02-17,,2025-03-19,-1.0
7363,AI,energy footprint,2025-04-18,,2025-05-18,-1.0
7364,AI,energy footprint,2025-01-18,,2025-02-17,-1.0
7365,AI,energy footprint,2025-05-18,,2025-06-17,-1.0
7366,AI,energy footprint,2024-10-20,,2024-11-19,-1.0
7367,AI,energy footprint,2024-09-20,,2024-10-20,-1.0
7368,AI,energy footprint,2024-11-19,,2024-12-19,-1.0
7369,AI,energy footprint,2024-12-19,,2025-01-18,-1.0
7370,AI,energy consumption,2025-11-14,,2025-12-14,-1.0
7371,AI,energy consumption,2025-10-15,,2025-11-14,-1.0
7372,AI,energy consumption,2025-12-14,,2026-01-13,-1.0
7373,AI,energy consumption,2025-09-15,,2025-10-15,-1.0
7374,AI,energy use,2022-11-30,,2022-12-30,-1.0
7375,AI,energy consumption,2026-01-13,,2026-02-12,-1.0
7376,AI,energy consumption,2025-06-17,,2025-07-17,-1.0
7377,AI,energy consumption,2025-05-18,,2025-06-17,-1.0
7378,AI,energy consumption,2025-07-17,,2025-08-16,-1.0
7379,AI,energy consumption,2025-04-18,,2025-05-18,-1.0
7380,AI,energy consumption,2025-08-16,,2025-09-15,-1.0
7381,AI,energy use,2023-06-28,,2023-07-28,-1.0
7382,AI,energy use,2023-05-29,,2023-06-28,-1.0
7383,AI,energy use,2023-04-29,,2023-05-29,-1.0
7384,AI,energy use,2023-08-27,,2023-09-26,-1.0
7385,AI,energy use,2023-09-26,,2023-10-26,-1.0
7386,AI,energy use,2023-07-28,,2023-08-27,-1.0
7387,AI,energy use,2023-01-29,,2023-02-28,-1.0
7388,AI,energy use,2022-12-30,,2023-01-29,-1.0
7389,AI,energy use,2023-02-28,,2023-03-30,-1.0
7390,AI,energy use,2023-03-30,,2023-04-29,-1.0
7391,AI,energy consumption,2024-03-24,,2024-04-23,-1.0
7392,AI,energy consumption,2024-04-23,,2024-05-23,-1.0
7393,AI,energy consumption,2024-02-23,,2024-03-24,-1.0
7394,AI,energy consumption,2024-01-24,,2024-02-23,-1.0
7395,AI,energy consumption,2024-06-22,,2024-07-22,-1.0
7396,AI,energy consumption,2024-05-23,,2024-06-22,-1.0
7397,AI,energy consumption,2023-10-26,,2023-11-25,-1.0
7398,AI,energy consumption,2023-11-25,,2023-12-25,-1.0
7399,AI,energy consumption,2023-09-26,,2023-10-26,-1.0
7400,AI,energy consumption,2023-12-25,,2024-01-24,-1.0
7401,AI,energy consumption,2025-01-18,,2025-02-17,-1.0
7402,AI,energy consumption,2024-12-19,,2025-01-18,-1.0
7403,AI,energy consumption,2025-02-17,,2025-03-19,-1.0
7404,AI,energy consumption,2024-11-19,,2024-12-19,-1.0
7405,AI,energy consumption,2025-03-19,,2025-04-18,-1.0
7406,AI,energy consumption,2024-08-21,,2024-09-20,-1.0
7407,AI,energy consumption,2024-09-20,,2024-10-20,-1.0
7408,AI,energy consumption,2024-07-22,,2024-08-21,-1.0
7409,AI,energy consumption,2024-10-20,,2024-11-19,-1.0
7410,AI,energy use,2025-11-14,,2025-12-14,-1.0
7411,AI,energy use,2025-12-14,,2026-01-13,-1.0
7412,AI,energy use,2025-10-15,,2025-11-14,-1.0
7413,AI,energy usage,2022-12-30,,2023-01-29,-1.0
7414,AI,energy usage,2022-11-30,,2022-12-30,-1.0
7415,AI,energy use,2026-01-13,,2026-02-12,-1.0
7416,AI,energy use,2025-06-17,,2025-07-17,-1.0
7417,AI,energy use,2025-07-17,,2025-08-16,-1.0
7418,AI,energy use,2025-05-18,,2025-06-17,-1.0
7419,AI,energy use,2025-09-15,,2025-10-15,-1.0
7420,AI,energy use,2025-08-16,,2025-09-15,-1.0
7421,AI,energy usage,2023-06-28,,2023-07-28,-1.0
7422,AI,energy usage,2023-07-28,,2023-08-27,-1.0
7423,AI,energy usage,2023-05-29,,2023-06-28,-1.0
7424,AI,energy usage,2023-09-26,,2023-10-26,-1.0
7425,AI,energy usage,2023-08-27,,2023-09-26,-1.0
7426,AI,energy usage,2023-01-29,,2023-02-28,-1.0
7427,AI,energy usage,2023-02-28,,2023-03-30,-1.0
7428,AI,energy usage,2023-04-29,,2023-05-29,-1.0
7429,AI,energy usage,2023-03-30,,2023-04-29,-1.0
7430,AI,energy use,2024-04-23,,2024-05-23,-1.0
7431,AI,energy use,2024-03-24,,2024-04-23,-1.0
7432,AI,energy use,2024-02-23,,2024-03-24,-1.0
7433,AI,energy use,2024-07-22,,2024-08-21,-1.0
7434,AI,energy use,2024-06-22,,2024-07-22,-1.0
7435,AI,energy use,2024-05-23,,2024-06-22,-1.0
7436,AI,energy use,2023-11-25,,2023-12-25,-1.0
7437,AI,energy use,2023-10-26,,2023-11-25,-1.0
7438,AI,energy use,2024-01-24,,2024-02-23,-1.0
7439,AI,energy use,2023-12-25,,2024-01-24,-1.0
7440,AI,energy use,2025-02-17,,2025-03-19,-1.0
7441,AI,energy use,2025-01-18,,2025-02-17,-1.0
7442,AI,energy use,2024-12-19,,2025-01-18,-1.0
7443,AI,energy use,2025-04-18,,2025-05-18,-1.0
7444,AI,energy use,2025-03-19,,2025-04-18,-1.0
7445,AI,energy use,2024-09-20,,2024-10-20,-1.0
7446,AI,energy use,2024-08-21,,2024-09-20,-1.0
7447,AI,energy use,2024-11-19,,2024-12-19,-1.0
7448,AI,energy use,2024-10-20,,2024-11-19,-1.0
7449,AI,carbon cost,2022-11-30,,2022-12-30,-1.0
7450,AI,carbon cost,2022-12-30,,2023-01-29,-1.0
7451,AI,carbon emission,2026-01-13,,2026-02-12,-1.0
7452,AI,carbon cost,2023-03-30,,2023-04-29,-1.0
7453,AI,carbon cost,2023-02-28,,2023-03-30,-1.0
7454,AI,carbon cost,2023-01-29,,2023-02-28,-1.0
7455,AI,carbon emission,2025-10-15,,2025-11-14,-1.0
7456,AI,carbon emission,2025-09-15,,2025-10-15,-1.0
7457,AI,carbon emission,2025-08-16,,2025-09-15,-1.0
7458,AI,carbon emission,2025-12-14,,2026-01-13,-1.0
7459,AI,carbon emission,2025-11-14,,2025-12-14,-1.0
7460,AI,carbon cost,2023-09-26,,2023-10-26,-1.0
7461,AI,carbon cost,2023-10-26,,2023-11-25,-1.0
7462,AI,carbon cost,2023-08-27,,2023-09-26,-1.0
7463,AI,carbon cost,2023-12-25,,2024-01-24,-1.0
7464,AI,carbon cost,2023-11-25,,2023-12-25,-1.0
7465,AI,carbon cost,2024-01-24,,2024-02-23,-1.0
7466,AI,carbon cost,2023-04-29,,2023-05-29,-1.0
7467,AI,carbon cost,2023-05-29,,2023-06-28,-1.0
7468,AI,carbon cost,2023-07-28,,2023-08-27,-1.0
7469,AI,carbon cost,2023-06-28,,2023-07-28,-1.0
7470,AI,carbon emission,2024-07-22,,2024-08-21,-1.0
7471,AI,carbon emission,2024-06-22,,2024-07-22,-1.0
7472,AI,carbon emission,2024-05-23,,2024-06-22,-1.0
7473,AI,carbon emission,2024-10-20,,2024-11-19,-1.0
7474,AI,carbon emission,2024-09-20,,2024-10-20,-1.0
7475,AI,carbon emission,2024-08-21,,2024-09-20,-1.0
7476,AI,carbon emission,2024-02-23,,2024-03-24,-1.0
7477,AI,carbon emission,2024-01-24,,2024-02-23,-1.0
7478,AI,carbon emission,2023-12-25,,2024-01-24,-1.0
7479,AI,carbon emission,2024-04-23,,2024-05-23,-1.0
7480,AI,carbon emission,2024-03-24,,2024-04-23,-1.0
7481,AI,carbon emission,2025-05-18,,2025-06-17,-1.0
7482,AI,carbon emission,2025-04-18,,2025-05-18,-1.0
7483,AI,carbon emission,2025-03-19,,2025-04-18,-1.0
7484,AI,carbon emission,2025-07-17,,2025-08-16,-1.0
7485,AI,carbon emission,2025-06-17,,2025-07-17,-1.0
7486,AI,carbon emission,2024-12-19,,2025-01-18,-1.0
7487,AI,carbon emission,2024-11-19,,2024-12-19,-1.0
7488,AI,carbon emission,2025-02-17,,2025-03-19,-1.0
7489,AI,carbon emission,2025-01-18,,2025-02-17,-1.0
7490,AI,carbon imapct,2022-12-30,,2023-01-29,-1.0
7491,AI,carbon imapct,2023-01-29,,2023-02-28,-1.0
7492,AI,carbon imapct,2022-11-30,,2022-12-30,-1.0
7493,AI,carbon cost,2026-01-13,,2026-02-12,-1.0
7494,AI,carbon imapct,2023-03-30,,2023-04-29,-1.0
7495,AI,carbon imapct,2023-02-28,,2023-03-30,-1.0
7496,AI,carbon cost,2025-10-15,,2025-11-14,-1.0
7497,AI,carbon cost,2025-11-14,,2025-12-14,-1.0
7498,AI,carbon cost,2025-09-15,,2025-10-15,-1.0
7499,AI,carbon cost,2025-08-16,,2025-09-15,-1.0
7500,AI,carbon cost,2025-12-14,,2026-01-13,-1.0
7501,AI,carbon imapct,2023-10-26,,2023-11-25,-1.0
7502,AI,carbon imapct,2023-11-25,,2023-12-25,-1.0
7503,AI,carbon imapct,2023-09-26,,2023-10-26,-1.0
7504,AI,carbon imapct,2023-08-27,,2023-09-26,-1.0
7505,AI,carbon imapct,2023-12-25,,2024-01-24,-1.0
7506,AI,carbon imapct,2023-05-29,,2023-06-28,-1.0
7507,AI,carbon imapct,2023-06-28,,2023-07-28,-1.0
7508,AI,carbon imapct,2023-04-29,,2023-05-29,-1.0
7509,AI,carbon imapct,2023-07-28,,2023-08-27,-1.0
7510,AI,carbon cost,2024-07-22,,2024-08-21,-1.0
7511,AI,carbon cost,2024-08-21,,2024-09-20,-1.0
7512,AI,carbon cost,2024-06-22,,2024-07-22,-1.0
7513,AI,carbon cost,2024-11-19,,2024-12-19,-1.0
7514,AI,carbon cost,2024-10-20,,2024-11-19,-1.0
7515,AI,carbon cost,2024-09-20,,2024-10-20,-1.0
7516,AI,carbon cost,2024-02-23,,2024-03-24,-1.0
7517,AI,carbon cost,2024-03-24,,2024-04-23,-1.0
7518,AI,carbon cost,2024-05-23,,2024-06-22,-1.0
7519,AI,carbon cost,2024-04-23,,2024-05-23,-1.0
7520,AI,carbon cost,2025-05-18,,2025-06-17,-1.0
7521,AI,carbon cost,2025-06-17,,2025-07-17,-1.0
7522,AI,carbon cost,2025-04-18,,2025-05-18,-1.0
7523,AI,carbon cost,2025-03-19,,2025-04-18,-1.0
7524,AI,carbon cost,2025-07-17,,2025-08-16,-1.0
7525,AI,carbon cost,2024-12-19,,2025-01-18,-1.0
7526,AI,carbon cost,2025-01-18,,2025-02-17,-1.0
7527,AI,carbon cost,2025-02-17,,2025-03-19,-1.0
7528,AI,energy impact,2026-01-13,,2026-02-12,-1.0
7529,AI,energy cost,2022-11-30,,2022-12-30,-1.0
7530,AI,energy impact,2025-12-14,,2026-01-13,-1.0
7531,AI,energy cost,2023-01-29,,2023-02-28,-1.0
7532,AI,energy cost,2022-12-30,,2023-01-29,-1.0
7533,AI,energy impact,2025-08-16,,2025-09-15,-1.0
7534,AI,energy impact,2025-09-15,,2025-10-15,-1.0
7535,AI,energy impact,2025-07-17,,2025-08-16,-1.0
7536,AI,energy impact,2025-11-14,,2025-12-14,-1.0
7537,AI,energy impact,2025-10-15,,2025-11-14,-1.0
7538,AI,energy cost,2023-02-28,,2023-03-30,-1.0
7539,AI,energy cost,2023-08-27,,2023-09-26,-1.0
7540,AI,energy cost,2023-09-26,,2023-10-26,-1.0
7541,AI,energy cost,2023-07-28,,2023-08-27,-1.0
7542,AI,energy cost,2023-06-28,,2023-07-28,-1.0
7543,AI,energy cost,2023-11-25,,2023-12-25,-1.0
7544,AI,energy cost,2023-10-26,,2023-11-25,-1.0
7545,AI,energy cost,2023-03-30,,2023-04-29,-1.0
7546,AI,energy cost,2023-04-29,,2023-05-29,-1.0
7547,AI,energy cost,2023-05-29,,2023-06-28,-1.0
7548,AI,energy impact,2024-05-23,,2024-06-22,-1.0
7549,AI,energy impact,2024-06-22,,2024-07-22,-1.0
7550,AI,energy impact,2024-04-23,,2024-05-23,-1.0
7551,AI,energy impact,2024-09-20,,2024-10-20,-1.0
7552,AI,energy impact,2024-08-21,,2024-09-20,-1.0
7553,AI,energy impact,2024-07-22,,2024-08-21,-1.0
7554,AI,energy impact,2023-12-25,,2024-01-24,-1.0
7555,AI,energy impact,2024-01-24,,2024-02-23,-1.0
7556,AI,energy impact,2024-03-24,,2024-04-23,-1.0
7557,AI,energy impact,2024-02-23,,2024-03-24,-1.0
7558,AI,energy impact,2025-03-19,,2025-04-18,-1.0
7559,AI,energy impact,2025-04-18,,2025-05-18,-1.0
7560,AI,energy impact,2025-02-17,,2025-03-19,-1.0
7561,AI,energy impact,2025-06-17,,2025-07-17,-1.0
7562,AI,energy impact,2025-05-18,,2025-06-17,-1.0
7563,AI,energy impact,2024-10-20,,2024-11-19,-1.0
7564,AI,energy impact,2024-11-19,,2024-12-19,-1.0
7565,AI,energy impact,2025-01-18,,2025-02-17,-1.0
7566,AI,energy impact,2024-12-19,,2025-01-18,-1.0
7567,AI,carbon emission,2022-11-30,,2022-12-30,-1.0
7568,AI,energy cost,2026-01-13,,2026-02-12,-1.0
7569,AI,carbon emission,2022-12-30,,2023-01-29,-1.0
7570,AI,energy cost,2025-12-14,,2026-01-13,-1.0
7571,AI,carbon emission,2023-02-28,,2023-03-30,-1.0
7572,AI,carbon emission,2023-01-29,,2023-02-28,-1.0
7573,AI,energy cost,2025-09-15,,2025-10-15,-1.0
7574,AI,energy cost,2025-08-16,,2025-09-15,-1.0
7575,AI,energy cost,2025-10-15,,2025-11-14,-1.0
7576,AI,energy cost,2025-07-17,,2025-08-16,-1.0
7577,AI,energy cost,2025-11-14,,2025-12-14,-1.0
7578,AI,carbon emission,2023-09-26,,2023-10-26,-1.0
7579,AI,carbon emission,2023-08-27,,2023-09-26,-1.0
7580,AI,carbon emission,2023-10-26,,2023-11-25,-1.0
7581,AI,carbon emission,2023-07-28,,2023-08-27,-1.0
7582,AI,carbon emission,2023-11-25,,2023-12-25,-1.0
7583,AI,carbon emission,2023-04-29,,2023-05-29,-1.0
7584,AI,carbon emission,2023-03-30,,2023-04-29,-1.0
7585,AI,carbon emission,2023-05-29,,2023-06-28,-1.0
7586,AI,carbon emission,2023-06-28,,2023-07-28,-1.0
7587,AI,energy cost,2024-06-22,,2024-07-22,-1.0
7588,AI,energy cost,2024-07-22,,2024-08-21,-1.0
7589,AI,energy cost,2024-05-23,,2024-06-22,-1.0
7590,AI,energy cost,2024-04-23,,2024-05-23,-1.0
7591,AI,energy cost,2024-09-20,,2024-10-20,-1.0
7592,AI,energy cost,2024-08-21,,2024-09-20,-1.0
7593,AI,energy cost,2024-01-24,,2024-02-23,-1.0
7594,AI,energy cost,2024-02-23,,2024-03-24,-1.0
7595,AI,energy cost,2023-12-25,,2024-01-24,-1.0
7596,AI,energy cost,2024-03-24,,2024-04-23,-1.0
7597,AI,energy cost,2025-04-18,,2025-05-18,-1.0
7598,AI,energy cost,2025-03-19,,2025-04-18,-1.0
7599,AI,energy cost,2025-05-18,,2025-06-17,-1.0
7600,AI,energy cost,2025-02-17,,2025-03-19,-1.0
7601,AI,energy cost,2025-06-17,,2025-07-17,-1.0
7602,AI,energy cost,2024-11-19,,2024-12-19,-1.0
7603,AI,energy cost,2024-12-19,,2025-01-18,-1.0
7604,AI,energy cost,2024-10-20,,2024-11-19,-1.0
7605,AI,energy cost,2025-01-18,,2025-02-17,-1.0
7606,ChatGPT,water effect,2023-12-25,,2024-01-24,-1.0
7607,ChatGPT,water effect,2023-11-25,,2023-12-25,-1.0
7608,ChatGPT,water effect,2023-10-26,,2023-11-25,-1.0
7609,ChatGPT,water effect,2024-02-23,,2024-03-24,-1.0
7610,ChatGPT,water effect,2024-03-24,,2024-04-23,-1.0
7611,ChatGPT,water effect,2024-01-24,,2024-02-23,-1.0
7612,ChatGPT,water harm,2025-01-18,,2025-02-17,-1.0
7613,ChatGPT,water effect,2023-07-28,,2023-08-27,-1.0
7614,ChatGPT,water effect,2023-06-28,,2023-07-28,-1.0
7615,ChatGPT,water effect,2023-05-29,,2023-06-28,-1.0
7616,ChatGPT,water effect,2023-09-26,,2023-10-26,-1.0
7617,ChatGPT,water effect,2023-08-27,,2023-09-26,-1.0
7618,ChatGPT,water effect,2024-10-20,,2024-11-19,-1.0
7619,ChatGPT,water effect,2024-09-20,,2024-10-20,-1.0
7620,ChatGPT,water effect,2024-08-21,,2024-09-20,-1.0
7621,ChatGPT,water effect,2024-12-19,,2025-01-18,-1.0
7622,ChatGPT,water effect,2025-01-18,,2025-02-17,-1.0
7623,ChatGPT,water effect,2024-11-19,,2024-12-19,-1.0
7624,ChatGPT,water effect,2024-05-23,,2024-06-22,-1.0
7625,ChatGPT,water effect,2024-04-23,,2024-05-23,-1.0
7626,ChatGPT,water effect,2024-07-22,,2024-08-21,-1.0
7627,ChatGPT,water effect,2024-06-22,,2024-07-22,-1.0
7628,ChatGPT,water impact,2025-07-17,,2025-08-16,-1.0
7629,ChatGPT,water impact,2025-06-17,,2025-07-17,-1.0
7630,ChatGPT,water impact,2025-08-16,,2025-09-15,-1.0
7631,ChatGPT,water impact,2025-05-18,,2025-06-17,-1.0
7632,ChatGPT,water impact,2025-10-15,,2025-11-14,-1.0
7633,ChatGPT,water impact,2025-09-15,,2025-10-15,-1.0
7634,ChatGPT,water impact,2025-02-17,,2025-03-19,-1.0
7635,ChatGPT,water impact,2025-01-18,,2025-02-17,-1.0
7636,ChatGPT,water impact,2025-03-19,,2025-04-18,-1.0
7637,ChatGPT,water impact,2024-12-19,,2025-01-18,-1.0
7638,ChatGPT,water impact,2025-04-18,,2025-05-18,-1.0
7639,ChatGPT,water effect,2023-02-28,,2023-03-30,-1.0
7640,ChatGPT,water effect,2023-01-29,,2023-02-28,-1.0
7641,ChatGPT,water effect,2022-12-30,,2023-01-29,-1.0
7642,ChatGPT,water effect,2023-04-29,,2023-05-29,-1.0
7643,ChatGPT,water effect,2023-03-30,,2023-04-29,-1.0
7644,ChatGPT,water impact,2025-12-14,,2026-01-13,-1.0
7645,ChatGPT,water impact,2025-11-14,,2025-12-14,-1.0
7646,ChatGPT,water impact,2026-01-13,,2026-02-12,-1.0
7647,ChatGPT,water effect,2022-11-30,,2022-12-30,-1.0
7648,ChatGPT,water harm,2023-12-25,,2024-01-24,-1.0
7649,ChatGPT,water harm,2024-01-24,,2024-02-23,-1.0
7650,ChatGPT,water harm,2023-11-25,,2023-12-25,-1.0
7651,ChatGPT,water harm,2024-03-24,,2024-04-23,-1.0
7652,ChatGPT,water harm,2024-02-23,,2024-03-24,-1.0
7653,ChatGPT,water harm,2023-07-28,,2023-08-27,-1.0
7654,ChatGPT,water harm,2023-08-27,,2023-09-26,-1.0
7655,ChatGPT,water harm,2023-10-26,,2023-11-25,-1.0
7656,ChatGPT,water harm,2023-06-28,,2023-07-28,-1.0
7657,ChatGPT,water harm,2023-09-26,,2023-10-26,-1.0
7658,ChatGPT,water harm,2024-10-20,,2024-11-19,-1.0
7659,ChatGPT,water harm,2024-11-19,,2024-12-19,-1.0
7660,ChatGPT,water harm,2024-09-20,,2024-10-20,-1.0
7661,ChatGPT,water harm,2024-08-21,,2024-09-20,-1.0
7662,ChatGPT,water harm,2024-12-19,,2025-01-18,-1.0
7663,ChatGPT,water harm,2024-05-23,,2024-06-22,-1.0
7664,ChatGPT,water harm,2024-06-22,,2024-07-22,-1.0
7665,ChatGPT,water harm,2024-04-23,,2024-05-23,-1.0
7666,ChatGPT,water harm,2024-07-22,,2024-08-21,-1.0
7667,ChatGPT,water effect,2025-07-17,,2025-08-16,-1.0
7668,ChatGPT,water effect,2025-08-16,,2025-09-15,-1.0
7669,ChatGPT,water effect,2025-06-17,,2025-07-17,-1.0
7670,ChatGPT,water effect,2025-11-14,,2025-12-14,-1.0
7671,ChatGPT,water effect,2025-10-15,,2025-11-14,-1.0
7672,ChatGPT,water effect,2025-09-15,,2025-10-15,-1.0
7673,ChatGPT,water effect,2025-02-17,,2025-03-19,-1.0
7674,ChatGPT,water effect,2025-03-19,,2025-04-18,-1.0
7675,ChatGPT,water effect,2025-05-18,,2025-06-17,-1.0
7676,ChatGPT,water effect,2025-04-18,,2025-05-18,-1.0
7677,ChatGPT,water harm,2023-02-28,,2023-03-30,-1.0
7678,ChatGPT,water harm,2023-03-30,,2023-04-29,-1.0
7679,ChatGPT,water harm,2023-01-29,,2023-02-28,-1.0
7680,ChatGPT,water harm,2023-05-29,,2023-06-28,-1.0
7681,ChatGPT,water harm,2023-04-29,,2023-05-29,-1.0
7682,ChatGPT,water effect,2025-12-14,,2026-01-13,-1.0
7683,ChatGPT,water effect,2026-01-13,,2026-02-12,-1.0
7684,ChatGPT,water harm,2022-12-30,,2023-01-29,-1.0
7685,ChatGPT,water harm,2022-11-30,,2022-12-30,-1.0
7686,ChatGPT,water footprint,2023-10-26,,2023-11-25,-1.0
7687,ChatGPT,water footprint,2023-11-25,,2023-12-25,-1.0
7688,ChatGPT,water footprint,2023-09-26,,2023-10-26,-1.0
7689,ChatGPT,water footprint,2024-02-23,,2024-03-24,-1.0
7690,ChatGPT,water footprint,2024-01-24,,2024-02-23,-1.0
7691,ChatGPT,water footprint,2023-12-25,,2024-01-24,-1.0
7692,ChatGPT,water footprint,2023-05-29,,2023-06-28,-1.0
7693,ChatGPT,water footprint,2023-06-28,,2023-07-28,-1.0
7694,ChatGPT,water footprint,2023-04-29,,2023-05-29,-1.0
7695,ChatGPT,water footprint,2023-08-27,,2023-09-26,-1.0
7696,ChatGPT,water footprint,2023-07-28,,2023-08-27,-1.0
7697,ChatGPT,water footprint,2024-08-21,,2024-09-20,-1.0
7698,ChatGPT,water footprint,2024-09-20,,2024-10-20,-1.0
7699,ChatGPT,water footprint,2024-07-22,,2024-08-21,-1.0
7700,ChatGPT,water footprint,2024-11-19,,2024-12-19,-1.0
7701,ChatGPT,water footprint,2024-10-20,,2024-11-19,-1.0
7702,ChatGPT,water footprint,2024-12-19,,2025-01-18,-1.0
7703,ChatGPT,water footprint,2024-03-24,,2024-04-23,-1.0
7704,ChatGPT,water footprint,2024-04-23,,2024-05-23,-1.0
7705,ChatGPT,water footprint,2024-06-22,,2024-07-22,-1.0
7706,ChatGPT,water footprint,2024-05-23,,2024-06-22,-1.0
7707,ChatGPT,water usage,2025-06-17,,2025-07-17,-1.0
7708,ChatGPT,water usage,2025-05-18,,2025-06-17,-1.0
7709,ChatGPT,water usage,2025-04-18,,2025-05-18,-1.0
7710,ChatGPT,water usage,2025-09-15,,2025-10-15,-1.0
7711,ChatGPT,water usage,2025-08-16,,2025-09-15,-1.0
7712,ChatGPT,water usage,2025-07-17,,2025-08-16,-1.0
7713,ChatGPT,water usage,2025-01-18,,2025-02-17,-1.0
7714,ChatGPT,water usage,2024-12-19,,2025-01-18,-1.0
7715,ChatGPT,water usage,2024-11-19,,2024-12-19,-1.0
7716,ChatGPT,water usage,2025-03-19,,2025-04-18,-1.0
7717,ChatGPT,water usage,2025-02-17,,2025-03-19,-1.0
7718,ChatGPT,water footprint,2022-12-30,,2023-01-29,-1.0
7719,ChatGPT,water footprint,2023-01-29,,2023-02-28,-1.0
7720,ChatGPT,water footprint,2022-11-30,,2022-12-30,-1.0
7721,ChatGPT,water footprint,2023-03-30,,2023-04-29,-1.0
7722,ChatGPT,water footprint,2023-02-28,,2023-03-30,-1.0
7723,ChatGPT,water usage,2025-11-14,,2025-12-14,-1.0
7724,ChatGPT,water usage,2025-10-15,,2025-11-14,-1.0
7725,ChatGPT,water usage,2026-01-13,,2026-02-12,-1.0
7726,ChatGPT,water usage,2025-12-14,,2026-01-13,-1.0
7727,ChatGPT,water impact,2023-11-25,,2023-12-25,-1.0
7728,ChatGPT,water impact,2023-12-25,,2024-01-24,-1.0
7729,ChatGPT,water impact,2023-10-26,,2023-11-25,-1.0
7730,ChatGPT,water impact,2023-09-26,,2023-10-26,-1.0
7731,ChatGPT,water impact,2024-02-23,,2024-03-24,-1.0
7732,ChatGPT,water impact,2024-01-24,,2024-02-23,-1.0
7733,ChatGPT,water impact,2023-06-28,,2023-07-28,-1.0
7734,ChatGPT,water impact,2023-07-28,,2023-08-27,-1.0
7735,ChatGPT,water impact,2023-05-29,,2023-06-28,-1.0
7736,ChatGPT,water impact,2023-04-29,,2023-05-29,-1.0
7737,ChatGPT,water impact,2023-08-27,,2023-09-26,-1.0
7738,ChatGPT,water impact,2024-09-20,,2024-10-20,-1.0
7739,ChatGPT,water impact,2024-08-21,,2024-09-20,-1.0
7740,ChatGPT,water impact,2024-10-20,,2024-11-19,-1.0
7741,ChatGPT,water impact,2024-07-22,,2024-08-21,-1.0
7742,ChatGPT,water impact,2024-11-19,,2024-12-19,-1.0
7743,ChatGPT,water impact,2024-04-23,,2024-05-23,-1.0
7744,ChatGPT,water impact,2024-03-24,,2024-04-23,-1.0
7745,ChatGPT,water impact,2024-05-23,,2024-06-22,-1.0
7746,ChatGPT,water impact,2024-06-22,,2024-07-22,-1.0
7747,ChatGPT,water footprint,2025-06-17,,2025-07-17,-1.0
7748,ChatGPT,water footprint,2025-07-17,,2025-08-16,-1.0
7749,ChatGPT,water footprint,2025-05-18,,2025-06-17,-1.0
7750,ChatGPT,water footprint,2025-09-15,,2025-10-15,-1.0
7751,ChatGPT,water footprint,2025-08-16,,2025-09-15,-1.0
7752,ChatGPT,water footprint,2025-04-18,,2025-05-18,-1.0
7753,ChatGPT,water footprint,2025-01-18,,2025-02-17,-1.0
7754,ChatGPT,water footprint,2025-02-17,,2025-03-19,-1.0
7755,ChatGPT,water footprint,2025-03-19,,2025-04-18,-1.0
7756,ChatGPT,water impact,2023-01-29,,2023-02-28,-1.0
7757,ChatGPT,water impact,2023-02-28,,2023-03-30,-1.0
7758,ChatGPT,water impact,2022-12-30,,2023-01-29,-1.0
7759,ChatGPT,water impact,2022-11-30,,2022-12-30,-1.0
7760,ChatGPT,water impact,2023-03-30,,2023-04-29,-1.0
7761,ChatGPT,water footprint,2025-11-14,,2025-12-14,-1.0
7762,ChatGPT,water footprint,2025-12-14,,2026-01-13,-1.0
7763,ChatGPT,water footprint,2025-10-15,,2025-11-14,-1.0
7764,ChatGPT,water footprint,2026-01-13,,2026-02-12,-1.0
7765,ChatGPT,environment footprint,2024-02-23,,2024-03-24,-1.0
7766,ChatGPT,environment footprint,2024-03-24,,2024-04-23,-1.0
7767,ChatGPT,environment footprint,2024-01-24,,2024-02-23,-1.0
7768,ChatGPT,environment footprint,2023-12-25,,2024-01-24,-1.0
7769,ChatGPT,environment footprint,2024-05-23,,2024-06-22,-1.0
7770,ChatGPT,environment footprint,2024-04-23,,2024-05-23,-1.0
7771,ChatGPT,environment footprint,2023-09-26,,2023-10-26,-1.0
7772,ChatGPT,environment footprint,2023-10-26,,2023-11-25,-1.0
7773,ChatGPT,environment footprint,2023-08-27,,2023-09-26,-1.0
7774,ChatGPT,environment footprint,2023-07-28,,2023-08-27,-1.0
7775,ChatGPT,environment footprint,2023-11-25,,2023-12-25,-1.0
7776,ChatGPT,environment footprint,2024-12-19,,2025-01-18,-1.0
7777,ChatGPT,environment footprint,2024-11-19,,2024-12-19,-1.0
7778,ChatGPT,environment footprint,2025-01-18,,2025-02-17,-1.0
7779,ChatGPT,environment footprint,2024-10-20,,2024-11-19,-1.0
7780,ChatGPT,environment footprint,2025-02-17,,2025-03-19,-1.0
7781,ChatGPT,environment footprint,2025-03-19,,2025-04-18,-1.0
7782,ChatGPT,environment footprint,2024-07-22,,2024-08-21,-1.0
7783,ChatGPT,environment footprint,2024-08-21,,2024-09-20,-1.0
7784,ChatGPT,environment footprint,2024-06-22,,2024-07-22,-1.0
7785,ChatGPT,environment footprint,2024-09-20,,2024-10-20,-1.0
7786,ChatGPT,sustainability,2025-09-15,,2025-10-15,-1.0
7787,ChatGPT,sustainability,2025-10-15,,2025-11-14,-1.0
7788,ChatGPT,sustainability,2025-08-16,,2025-09-15,-1.0
7789,ChatGPT,sustainability,2025-12-14,,2026-01-13,-1.0
7790,ChatGPT,sustainability,2025-11-14,,2025-12-14,-1.0
7791,ChatGPT,sustainability,2025-04-18,,2025-05-18,-1.0
7792,ChatGPT,sustainability,2025-05-18,,2025-06-17,-1.0
7793,ChatGPT,sustainability,2025-03-19,,2025-04-18,-1.0
7794,ChatGPT,sustainability,2025-07-17,,2025-08-16,-1.0
7795,ChatGPT,sustainability,2025-06-17,,2025-07-17,-1.0
7796,ChatGPT,environment footprint,2023-04-29,,2023-05-29,-1.0
7797,ChatGPT,environment footprint,2023-05-29,,2023-06-28,-1.0
7798,ChatGPT,environment footprint,2023-03-30,,2023-04-29,-1.0
7799,ChatGPT,environment footprint,2023-02-28,,2023-03-30,-1.0
7800,ChatGPT,sustainability,2026-01-13,,2026-02-12,-1.0
7801,ChatGPT,environment footprint,2023-06-28,,2023-07-28,-1.0
7802,ChatGPT,environment footprint,2022-11-30,,2022-12-30,-1.0
7803,ChatGPT,environment footprint,2022-12-30,,2023-01-29,-1.0
7804,ChatGPT,environment footprint,2023-01-29,,2023-02-28,-1.0
7805,ChatGPT,environment impact,2024-03-24,,2024-04-23,-1.0
7806,ChatGPT,environment impact,2024-02-23,,2024-03-24,-1.0
7807,ChatGPT,environment impact,2024-01-24,,2024-02-23,-1.0
7808,ChatGPT,environment impact,2024-06-22,,2024-07-22,-1.0
7809,ChatGPT,environment impact,2024-05-23,,2024-06-22,-1.0
7810,ChatGPT,environment impact,2024-04-23,,2024-05-23,-1.0
7811,ChatGPT,environment impact,2023-10-26,,2023-11-25,-1.0
7812,ChatGPT,environment impact,2023-09-26,,2023-10-26,-1.0
7813,ChatGPT,environment impact,2023-08-27,,2023-09-26,-1.0
7814,ChatGPT,environment impact,2023-12-25,,2024-01-24,-1.0
7815,ChatGPT,environment impact,2023-11-25,,2023-12-25,-1.0
7816,ChatGPT,environment impact,2025-01-18,,2025-02-17,-1.0
7817,ChatGPT,environment impact,2024-12-19,,2025-01-18,-1.0
7818,ChatGPT,environment impact,2024-11-19,,2024-12-19,-1.0
7819,ChatGPT,environment impact,2025-03-19,,2025-04-18,-1.0
7820,ChatGPT,environment impact,2025-04-18,,2025-05-18,-1.0
7821,ChatGPT,environment impact,2025-02-17,,2025-03-19,-1.0
7822,ChatGPT,environment impact,2024-08-21,,2024-09-20,-1.0
7823,ChatGPT,environment impact,2024-07-22,,2024-08-21,-1.0
7824,ChatGPT,environment impact,2024-10-20,,2024-11-19,-1.0
7825,ChatGPT,environment impact,2024-09-20,,2024-10-20,-1.0
7826,ChatGPT,environment footprint,2025-10-15,,2025-11-14,-1.0
7827,ChatGPT,environment footprint,2025-09-15,,2025-10-15,-1.0
7828,ChatGPT,environment footprint,2025-11-14,,2025-12-14,-1.0
7829,ChatGPT,environment footprint,2025-08-16,,2025-09-15,-1.0
7830,ChatGPT,environment footprint,2026-01-13,,2026-02-12,-1.0
7831,ChatGPT,environment footprint,2025-12-14,,2026-01-13,-1.0
7832,ChatGPT,environment footprint,2025-05-18,,2025-06-17,-1.0
7833,ChatGPT,environment footprint,2025-04-18,,2025-05-18,-1.0
7834,ChatGPT,environment footprint,2025-06-17,,2025-07-17,-1.0
7835,ChatGPT,environment footprint,2025-07-17,,2025-08-16,-1.0
7836,ChatGPT,environment impact,2023-05-29,,2023-06-28,-1.0
7837,ChatGPT,environment impact,2023-04-29,,2023-05-29,-1.0
7838,ChatGPT,environment impact,2023-06-28,,2023-07-28,-1.0
7839,ChatGPT,environment impact,2023-03-30,,2023-04-29,-1.0
7840,ChatGPT,environment impact,2023-07-28,,2023-08-27,-1.0
7841,ChatGPT,environment impact,2022-12-30,,2023-01-29,-1.0
7842,ChatGPT,environment impact,2022-11-30,,2022-12-30,-1.0
7843,ChatGPT,environment impact,2023-01-29,,2023-02-28,-1.0
7844,ChatGPT,environment impact,2023-02-28,,2023-03-30,-1.0
7845,ChatGPT,water cost,2024-01-24,,2024-02-23,-1.0
7846,ChatGPT,water cost,2023-12-25,,2024-01-24,-1.0
7847,ChatGPT,water cost,2024-02-23,,2024-03-24,-1.0
7848,ChatGPT,water cost,2023-11-25,,2023-12-25,-1.0
7849,ChatGPT,water cost,2024-04-23,,2024-05-23,-1.0
7850,ChatGPT,water cost,2024-03-24,,2024-04-23,-1.0
7851,ChatGPT,water cost,2023-08-27,,2023-09-26,-1.0
7852,ChatGPT,water cost,2023-07-28,,2023-08-27,-1.0
7853,ChatGPT,water cost,2023-09-26,,2023-10-26,-1.0
7854,ChatGPT,water cost,2023-06-28,,2023-07-28,-1.0
7855,ChatGPT,water cost,2023-10-26,,2023-11-25,-1.0
7856,ChatGPT,water cost,2024-11-19,,2024-12-19,-1.0
7857,ChatGPT,water cost,2024-10-20,,2024-11-19,-1.0
7858,ChatGPT,water cost,2024-09-20,,2024-10-20,-1.0
7859,ChatGPT,water cost,2024-12-19,,2025-01-18,-1.0
7860,ChatGPT,water cost,2025-01-18,,2025-02-17,-1.0
7861,ChatGPT,water cost,2025-02-17,,2025-03-19,-1.0
7862,ChatGPT,water cost,2024-06-22,,2024-07-22,-1.0
7863,ChatGPT,water cost,2024-05-23,,2024-06-22,-1.0
7864,ChatGPT,water cost,2024-07-22,,2024-08-21,-1.0
7865,ChatGPT,water cost,2024-08-21,,2024-09-20,-1.0
7866,ChatGPT,water harm,2025-08-16,,2025-09-15,-1.0
7867,ChatGPT,water harm,2025-09-15,,2025-10-15,-1.0
7868,ChatGPT,water harm,2025-07-17,,2025-08-16,-1.0
7869,ChatGPT,water harm,2025-06-17,,2025-07-17,-1.0
7870,ChatGPT,water harm,2025-11-14,,2025-12-14,-1.0
7871,ChatGPT,water harm,2025-10-15,,2025-11-14,-1.0
7872,ChatGPT,water harm,2025-03-19,,2025-04-18,-1.0
7873,ChatGPT,water harm,2025-04-18,,2025-05-18,-1.0
7874,ChatGPT,water harm,2025-02-17,,2025-03-19,-1.0
7875,ChatGPT,water harm,2025-05-18,,2025-06-17,-1.0
7876,ChatGPT,water cost,2023-03-30,,2023-04-29,-1.0
7877,ChatGPT,water cost,2023-02-28,,2023-03-30,-1.0
7878,ChatGPT,water cost,2023-04-29,,2023-05-29,-1.0
7879,ChatGPT,water cost,2023-01-29,,2023-02-28,-1.0
7880,ChatGPT,water cost,2023-05-29,,2023-06-28,-1.0
7881,ChatGPT,water harm,2026-01-13,,2026-02-12,-1.0
7882,ChatGPT,water cost,2022-11-30,,2022-12-30,-1.0
7883,ChatGPT,water harm,2025-12-14,,2026-01-13,-1.0
7884,ChatGPT,water cost,2022-12-30,,2023-01-29,-1.0
7885,ChatGPT,sustainability,2024-01-24,,2024-02-23,-1.0
7886,ChatGPT,sustainability,2024-02-23,,2024-03-24,-1.0
7887,ChatGPT,sustainability,2023-12-25,,2024-01-24,-1.0
7888,ChatGPT,sustainability,2024-05-23,,2024-06-22,-1.0
7889,ChatGPT,sustainability,2024-04-23,,2024-05-23,-1.0
7890,ChatGPT,sustainability,2024-03-24,,2024-04-23,-1.0
7891,ChatGPT,sustainability,2023-08-27,,2023-09-26,-1.0
7892,ChatGPT,sustainability,2023-09-26,,2023-10-26,-1.0
7893,ChatGPT,sustainability,2023-07-28,,2023-08-27,-1.0
7894,ChatGPT,sustainability,2023-11-25,,2023-12-25,-1.0
7895,ChatGPT,sustainability,2023-10-26,,2023-11-25,-1.0
7896,ChatGPT,sustainability,2024-11-19,,2024-12-19,-1.0
7897,ChatGPT,sustainability,2024-12-19,,2025-01-18,-1.0
7898,ChatGPT,sustainability,2024-10-20,,2024-11-19,-1.0
7899,ChatGPT,sustainability,2025-02-17,,2025-03-19,-1.0
7900,ChatGPT,sustainability,2025-01-18,,2025-02-17,-1.0
7901,ChatGPT,sustainability,2024-06-22,,2024-07-22,-1.0
7902,ChatGPT,sustainability,2024-07-22,,2024-08-21,-1.0
7903,ChatGPT,sustainability,2024-09-20,,2024-10-20,-1.0
7904,ChatGPT,sustainability,2024-08-21,,2024-09-20,-1.0
7905,ChatGPT,water cost,2025-09-15,,2025-10-15,-1.0
7906,ChatGPT,water cost,2025-08-16,,2025-09-15,-1.0
7907,ChatGPT,water cost,2025-07-17,,2025-08-16,-1.0
7908,ChatGPT,water cost,2025-12-14,,2026-01-13,-1.0
7909,ChatGPT,water cost,2025-11-14,,2025-12-14,-1.0
7910,ChatGPT,water cost,2025-10-15,,2025-11-14,-1.0
7911,ChatGPT,water cost,2025-04-18,,2025-05-18,-1.0
7912,ChatGPT,water cost,2025-03-19,,2025-04-18,-1.0
7913,ChatGPT,water cost,2025-06-17,,2025-07-17,-1.0
7914,ChatGPT,water cost,2025-05-18,,2025-06-17,-1.0
7915,ChatGPT,sustainability,2023-04-29,,2023-05-29,-1.0
7916,ChatGPT,sustainability,2023-03-30,,2023-04-29,-1.0
7917,ChatGPT,sustainability,2023-02-28,,2023-03-30,-1.0
7918,ChatGPT,sustainability,2023-06-28,,2023-07-28,-1.0
7919,ChatGPT,sustainability,2023-05-29,,2023-06-28,-1.0
7920,ChatGPT,sustainability,2022-11-30,,2022-12-30,-1.0
7921,ChatGPT,water cost,2026-01-13,,2026-02-12,-1.0
7922,ChatGPT,sustainability,2023-01-29,,2023-02-28,-1.0
7923,ChatGPT,sustainability,2022-12-30,,2023-01-29,-1.0
7924,Large Language Model,carbon emission,2023-07-28,,2023-08-27,-1.0
7925,Large Language Model,carbon emission,2023-06-28,,2023-07-28,-1.0
7926,Large Language Model,carbon emission,2023-08-27,,2023-09-26,-1.0
7927,Large Language Model,carbon emission,2023-05-29,,2023-06-28,-1.0
7928,Large Language Model,carbon emission,2023-09-26,,2023-10-26,-1.0
7929,Large Language Model,carbon emission,2023-10-26,,2023-11-25,-1.0
7930,Large Language Model,carbon cost,2024-08-21,,2024-09-20,-1.0
7931,Large Language Model,carbon emission,2023-02-28,,2023-03-30,-1.0
7932,Large Language Model,carbon emission,2023-01-29,,2023-02-28,-1.0
7933,Large Language Model,carbon emission,2023-03-30,,2023-04-29,-1.0
7934,Large Language Model,carbon emission,2022-12-30,,2023-01-29,-1.0
7935,Large Language Model,carbon emission,2023-04-29,,2023-05-29,-1.0
7936,Large Language Model,carbon emission,2024-05-23,,2024-06-22,-1.0
7937,Large Language Model,carbon emission,2024-04-23,,2024-05-23,-1.0
7938,Large Language Model,carbon emission,2024-03-24,,2024-04-23,-1.0
7939,Large Language Model,carbon emission,2024-07-22,,2024-08-21,-1.0
7940,Large Language Model,carbon emission,2024-08-21,,2024-09-20,-1.0
7941,Large Language Model,carbon emission,2024-06-22,,2024-07-22,-1.0
7942,Large Language Model,carbon emission,2023-12-25,,2024-01-24,-1.0
7943,Large Language Model,carbon emission,2023-11-25,,2023-12-25,-1.0
7944,Large Language Model,carbon emission,2024-02-23,,2024-03-24,-1.0
7945,Large Language Model,carbon emission,2024-01-24,,2024-02-23,-1.0
7946,Large Language Model,energy cost,2025-02-17,,2025-03-19,-1.0
7947,Large Language Model,energy cost,2025-01-18,,2025-02-17,-1.0
7948,Large Language Model,energy cost,2025-03-19,,2025-04-18,-1.0
7949,Large Language Model,energy cost,2024-12-19,,2025-01-18,-1.0
7950,Large Language Model,energy cost,2025-05-18,,2025-06-17,-1.0
7951,Large Language Model,energy cost,2025-04-18,,2025-05-18,-1.0
7952,Large Language Model,energy cost,2024-09-20,,2024-10-20,-1.0
7953,Large Language Model,energy cost,2024-10-20,,2024-11-19,-1.0
7954,Large Language Model,energy cost,2024-08-21,,2024-09-20,-1.0
7955,Large Language Model,energy cost,2024-07-22,,2024-08-21,-1.0
7956,Large Language Model,energy cost,2024-11-19,,2024-12-19,-1.0
7957,Large Language Model,energy cost,2025-12-14,,2026-01-13,-1.0
7958,Large Language Model,energy cost,2025-11-14,,2025-12-14,-1.0
7959,Large Language Model,energy cost,2026-01-13,,2026-02-12,-1.0
7960,Large Language Model,energy cost,2025-10-15,,2025-11-14,-1.0
7961,Large Language Model,carbon emission,2022-11-30,,2022-12-30,-1.0
7962,Large Language Model,energy cost,2025-07-17,,2025-08-16,-1.0
7963,Large Language Model,energy cost,2025-06-17,,2025-07-17,-1.0
7964,Large Language Model,energy cost,2025-08-16,,2025-09-15,-1.0
7965,Large Language Model,energy cost,2025-09-15,,2025-10-15,-1.0
7966,Large Language Model,carbon cost,2023-07-28,,2023-08-27,-1.0
7967,Large Language Model,carbon cost,2023-08-27,,2023-09-26,-1.0
7968,Large Language Model,carbon cost,2023-06-28,,2023-07-28,-1.0
7969,Large Language Model,carbon cost,2023-11-25,,2023-12-25,-1.0
7970,Large Language Model,carbon cost,2023-10-26,,2023-11-25,-1.0
7971,Large Language Model,carbon cost,2023-09-26,,2023-10-26,-1.0
7972,Large Language Model,carbon cost,2023-02-28,,2023-03-30,-1.0
7973,Large Language Model,carbon cost,2023-03-30,,2023-04-29,-1.0
7974,Large Language Model,carbon cost,2023-01-29,,2023-02-28,-1.0
7975,Large Language Model,carbon cost,2023-05-29,,2023-06-28,-1.0
7976,Large Language Model,carbon cost,2023-04-29,,2023-05-29,-1.0
7977,Large Language Model,carbon cost,2024-05-23,,2024-06-22,-1.0
7978,Large Language Model,carbon cost,2024-06-22,,2024-07-22,-1.0
7979,Large Language Model,carbon cost,2024-04-23,,2024-05-23,-1.0
7980,Large Language Model,carbon cost,2024-07-22,,2024-08-21,-1.0
7981,Large Language Model,carbon cost,2023-12-25,,2024-01-24,-1.0
7982,Large Language Model,carbon cost,2024-01-24,,2024-02-23,-1.0
7983,Large Language Model,carbon cost,2024-03-24,,2024-04-23,-1.0
7984,Large Language Model,carbon cost,2024-02-23,,2024-03-24,-1.0
7985,Large Language Model,carbon emission,2025-03-19,,2025-04-18,-1.0
7986,Large Language Model,carbon emission,2025-02-17,,2025-03-19,-1.0
7987,Large Language Model,carbon emission,2025-01-18,,2025-02-17,-1.0
7988,Large Language Model,carbon emission,2025-06-17,,2025-07-17,-1.0
7989,Large Language Model,carbon emission,2025-05-18,,2025-06-17,-1.0
7990,Large Language Model,carbon emission,2025-04-18,,2025-05-18,-1.0
7991,Large Language Model,carbon emission,2024-10-20,,2024-11-19,-1.0
7992,Large Language Model,carbon emission,2024-09-20,,2024-10-20,-1.0
7993,Large Language Model,carbon emission,2024-12-19,,2025-01-18,-1.0
7994,Large Language Model,carbon emission,2024-11-19,,2024-12-19,-1.0
7995,Large Language Model,carbon emission,2025-12-14,,2026-01-13,-1.0
7996,Large Language Model,carbon emission,2026-01-13,,2026-02-12,-1.0
7997,Large Language Model,carbon emission,2025-11-14,,2025-12-14,-1.0
7998,Large Language Model,carbon cost,2022-12-30,,2023-01-29,-1.0
7999,Large Language Model,carbon cost,2022-11-30,,2022-12-30,-1.0
8000,Large Language Model,carbon emission,2025-07-17,,2025-08-16,-1.0
8001,Large Language Model,carbon emission,2025-08-16,,2025-09-15,-1.0
8002,Large Language Model,carbon emission,2025-10-15,,2025-11-14,-1.0
8003,Large Language Model,carbon emission,2025-09-15,,2025-10-15,-1.0
8004,Large Language Model,energy impact,2023-06-28,,2023-07-28,-1.0
8005,Large Language Model,energy impact,2023-05-29,,2023-06-28,-1.0
8006,Large Language Model,energy impact,2023-04-29,,2023-05-29,-1.0
8007,Large Language Model,energy impact,2023-09-26,,2023-10-26,-1.0
8008,Large Language Model,energy impact,2023-08-27,,2023-09-26,-1.0
8009,Large Language Model,energy impact,2023-07-28,,2023-08-27,-1.0
8010,Large Language Model,energy impact,2023-01-29,,2023-02-28,-1.0
8011,Large Language Model,energy impact,2022-12-30,,2023-01-29,-1.0
8012,Large Language Model,energy impact,2022-11-30,,2022-12-30,-1.0
8013,Large Language Model,energy impact,2023-03-30,,2023-04-29,-1.0
8014,Large Language Model,energy impact,2023-02-28,,2023-03-30,-1.0
8015,Large Language Model,energy impact,2024-03-24,,2024-04-23,-1.0
8016,Large Language Model,energy impact,2024-04-23,,2024-05-23,-1.0
8017,Large Language Model,energy impact,2024-02-23,,2024-03-24,-1.0
8018,Large Language Model,energy impact,2024-06-22,,2024-07-22,-1.0
8019,Large Language Model,energy impact,2024-05-23,,2024-06-22,-1.0
8020,Large Language Model,energy impact,2024-07-22,,2024-08-21,-1.0
8021,Large Language Model,energy impact,2023-10-26,,2023-11-25,-1.0
8022,Large Language Model,energy impact,2023-11-25,,2023-12-25,-1.0
8023,Large Language Model,energy impact,2024-01-24,,2024-02-23,-1.0
8024,Large Language Model,energy impact,2023-12-25,,2024-01-24,-1.0
8025,Large Language Model,energy footprint,2025-01-18,,2025-02-17,-1.0
8026,Large Language Model,energy footprint,2024-12-19,,2025-01-18,-1.0
8027,Large Language Model,energy footprint,2024-11-19,,2024-12-19,-1.0
8028,Large Language Model,energy footprint,2025-04-18,,2025-05-18,-1.0
8029,Large Language Model,energy footprint,2025-03-19,,2025-04-18,-1.0
8030,Large Language Model,energy footprint,2025-02-17,,2025-03-19,-1.0
8031,Large Language Model,energy footprint,2024-08-21,,2024-09-20,-1.0
8032,Large Language Model,energy footprint,2024-07-22,,2024-08-21,-1.0
8033,Large Language Model,energy footprint,2024-09-20,,2024-10-20,-1.0
8034,Large Language Model,energy footprint,2024-06-22,,2024-07-22,-1.0
8035,Large Language Model,energy footprint,2024-10-20,,2024-11-19,-1.0
8036,Large Language Model,energy footprint,2025-11-14,,2025-12-14,-1.0
8037,Large Language Model,energy footprint,2025-10-15,,2025-11-14,-1.0
8038,Large Language Model,energy footprint,2025-09-15,,2025-10-15,-1.0
8039,Large Language Model,energy footprint,2026-01-13,,2026-02-12,-1.0
8040,Large Language Model,energy footprint,2025-12-14,,2026-01-13,-1.0
8041,Large Language Model,energy footprint,2025-06-17,,2025-07-17,-1.0
8042,Large Language Model,energy footprint,2025-05-18,,2025-06-17,-1.0
8043,Large Language Model,energy footprint,2025-08-16,,2025-09-15,-1.0
8044,Large Language Model,energy footprint,2025-07-17,,2025-08-16,-1.0
8045,Large Language Model,energy cost,2023-06-28,,2023-07-28,-1.0
8046,Large Language Model,energy cost,2023-07-28,,2023-08-27,-1.0
8047,Large Language Model,energy cost,2023-05-29,,2023-06-28,-1.0
8048,Large Language Model,energy cost,2023-04-29,,2023-05-29,-1.0
8049,Large Language Model,energy cost,2023-09-26,,2023-10-26,-1.0
8050,Large Language Model,energy cost,2023-08-27,,2023-09-26,-1.0
8051,Large Language Model,energy cost,2023-01-29,,2023-02-28,-1.0
8052,Large Language Model,energy cost,2023-02-28,,2023-03-30,-1.0
8053,Large Language Model,energy cost,2022-12-30,,2023-01-29,-1.0
8054,Large Language Model,energy cost,2023-03-30,,2023-04-29,-1.0
8055,Large Language Model,energy cost,2022-11-30,,2022-12-30,-1.0
8056,Large Language Model,energy cost,2024-04-23,,2024-05-23,-1.0
8057,Large Language Model,energy cost,2024-05-23,,2024-06-22,-1.0
8058,Large Language Model,energy cost,2024-03-24,,2024-04-23,-1.0
8059,Large Language Model,energy cost,2024-02-23,,2024-03-24,-1.0
8060,Large Language Model,energy cost,2024-06-22,,2024-07-22,-1.0
8061,Large Language Model,energy cost,2023-11-25,,2023-12-25,-1.0
8062,Large Language Model,energy cost,2023-12-25,,2024-01-24,-1.0
8063,Large Language Model,energy cost,2023-10-26,,2023-11-25,-1.0
8064,Large Language Model,energy cost,2024-01-24,,2024-02-23,-1.0
8065,Large Language Model,energy impact,2025-01-18,,2025-02-17,-1.0
8066,Large Language Model,energy impact,2025-02-17,,2025-03-19,-1.0
8067,Large Language Model,energy impact,2024-12-19,,2025-01-18,-1.0
8068,Large Language Model,energy impact,2025-05-18,,2025-06-17,-1.0
8069,Large Language Model,energy impact,2025-04-18,,2025-05-18,-1.0
8070,Large Language Model,energy impact,2025-03-19,,2025-04-18,-1.0
8071,Large Language Model,energy impact,2024-08-21,,2024-09-20,-1.0
8072,Large Language Model,energy impact,2024-09-20,,2024-10-20,-1.0
8073,Large Language Model,energy impact,2024-11-19,,2024-12-19,-1.0
8074,Large Language Model,energy impact,2024-10-20,,2024-11-19,-1.0
8075,Large Language Model,energy impact,2025-11-14,,2025-12-14,-1.0
8076,Large Language Model,energy impact,2025-12-14,,2026-01-13,-1.0
8077,Large Language Model,energy impact,2025-10-15,,2025-11-14,-1.0
8078,Large Language Model,energy impact,2026-01-13,,2026-02-12,-1.0
8079,Large Language Model,energy impact,2025-06-17,,2025-07-17,-1.0
8080,Large Language Model,energy impact,2025-07-17,,2025-08-16,-1.0
8081,Large Language Model,energy impact,2025-09-15,,2025-10-15,-1.0
8082,Large Language Model,energy impact,2025-08-16,,2025-09-15,-1.0
8083,Large Language Model,carbon cost,2024-09-20,,2024-10-20,-1.0
8084,ChatGPT,water use,2023-09-26,,2023-10-26,-1.0
8085,ChatGPT,water use,2023-10-26,,2023-11-25,-1.0
8086,ChatGPT,water use,2023-08-27,,2023-09-26,-1.0
8087,ChatGPT,water use,2023-07-28,,2023-08-27,-1.0
8088,ChatGPT,water use,2023-12-25,,2024-01-24,-1.0
8089,ChatGPT,water use,2023-11-25,,2023-12-25,-1.0
8090,ChatGPT,water use,2023-04-29,,2023-05-29,-1.0
8091,ChatGPT,water use,2023-05-29,,2023-06-28,-1.0
8092,ChatGPT,water use,2023-03-30,,2023-04-29,-1.0
8093,ChatGPT,water use,2023-06-28,,2023-07-28,-1.0
8094,ChatGPT,water use,2024-07-22,,2024-08-21,-1.0
8095,ChatGPT,water use,2024-08-21,,2024-09-20,-1.0
8096,ChatGPT,water use,2024-06-22,,2024-07-22,-1.0
8097,ChatGPT,water use,2024-05-23,,2024-06-22,-1.0
8098,ChatGPT,water use,2024-10-20,,2024-11-19,-1.0
8099,ChatGPT,water use,2024-09-20,,2024-10-20,-1.0
8100,ChatGPT,water use,2024-02-23,,2024-03-24,-1.0
8101,ChatGPT,water use,2024-03-24,,2024-04-23,-1.0
8102,ChatGPT,water use,2024-01-24,,2024-02-23,-1.0
8103,ChatGPT,water use,2024-04-23,,2024-05-23,-1.0
8104,Large Language Model,carbon footprint,2025-04-18,,2025-05-18,-1.0
8105,Large Language Model,carbon footprint,2025-05-18,,2025-06-17,-1.0
8106,Large Language Model,carbon footprint,2025-03-19,,2025-04-18,-1.0
8107,Large Language Model,carbon footprint,2025-08-16,,2025-09-15,-1.0
8108,Large Language Model,carbon footprint,2025-07-17,,2025-08-16,-1.0
8109,Large Language Model,carbon footprint,2025-06-17,,2025-07-17,-1.0
8110,Large Language Model,carbon footprint,2024-11-19,,2024-12-19,-1.0
8111,Large Language Model,carbon footprint,2024-12-19,,2025-01-18,-1.0
8112,Large Language Model,carbon footprint,2024-10-20,,2024-11-19,-1.0
8113,Large Language Model,carbon footprint,2025-02-17,,2025-03-19,-1.0
8114,Large Language Model,carbon footprint,2025-01-18,,2025-02-17,-1.0
8115,ChatGPT,water use,2023-02-28,,2023-03-30,-1.0
8116,ChatGPT,water use,2022-11-30,,2022-12-30,-1.0
8117,ChatGPT,water use,2022-12-30,,2023-01-29,-1.0
8118,Large Language Model,carbon footprint,2026-01-13,,2026-02-12,-1.0
8119,ChatGPT,water use,2023-01-29,,2023-02-28,-1.0
8120,Large Language Model,carbon footprint,2025-09-15,,2025-10-15,-1.0
8121,Large Language Model,carbon footprint,2025-10-15,,2025-11-14,-1.0
8122,Large Language Model,carbon footprint,2025-12-14,,2026-01-13,-1.0
8123,Large Language Model,carbon footprint,2025-11-14,,2025-12-14,-1.0
8124,ChatGPT,water usage,2023-10-26,,2023-11-25,-1.0
8125,ChatGPT,water usage,2023-09-26,,2023-10-26,-1.0
8126,ChatGPT,water usage,2023-11-25,,2023-12-25,-1.0
8127,ChatGPT,water usage,2023-08-27,,2023-09-26,-1.0
8128,ChatGPT,water usage,2024-01-24,,2024-02-23,-1.0
8129,ChatGPT,water usage,2023-12-25,,2024-01-24,-1.0
8130,ChatGPT,water usage,2023-05-29,,2023-06-28,-1.0
8131,ChatGPT,water usage,2023-04-29,,2023-05-29,-1.0
8132,ChatGPT,water usage,2023-06-28,,2023-07-28,-1.0
8133,ChatGPT,water usage,2023-03-30,,2023-04-29,-1.0
8134,ChatGPT,water usage,2023-07-28,,2023-08-27,-1.0
8135,ChatGPT,water usage,2024-08-21,,2024-09-20,-1.0
8136,ChatGPT,water usage,2024-07-22,,2024-08-21,-1.0
8137,ChatGPT,water usage,2024-06-22,,2024-07-22,-1.0
8138,ChatGPT,water usage,2024-10-20,,2024-11-19,-1.0
8139,ChatGPT,water usage,2024-09-20,,2024-10-20,-1.0
8140,ChatGPT,water usage,2024-03-24,,2024-04-23,-1.0
8141,ChatGPT,water usage,2024-02-23,,2024-03-24,-1.0
8142,ChatGPT,water usage,2024-04-23,,2024-05-23,-1.0
8143,ChatGPT,water usage,2024-05-23,,2024-06-22,-1.0
8144,ChatGPT,water use,2025-05-18,,2025-06-17,-1.0
8145,ChatGPT,water use,2025-06-17,,2025-07-17,-1.0
8146,ChatGPT,water use,2025-04-18,,2025-05-18,-1.0
8147,ChatGPT,water use,2025-03-19,,2025-04-18,-1.0
8148,ChatGPT,water use,2025-08-16,,2025-09-15,-1.0
8149,ChatGPT,water use,2025-07-17,,2025-08-16,-1.0
8150,ChatGPT,water use,2024-12-19,,2025-01-18,-1.0
8151,ChatGPT,water use,2025-01-18,,2025-02-17,-1.0
8152,ChatGPT,water use,2024-11-19,,2024-12-19,-1.0
8153,ChatGPT,water use,2025-02-17,,2025-03-19,-1.0
8154,ChatGPT,water usage,2022-12-30,,2023-01-29,-1.0
8155,ChatGPT,water usage,2022-11-30,,2022-12-30,-1.0
8156,ChatGPT,water usage,2023-01-29,,2023-02-28,-1.0
8157,ChatGPT,water use,2026-01-13,,2026-02-12,-1.0
8158,ChatGPT,water usage,2023-02-28,,2023-03-30,-1.0
8159,ChatGPT,water use,2025-10-15,,2025-11-14,-1.0
8160,ChatGPT,water use,2025-09-15,,2025-10-15,-1.0
8161,ChatGPT,water use,2025-11-14,,2025-12-14,-1.0
8162,ChatGPT,water use,2025-12-14,,2026-01-13,-1.0
8163,Large Language Model,carbon imapct,2023-08-27,,2023-09-26,-1.0
8164,Large Language Model,carbon imapct,2023-07-28,,2023-08-27,-1.0
8165,Large Language Model,carbon imapct,2023-09-26,,2023-10-26,-1.0
8166,Large Language Model,carbon imapct,2023-06-28,,2023-07-28,-1.0
8167,Large Language Model,carbon imapct,2023-11-25,,2023-12-25,-1.0
8168,Large Language Model,carbon imapct,2023-10-26,,2023-11-25,-1.0
8169,Large Language Model,carbon imapct,2023-03-30,,2023-04-29,-1.0
8170,Large Language Model,carbon imapct,2023-04-29,,2023-05-29,-1.0
8171,Large Language Model,carbon imapct,2023-02-28,,2023-03-30,-1.0
8172,Large Language Model,carbon imapct,2023-01-29,,2023-02-28,-1.0
8173,Large Language Model,carbon imapct,2023-05-29,,2023-06-28,-1.0
8174,Large Language Model,carbon imapct,2024-06-22,,2024-07-22,-1.0
8175,Large Language Model,carbon imapct,2024-05-23,,2024-06-22,-1.0
8176,Large Language Model,carbon imapct,2024-07-22,,2024-08-21,-1.0
8177,Large Language Model,carbon imapct,2024-04-23,,2024-05-23,-1.0
8178,Large Language Model,carbon imapct,2024-08-21,,2024-09-20,-1.0
8179,Large Language Model,carbon imapct,2024-09-20,,2024-10-20,-1.0
8180,Large Language Model,carbon imapct,2024-01-24,,2024-02-23,-1.0
8181,Large Language Model,carbon imapct,2023-12-25,,2024-01-24,-1.0
8182,Large Language Model,carbon imapct,2024-02-23,,2024-03-24,-1.0
8183,Large Language Model,carbon imapct,2024-03-24,,2024-04-23,-1.0
8184,Large Language Model,carbon cost,2025-03-19,,2025-04-18,-1.0
8185,Large Language Model,carbon cost,2025-04-18,,2025-05-18,-1.0
8186,Large Language Model,carbon cost,2025-02-17,,2025-03-19,-1.0
8187,Large Language Model,carbon cost,2025-01-18,,2025-02-17,-1.0
8188,Large Language Model,carbon cost,2025-06-17,,2025-07-17,-1.0
8189,Large Language Model,carbon cost,2025-05-18,,2025-06-17,-1.0
8190,Large Language Model,carbon cost,2024-10-20,,2024-11-19,-1.0
8191,Large Language Model,carbon cost,2024-11-19,,2024-12-19,-1.0
8192,Large Language Model,carbon cost,2024-12-19,,2025-01-18,-1.0
8193,Large Language Model,carbon cost,2026-01-13,,2026-02-12,-1.0
8194,Large Language Model,carbon imapct,2022-11-30,,2022-12-30,-1.0
8195,Large Language Model,carbon cost,2025-12-14,,2026-01-13,-1.0
8196,Large Language Model,carbon cost,2025-11-14,,2025-12-14,-1.0
8197,Large Language Model,carbon imapct,2022-12-30,,2023-01-29,-1.0
8198,Large Language Model,carbon cost,2025-08-16,,2025-09-15,-1.0
8199,Large Language Model,carbon cost,2025-09-15,,2025-10-15,-1.0
8200,Large Language Model,carbon cost,2025-07-17,,2025-08-16,-1.0
8201,Large Language Model,carbon cost,2025-10-15,,2025-11-14,-1.0
8202,Large Language Model,carbon footprint,2023-09-26,,2023-10-26,-1.0
8203,Large Language Model,carbon footprint,2023-08-27,,2023-09-26,-1.0
8204,Large Language Model,carbon footprint,2023-07-28,,2023-08-27,-1.0
8205,Large Language Model,carbon footprint,2023-12-25,,2024-01-24,-1.0
8206,Large Language Model,carbon footprint,2023-11-25,,2023-12-25,-1.0
8207,Large Language Model,carbon footprint,2023-10-26,,2023-11-25,-1.0
8208,Large Language Model,carbon footprint,2023-04-29,,2023-05-29,-1.0
8209,Large Language Model,carbon footprint,2023-03-30,,2023-04-29,-1.0
8210,Large Language Model,carbon footprint,2023-02-28,,2023-03-30,-1.0
8211,Large Language Model,carbon footprint,2023-06-28,,2023-07-28,-1.0
8212,Large Language Model,carbon footprint,2023-05-29,,2023-06-28,-1.0
8213,Large Language Model,carbon footprint,2024-06-22,,2024-07-22,-1.0
8214,Large Language Model,carbon footprint,2024-07-22,,2024-08-21,-1.0
8215,Large Language Model,carbon footprint,2024-05-23,,2024-06-22,-1.0
8216,Large Language Model,carbon footprint,2024-09-20,,2024-10-20,-1.0
8217,Large Language Model,carbon footprint,2024-08-21,,2024-09-20,-1.0
8218,Large Language Model,carbon footprint,2024-02-23,,2024-03-24,-1.0
8219,Large Language Model,carbon footprint,2024-01-24,,2024-02-23,-1.0
8220,Large Language Model,carbon footprint,2024-04-23,,2024-05-23,-1.0
8221,Large Language Model,carbon footprint,2024-03-24,,2024-04-23,-1.0
8222,Large Language Model,carbon imapct,2025-04-18,,2025-05-18,-1.0
8223,Large Language Model,carbon imapct,2025-03-19,,2025-04-18,-1.0
8224,Large Language Model,carbon imapct,2025-05-18,,2025-06-17,-1.0
8225,Large Language Model,carbon imapct,2025-02-17,,2025-03-19,-1.0
8226,Large Language Model,carbon imapct,2025-07-17,,2025-08-16,-1.0
8227,Large Language Model,carbon imapct,2025-06-17,,2025-07-17,-1.0
8228,Large Language Model,carbon imapct,2024-11-19,,2024-12-19,-1.0
8229,Large Language Model,carbon imapct,2024-10-20,,2024-11-19,-1.0
8230,Large Language Model,carbon imapct,2024-12-19,,2025-01-18,-1.0
8231,Large Language Model,carbon imapct,2025-01-18,,2025-02-17,-1.0
8232,Large Language Model,carbon footprint,2022-11-30,,2022-12-30,-1.0
8233,Large Language Model,carbon imapct,2026-01-13,,2026-02-12,-1.0
8234,Large Language Model,carbon imapct,2025-12-14,,2026-01-13,-1.0
8235,Large Language Model,carbon footprint,2023-01-29,,2023-02-28,-1.0
8236,Large Language Model,carbon footprint,2022-12-30,,2023-01-29,-1.0
8237,Large Language Model,carbon imapct,2025-09-15,,2025-10-15,-1.0
8238,Large Language Model,carbon imapct,2025-08-16,,2025-09-15,-1.0
8239,Large Language Model,carbon imapct,2025-11-14,,2025-12-14,-1.0
8240,Large Language Model,carbon imapct,2025-10-15,,2025-11-14,-1.0
8241,ChatGPT,energy impact,2024-09-20,,2024-10-20,-1.0
8242,ChatGPT,energy impact,2024-10-20,,2024-11-19,-1.0
8243,ChatGPT,energy impact,2024-08-21,,2024-09-20,-1.0
8244,ChatGPT,energy impact,2024-12-19,,2025-01-18,-1.0
8245,ChatGPT,energy impact,2024-11-19,,2024-12-19,-1.0
8246,ChatGPT,energy impact,2025-01-18,,2025-02-17,-1.0
8247,ChatGPT,energy cost,2025-11-14,,2025-12-14,-1.0
8248,ChatGPT,energy impact,2024-04-23,,2024-05-23,-1.0
8249,ChatGPT,energy impact,2024-05-23,,2024-06-22,-1.0
8250,ChatGPT,energy impact,2024-03-24,,2024-04-23,-1.0
8251,ChatGPT,energy impact,2024-07-22,,2024-08-21,-1.0
8252,ChatGPT,energy impact,2024-06-22,,2024-07-22,-1.0
8253,ChatGPT,energy impact,2025-07-17,,2025-08-16,-1.0
8254,ChatGPT,energy impact,2025-08-16,,2025-09-15,-1.0
8255,ChatGPT,energy impact,2025-06-17,,2025-07-17,-1.0
8256,ChatGPT,energy impact,2025-10-15,,2025-11-14,-1.0
8257,ChatGPT,energy impact,2025-09-15,,2025-10-15,-1.0
8258,ChatGPT,energy impact,2025-02-17,,2025-03-19,-1.0
8259,ChatGPT,energy impact,2025-03-19,,2025-04-18,-1.0
8260,ChatGPT,energy impact,2025-05-18,,2025-06-17,-1.0
8261,ChatGPT,energy impact,2025-04-18,,2025-05-18,-1.0
8262,ChatGPT,energy impact,2023-02-28,,2023-03-30,-1.0
8263,ChatGPT,energy impact,2023-01-29,,2023-02-28,-1.0
8264,ChatGPT,energy impact,2022-12-30,,2023-01-29,-1.0
8265,ChatGPT,energy impact,2023-05-29,,2023-06-28,-1.0
8266,ChatGPT,energy impact,2023-04-29,,2023-05-29,-1.0
8267,ChatGPT,energy impact,2023-03-30,,2023-04-29,-1.0
8268,ChatGPT,energy footprint,2025-12-14,,2026-01-13,-1.0
8269,ChatGPT,energy footprint,2025-11-14,,2025-12-14,-1.0
8270,ChatGPT,energy footprint,2025-10-15,,2025-11-14,-1.0
8271,ChatGPT,energy impact,2022-11-30,,2022-12-30,-1.0
8272,ChatGPT,energy footprint,2026-01-13,,2026-02-12,-1.0
8273,ChatGPT,energy impact,2023-11-25,,2023-12-25,-1.0
8274,ChatGPT,energy impact,2023-12-25,,2024-01-24,-1.0
8275,ChatGPT,energy impact,2023-10-26,,2023-11-25,-1.0
8276,ChatGPT,energy impact,2024-02-23,,2024-03-24,-1.0
8277,ChatGPT,energy impact,2024-01-24,,2024-02-23,-1.0
8278,ChatGPT,energy impact,2023-06-28,,2023-07-28,-1.0
8279,ChatGPT,energy impact,2023-07-28,,2023-08-27,-1.0
8280,ChatGPT,energy impact,2023-09-26,,2023-10-26,-1.0
8281,ChatGPT,energy impact,2023-08-27,,2023-09-26,-1.0
8282,ChatGPT,energy impact,2025-11-14,,2025-12-14,-1.0
8283,ChatGPT,energy cost,2024-10-20,,2024-11-19,-1.0
8284,ChatGPT,energy cost,2024-11-19,,2024-12-19,-1.0
8285,ChatGPT,energy cost,2024-09-20,,2024-10-20,-1.0
8286,ChatGPT,energy cost,2024-08-21,,2024-09-20,-1.0
8287,ChatGPT,energy cost,2025-01-18,,2025-02-17,-1.0
8288,ChatGPT,energy cost,2024-12-19,,2025-01-18,-1.0
8289,ChatGPT,energy cost,2024-05-23,,2024-06-22,-1.0
8290,ChatGPT,energy cost,2024-06-22,,2024-07-22,-1.0
8291,ChatGPT,energy cost,2024-04-23,,2024-05-23,-1.0
8292,ChatGPT,energy cost,2024-03-24,,2024-04-23,-1.0
8293,ChatGPT,energy cost,2024-07-22,,2024-08-21,-1.0
8294,ChatGPT,energy cost,2025-08-16,,2025-09-15,-1.0
8295,ChatGPT,energy cost,2025-07-17,,2025-08-16,-1.0
8296,ChatGPT,energy cost,2025-09-15,,2025-10-15,-1.0
8297,ChatGPT,energy cost,2025-06-17,,2025-07-17,-1.0
8298,ChatGPT,energy cost,2025-10-15,,2025-11-14,-1.0
8299,ChatGPT,energy cost,2025-03-19,,2025-04-18,-1.0
8300,ChatGPT,energy cost,2025-02-17,,2025-03-19,-1.0
8301,ChatGPT,energy cost,2025-04-18,,2025-05-18,-1.0
8302,ChatGPT,energy cost,2025-05-18,,2025-06-17,-1.0
8303,ChatGPT,energy cost,2023-02-28,,2023-03-30,-1.0
8304,ChatGPT,energy cost,2023-03-30,,2023-04-29,-1.0
8305,ChatGPT,energy cost,2023-01-29,,2023-02-28,-1.0
8306,ChatGPT,energy cost,2022-12-30,,2023-01-29,-1.0
8307,ChatGPT,energy cost,2023-05-29,,2023-06-28,-1.0
8308,ChatGPT,energy cost,2023-04-29,,2023-05-29,-1.0
8309,ChatGPT,energy impact,2025-12-14,,2026-01-13,-1.0
8310,ChatGPT,energy impact,2026-01-13,,2026-02-12,-1.0
8311,ChatGPT,energy cost,2022-11-30,,2022-12-30,-1.0
8312,ChatGPT,energy cost,2023-12-25,,2024-01-24,-1.0
8313,ChatGPT,energy cost,2024-01-24,,2024-02-23,-1.0
8314,ChatGPT,energy cost,2023-11-25,,2023-12-25,-1.0
8315,ChatGPT,energy cost,2023-10-26,,2023-11-25,-1.0
8316,ChatGPT,energy cost,2024-02-23,,2024-03-24,-1.0
8317,ChatGPT,energy cost,2023-07-28,,2023-08-27,-1.0
8318,ChatGPT,energy cost,2023-08-27,,2023-09-26,-1.0
8319,ChatGPT,energy cost,2023-06-28,,2023-07-28,-1.0
8320,ChatGPT,energy cost,2023-09-26,,2023-10-26,-1.0
8321,ChatGPT,energy usage,2024-08-21,,2024-09-20,-1.0
8322,ChatGPT,energy usage,2024-09-20,,2024-10-20,-1.0
8323,ChatGPT,energy usage,2024-07-22,,2024-08-21,-1.0
8324,ChatGPT,energy usage,2024-06-22,,2024-07-22,-1.0
8325,ChatGPT,energy usage,2024-11-19,,2024-12-19,-1.0
8326,ChatGPT,energy usage,2024-10-20,,2024-11-19,-1.0
8327,ChatGPT,energy usage,2024-03-24,,2024-04-23,-1.0
8328,ChatGPT,energy usage,2024-04-23,,2024-05-23,-1.0
8329,ChatGPT,energy usage,2024-02-23,,2024-03-24,-1.0
8330,ChatGPT,energy usage,2024-05-23,,2024-06-22,-1.0
8331,ChatGPT,energy usage,2024-01-24,,2024-02-23,-1.0
8332,ChatGPT,energy usage,2025-06-17,,2025-07-17,-1.0
8333,ChatGPT,energy usage,2025-07-17,,2025-08-16,-1.0
8334,ChatGPT,energy usage,2025-05-18,,2025-06-17,-1.0
8335,ChatGPT,energy usage,2025-04-18,,2025-05-18,-1.0
8336,ChatGPT,energy usage,2025-09-15,,2025-10-15,-1.0
8337,ChatGPT,energy usage,2025-08-16,,2025-09-15,-1.0
8338,ChatGPT,energy usage,2025-01-18,,2025-02-17,-1.0
8339,ChatGPT,energy usage,2025-02-17,,2025-03-19,-1.0
8340,ChatGPT,energy usage,2024-12-19,,2025-01-18,-1.0
8341,ChatGPT,energy usage,2025-03-19,,2025-04-18,-1.0
8342,ChatGPT,energy usage,2022-12-30,,2023-01-29,-1.0
8343,ChatGPT,energy usage,2023-01-29,,2023-02-28,-1.0
8344,ChatGPT,energy usage,2022-11-30,,2022-12-30,-1.0
8345,ChatGPT,energy usage,2023-04-29,,2023-05-29,-1.0
8346,ChatGPT,energy usage,2023-03-30,,2023-04-29,-1.0
8347,ChatGPT,energy usage,2023-02-28,,2023-03-30,-1.0
8348,ChatGPT,energy use,2025-10-15,,2025-11-14,-1.0
8349,ChatGPT,energy use,2025-11-14,,2025-12-14,-1.0
8350,ChatGPT,energy use,2025-09-15,,2025-10-15,-1.0
8351,ChatGPT,energy use,2026-01-13,,2026-02-12,-1.0
8352,ChatGPT,energy use,2025-12-14,,2026-01-13,-1.0
8353,ChatGPT,energy usage,2023-10-26,,2023-11-25,-1.0
8354,ChatGPT,energy usage,2023-11-25,,2023-12-25,-1.0
8355,ChatGPT,energy usage,2023-09-26,,2023-10-26,-1.0
8356,ChatGPT,energy usage,2023-12-25,,2024-01-24,-1.0
8357,ChatGPT,energy usage,2023-05-29,,2023-06-28,-1.0
8358,ChatGPT,energy usage,2023-06-28,,2023-07-28,-1.0
8359,ChatGPT,energy usage,2023-08-27,,2023-09-26,-1.0
8360,ChatGPT,energy usage,2023-07-28,,2023-08-27,-1.0
8361,ChatGPT,energy footprint,2024-09-20,,2024-10-20,-1.0
8362,ChatGPT,energy footprint,2024-08-21,,2024-09-20,-1.0
8363,ChatGPT,energy footprint,2024-10-20,,2024-11-19,-1.0
8364,ChatGPT,energy footprint,2024-07-22,,2024-08-21,-1.0
8365,ChatGPT,energy footprint,2024-12-19,,2025-01-18,-1.0
8366,ChatGPT,energy footprint,2024-11-19,,2024-12-19,-1.0
8367,ChatGPT,energy footprint,2024-04-23,,2024-05-23,-1.0
8368,ChatGPT,energy footprint,2024-03-24,,2024-04-23,-1.0
8369,ChatGPT,energy footprint,2024-05-23,,2024-06-22,-1.0
8370,ChatGPT,energy footprint,2024-02-23,,2024-03-24,-1.0
8371,ChatGPT,energy footprint,2024-06-22,,2024-07-22,-1.0
8372,ChatGPT,energy footprint,2025-07-17,,2025-08-16,-1.0
8373,ChatGPT,energy footprint,2025-06-17,,2025-07-17,-1.0
8374,ChatGPT,energy footprint,2025-05-18,,2025-06-17,-1.0
8375,ChatGPT,energy footprint,2025-09-15,,2025-10-15,-1.0
8376,ChatGPT,energy footprint,2025-08-16,,2025-09-15,-1.0
8377,ChatGPT,energy footprint,2025-02-17,,2025-03-19,-1.0
8378,ChatGPT,energy footprint,2025-01-18,,2025-02-17,-1.0
8379,ChatGPT,energy footprint,2025-04-18,,2025-05-18,-1.0
8380,ChatGPT,energy footprint,2025-03-19,,2025-04-18,-1.0
8381,ChatGPT,energy footprint,2023-01-29,,2023-02-28,-1.0
8382,ChatGPT,energy footprint,2022-12-30,,2023-01-29,-1.0
8383,ChatGPT,energy footprint,2023-02-28,,2023-03-30,-1.0
8384,ChatGPT,energy footprint,2022-11-30,,2022-12-30,-1.0
8385,ChatGPT,energy footprint,2023-04-29,,2023-05-29,-1.0
8386,ChatGPT,energy footprint,2023-03-30,,2023-04-29,-1.0
8387,ChatGPT,energy usage,2025-11-14,,2025-12-14,-1.0
8388,ChatGPT,energy usage,2025-12-14,,2026-01-13,-1.0
8389,ChatGPT,energy usage,2025-10-15,,2025-11-14,-1.0
8390,ChatGPT,energy usage,2026-01-13,,2026-02-12,-1.0
8391,ChatGPT,energy footprint,2023-11-25,,2023-12-25,-1.0
8392,ChatGPT,energy footprint,2023-10-26,,2023-11-25,-1.0
8393,ChatGPT,energy footprint,2023-12-25,,2024-01-24,-1.0
8394,ChatGPT,energy footprint,2023-09-26,,2023-10-26,-1.0
8395,ChatGPT,energy footprint,2024-01-24,,2024-02-23,-1.0
8396,ChatGPT,energy footprint,2023-06-28,,2023-07-28,-1.0
8397,ChatGPT,energy footprint,2023-05-29,,2023-06-28,-1.0
8398,ChatGPT,energy footprint,2023-07-28,,2023-08-27,-1.0
8399,ChatGPT,energy footprint,2023-08-27,,2023-09-26,-1.0
8400,ChatGPT,carbon imapct,2024-12-19,,2025-01-18,-1.0
8401,ChatGPT,carbon imapct,2024-11-19,,2024-12-19,-1.0
8402,ChatGPT,carbon imapct,2025-01-18,,2025-02-17,-1.0
8403,ChatGPT,carbon imapct,2024-10-20,,2024-11-19,-1.0
8404,ChatGPT,carbon imapct,2025-02-17,,2025-03-19,-1.0
8405,ChatGPT,carbon imapct,2025-03-19,,2025-04-18,-1.0
8406,ChatGPT,carbon imapct,2024-07-22,,2024-08-21,-1.0
8407,ChatGPT,carbon imapct,2024-06-22,,2024-07-22,-1.0
8408,ChatGPT,carbon imapct,2024-08-21,,2024-09-20,-1.0
8409,ChatGPT,carbon imapct,2024-05-23,,2024-06-22,-1.0
8410,ChatGPT,carbon imapct,2024-09-20,,2024-10-20,-1.0
8411,ChatGPT,carbon imapct,2025-10-15,,2025-11-14,-1.0
8412,ChatGPT,carbon imapct,2025-09-15,,2025-10-15,-1.0
8413,ChatGPT,carbon imapct,2025-08-16,,2025-09-15,-1.0
8414,ChatGPT,carbon imapct,2025-12-14,,2026-01-13,-1.0
8415,ChatGPT,carbon imapct,2026-01-13,,2026-02-12,-1.0
8416,ChatGPT,carbon imapct,2025-11-14,,2025-12-14,-1.0
8417,ChatGPT,carbon imapct,2025-05-18,,2025-06-17,-1.0
8418,ChatGPT,carbon imapct,2025-04-18,,2025-05-18,-1.0
8419,ChatGPT,carbon imapct,2025-06-17,,2025-07-17,-1.0
8420,ChatGPT,carbon imapct,2025-07-17,,2025-08-16,-1.0
8421,ChatGPT,carbon imapct,2023-04-29,,2023-05-29,-1.0
8422,ChatGPT,carbon imapct,2023-05-29,,2023-06-28,-1.0
8423,ChatGPT,carbon imapct,2023-03-30,,2023-04-29,-1.0
8424,ChatGPT,carbon imapct,2023-02-28,,2023-03-30,-1.0
8425,ChatGPT,carbon imapct,2023-07-28,,2023-08-27,-1.0
8426,ChatGPT,carbon imapct,2023-06-28,,2023-07-28,-1.0
8427,ChatGPT,carbon imapct,2022-11-30,,2022-12-30,-1.0
8428,ChatGPT,carbon imapct,2022-12-30,,2023-01-29,-1.0
8429,ChatGPT,carbon cost,2026-01-13,,2026-02-12,-1.0
8430,ChatGPT,carbon cost,2025-12-14,,2026-01-13,-1.0
8431,ChatGPT,carbon imapct,2023-01-29,,2023-02-28,-1.0
8432,ChatGPT,carbon imapct,2024-02-23,,2024-03-24,-1.0
8433,ChatGPT,carbon imapct,2024-01-24,,2024-02-23,-1.0
8434,ChatGPT,carbon imapct,2024-03-24,,2024-04-23,-1.0
8435,ChatGPT,carbon imapct,2023-12-25,,2024-01-24,-1.0
8436,ChatGPT,carbon imapct,2024-04-23,,2024-05-23,-1.0
8437,ChatGPT,carbon imapct,2023-09-26,,2023-10-26,-1.0
8438,ChatGPT,carbon imapct,2023-08-27,,2023-09-26,-1.0
8439,ChatGPT,carbon imapct,2023-10-26,,2023-11-25,-1.0
8440,ChatGPT,carbon imapct,2023-11-25,,2023-12-25,-1.0
8441,ChatGPT,carbon footprint,2024-12-19,,2025-01-18,-1.0
8442,ChatGPT,carbon footprint,2025-01-18,,2025-02-17,-1.0
8443,ChatGPT,carbon footprint,2024-11-19,,2024-12-19,-1.0
8444,ChatGPT,carbon footprint,2025-04-18,,2025-05-18,-1.0
8445,ChatGPT,carbon footprint,2025-03-19,,2025-04-18,-1.0
8446,ChatGPT,carbon footprint,2025-02-17,,2025-03-19,-1.0
8447,ChatGPT,carbon footprint,2024-07-22,,2024-08-21,-1.0
8448,ChatGPT,carbon footprint,2024-08-21,,2024-09-20,-1.0
8449,ChatGPT,carbon footprint,2024-06-22,,2024-07-22,-1.0
8450,ChatGPT,carbon footprint,2024-10-20,,2024-11-19,-1.0
8451,ChatGPT,carbon footprint,2024-09-20,,2024-10-20,-1.0
8452,ChatGPT,carbon footprint,2025-10-15,,2025-11-14,-1.0
8453,ChatGPT,carbon footprint,2025-11-14,,2025-12-14,-1.0
8454,ChatGPT,carbon footprint,2025-09-15,,2025-10-15,-1.0
8455,ChatGPT,carbon footprint,2026-01-13,,2026-02-12,-1.0
8456,ChatGPT,carbon footprint,2025-12-14,,2026-01-13,-1.0
8457,ChatGPT,carbon footprint,2025-05-18,,2025-06-17,-1.0
8458,ChatGPT,carbon footprint,2025-06-17,,2025-07-17,-1.0
8459,ChatGPT,carbon footprint,2025-08-16,,2025-09-15,-1.0
8460,ChatGPT,carbon footprint,2025-07-17,,2025-08-16,-1.0
8461,ChatGPT,carbon footprint,2023-05-29,,2023-06-28,-1.0
8462,ChatGPT,carbon footprint,2023-04-29,,2023-05-29,-1.0
8463,ChatGPT,carbon footprint,2023-03-30,,2023-04-29,-1.0
8464,ChatGPT,carbon footprint,2023-08-27,,2023-09-26,-1.0
8465,ChatGPT,carbon footprint,2023-07-28,,2023-08-27,-1.0
8466,ChatGPT,carbon footprint,2023-06-28,,2023-07-28,-1.0
8467,ChatGPT,carbon footprint,2022-12-30,,2023-01-29,-1.0
8468,ChatGPT,carbon footprint,2022-11-30,,2022-12-30,-1.0
8469,ChatGPT,carbon footprint,2023-02-28,,2023-03-30,-1.0
8470,ChatGPT,carbon footprint,2023-01-29,,2023-02-28,-1.0
8471,ChatGPT,carbon footprint,2024-02-23,,2024-03-24,-1.0
8472,ChatGPT,carbon footprint,2024-03-24,,2024-04-23,-1.0
8473,ChatGPT,carbon footprint,2024-01-24,,2024-02-23,-1.0
8474,ChatGPT,carbon footprint,2024-05-23,,2024-06-22,-1.0
8475,ChatGPT,carbon footprint,2024-04-23,,2024-05-23,-1.0
8476,ChatGPT,carbon footprint,2023-10-26,,2023-11-25,-1.0
8477,ChatGPT,carbon footprint,2023-09-26,,2023-10-26,-1.0
8478,ChatGPT,carbon footprint,2023-12-25,,2024-01-24,-1.0
8479,ChatGPT,carbon footprint,2023-11-25,,2023-12-25,-1.0
8480,ChatGPT,carbon emission,2024-11-19,,2024-12-19,-1.0
8481,ChatGPT,carbon emission,2024-10-20,,2024-11-19,-1.0
8482,ChatGPT,carbon emission,2024-09-20,,2024-10-20,-1.0
8483,ChatGPT,carbon emission,2025-02-17,,2025-03-19,-1.0
8484,ChatGPT,carbon emission,2025-01-18,,2025-02-17,-1.0
8485,ChatGPT,carbon emission,2024-12-19,,2025-01-18,-1.0
8486,ChatGPT,carbon emission,2024-06-22,,2024-07-22,-1.0
8487,ChatGPT,carbon emission,2024-05-23,,2024-06-22,-1.0
8488,ChatGPT,carbon emission,2024-04-23,,2024-05-23,-1.0
8489,ChatGPT,carbon emission,2024-08-21,,2024-09-20,-1.0
8490,ChatGPT,carbon emission,2024-07-22,,2024-08-21,-1.0
8491,ChatGPT,carbon emission,2025-08-16,,2025-09-15,-1.0
8492,ChatGPT,carbon emission,2025-09-15,,2025-10-15,-1.0
8493,ChatGPT,carbon emission,2025-07-17,,2025-08-16,-1.0
8494,ChatGPT,carbon emission,2025-11-14,,2025-12-14,-1.0
8495,ChatGPT,carbon emission,2025-10-15,,2025-11-14,-1.0
8496,ChatGPT,carbon emission,2025-12-14,,2026-01-13,-1.0
8497,ChatGPT,carbon emission,2025-04-18,,2025-05-18,-1.0
8498,ChatGPT,carbon emission,2025-03-19,,2025-04-18,-1.0
8499,ChatGPT,carbon emission,2025-06-17,,2025-07-17,-1.0
8500,ChatGPT,carbon emission,2025-05-18,,2025-06-17,-1.0
8501,ChatGPT,carbon emission,2023-03-30,,2023-04-29,-1.0
8502,ChatGPT,carbon emission,2023-02-28,,2023-03-30,-1.0
8503,ChatGPT,carbon emission,2023-04-29,,2023-05-29,-1.0
8504,ChatGPT,carbon emission,2023-01-29,,2023-02-28,-1.0
8505,ChatGPT,carbon emission,2023-06-28,,2023-07-28,-1.0
8506,ChatGPT,carbon emission,2023-05-29,,2023-06-28,-1.0
8507,ChatGPT,energy cost,2026-01-13,,2026-02-12,-1.0
8508,ChatGPT,energy cost,2025-12-14,,2026-01-13,-1.0
8509,ChatGPT,carbon emission,2022-11-30,,2022-12-30,-1.0
8510,ChatGPT,carbon emission,2022-12-30,,2023-01-29,-1.0
8511,ChatGPT,carbon emission,2024-01-24,,2024-02-23,-1.0
8512,ChatGPT,carbon emission,2023-12-25,,2024-01-24,-1.0
8513,ChatGPT,carbon emission,2023-11-25,,2023-12-25,-1.0
8514,ChatGPT,carbon emission,2024-03-24,,2024-04-23,-1.0
8515,ChatGPT,carbon emission,2024-02-23,,2024-03-24,-1.0
8516,ChatGPT,carbon emission,2023-08-27,,2023-09-26,-1.0
8517,ChatGPT,carbon emission,2023-07-28,,2023-08-27,-1.0
8518,ChatGPT,carbon emission,2023-09-26,,2023-10-26,-1.0
8519,ChatGPT,carbon emission,2023-10-26,,2023-11-25,-1.0
8520,ChatGPT,carbon cost,2024-11-19,,2024-12-19,-1.0
8521,ChatGPT,carbon cost,2024-12-19,,2025-01-18,-1.0
8522,ChatGPT,carbon cost,2024-10-20,,2024-11-19,-1.0
8523,ChatGPT,carbon cost,2025-02-17,,2025-03-19,-1.0
8524,ChatGPT,carbon cost,2025-01-18,,2025-02-17,-1.0
8525,ChatGPT,carbon cost,2024-09-20,,2024-10-20,-1.0
8526,ChatGPT,carbon cost,2024-06-22,,2024-07-22,-1.0
8527,ChatGPT,carbon cost,2024-07-22,,2024-08-21,-1.0
8528,ChatGPT,carbon cost,2024-05-23,,2024-06-22,-1.0
8529,ChatGPT,carbon cost,2024-08-21,,2024-09-20,-1.0
8530,ChatGPT,carbon cost,2025-09-15,,2025-10-15,-1.0
8531,ChatGPT,carbon cost,2025-10-15,,2025-11-14,-1.0
8532,ChatGPT,carbon cost,2025-08-16,,2025-09-15,-1.0
8533,ChatGPT,carbon cost,2025-07-17,,2025-08-16,-1.0
8534,ChatGPT,carbon cost,2025-11-14,,2025-12-14,-1.0
8535,ChatGPT,carbon cost,2025-04-18,,2025-05-18,-1.0
8536,ChatGPT,carbon cost,2025-05-18,,2025-06-17,-1.0
8537,ChatGPT,carbon cost,2025-03-19,,2025-04-18,-1.0
8538,ChatGPT,carbon cost,2025-06-17,,2025-07-17,-1.0
8539,ChatGPT,carbon cost,2023-03-30,,2023-04-29,-1.0
8540,ChatGPT,carbon cost,2023-04-29,,2023-05-29,-1.0
8541,ChatGPT,carbon cost,2023-02-28,,2023-03-30,-1.0
8542,ChatGPT,carbon cost,2023-07-28,,2023-08-27,-1.0
8543,ChatGPT,carbon cost,2023-06-28,,2023-07-28,-1.0
8544,ChatGPT,carbon cost,2023-05-29,,2023-06-28,-1.0
8545,ChatGPT,carbon emission,2026-01-13,,2026-02-12,-1.0
8546,ChatGPT,carbon cost,2022-11-30,,2022-12-30,-1.0
8547,ChatGPT,carbon cost,2023-01-29,,2023-02-28,-1.0
8548,ChatGPT,carbon cost,2022-12-30,,2023-01-29,-1.0
8549,ChatGPT,carbon cost,2024-01-24,,2024-02-23,-1.0
8550,ChatGPT,carbon cost,2024-02-23,,2024-03-24,-1.0
8551,ChatGPT,carbon cost,2023-12-25,,2024-01-24,-1.0
8552,ChatGPT,carbon cost,2024-04-23,,2024-05-23,-1.0
8553,ChatGPT,carbon cost,2024-03-24,,2024-04-23,-1.0
8554,ChatGPT,carbon cost,2023-08-27,,2023-09-26,-1.0
8555,ChatGPT,carbon cost,2023-09-26,,2023-10-26,-1.0
8556,ChatGPT,carbon cost,2023-11-25,,2023-12-25,-1.0
8557,ChatGPT,carbon cost,2023-10-26,,2023-11-25,-1.0
8558,ChatGPT,environment harm,2024-04-23,,2024-05-23,-1.0
8559,ChatGPT,environment harm,2024-05-23,,2024-06-22,-1.0
8560,ChatGPT,environment harm,2024-03-24,,2024-04-23,-1.0
8561,ChatGPT,environment harm,2024-07-22,,2024-08-21,-1.0
8562,ChatGPT,environment harm,2024-08-21,,2024-09-20,-1.0
8563,ChatGPT,environment harm,2024-06-22,,2024-07-22,-1.0
8564,ChatGPT,environment negative,2025-06-17,,2025-07-17,-1.0
8565,ChatGPT,environment harm,2023-12-25,,2024-01-24,-1.0
8566,ChatGPT,environment harm,2023-11-25,,2023-12-25,-1.0
8567,ChatGPT,environment harm,2023-10-26,,2023-11-25,-1.0
8568,ChatGPT,environment harm,2024-02-23,,2024-03-24,-1.0
8569,ChatGPT,environment harm,2024-01-24,,2024-02-23,-1.0
8570,ChatGPT,environment harm,2025-02-17,,2025-03-19,-1.0
8571,ChatGPT,environment harm,2025-03-19,,2025-04-18,-1.0
8572,ChatGPT,environment harm,2025-01-18,,2025-02-17,-1.0
8573,ChatGPT,environment harm,2025-05-18,,2025-06-17,-1.0
8574,ChatGPT,environment harm,2025-04-18,,2025-05-18,-1.0
8575,ChatGPT,environment harm,2025-06-17,,2025-07-17,-1.0
8576,ChatGPT,environment harm,2024-09-20,,2024-10-20,-1.0
8577,ChatGPT,environment harm,2024-10-20,,2024-11-19,-1.0
8578,ChatGPT,environment harm,2024-12-19,,2025-01-18,-1.0
8579,ChatGPT,environment harm,2024-11-19,,2024-12-19,-1.0
8580,ChatGPT,environment cost,2025-12-14,,2026-01-13,-1.0
8581,ChatGPT,environment cost,2025-11-14,,2025-12-14,-1.0
8582,ChatGPT,environment cost,2025-10-15,,2025-11-14,-1.0
8583,ChatGPT,environment harm,2022-12-30,,2023-01-29,-1.0
8584,ChatGPT,environment harm,2022-11-30,,2022-12-30,-1.0
8585,ChatGPT,environment cost,2026-01-13,,2026-02-12,-1.0
8586,ChatGPT,environment cost,2025-07-17,,2025-08-16,-1.0
8587,ChatGPT,environment cost,2025-06-17,,2025-07-17,-1.0
8588,ChatGPT,environment cost,2025-05-18,,2025-06-17,-1.0
8589,ChatGPT,environment cost,2025-08-16,,2025-09-15,-1.0
8590,ChatGPT,environment cost,2025-09-15,,2025-10-15,-1.0
8591,ChatGPT,environment harm,2023-07-28,,2023-08-27,-1.0
8592,ChatGPT,environment harm,2023-06-28,,2023-07-28,-1.0
8593,ChatGPT,environment harm,2023-05-29,,2023-06-28,-1.0
8594,ChatGPT,environment harm,2023-09-26,,2023-10-26,-1.0
8595,ChatGPT,environment harm,2023-08-27,,2023-09-26,-1.0
8596,ChatGPT,environment harm,2023-02-28,,2023-03-30,-1.0
8597,ChatGPT,environment harm,2023-01-29,,2023-02-28,-1.0
8598,ChatGPT,environment harm,2023-04-29,,2023-05-29,-1.0
8599,ChatGPT,environment harm,2023-03-30,,2023-04-29,-1.0
8600,ChatGPT,environment negative,2024-05-23,,2024-06-22,-1.0
8601,ChatGPT,environment negative,2024-06-22,,2024-07-22,-1.0
8602,ChatGPT,environment negative,2024-04-23,,2024-05-23,-1.0
8603,ChatGPT,environment negative,2024-03-24,,2024-04-23,-1.0
8604,ChatGPT,environment negative,2024-08-21,,2024-09-20,-1.0
8605,ChatGPT,environment negative,2024-07-22,,2024-08-21,-1.0
8606,ChatGPT,environment negative,2023-12-25,,2024-01-24,-1.0
8607,ChatGPT,environment negative,2024-01-24,,2024-02-23,-1.0
8608,ChatGPT,environment negative,2023-11-25,,2023-12-25,-1.0
8609,ChatGPT,environment negative,2023-10-26,,2023-11-25,-1.0
8610,ChatGPT,environment negative,2024-02-23,,2024-03-24,-1.0
8611,ChatGPT,environment negative,2025-03-19,,2025-04-18,-1.0
8612,ChatGPT,environment negative,2025-04-18,,2025-05-18,-1.0
8613,ChatGPT,environment negative,2025-02-17,,2025-03-19,-1.0
8614,ChatGPT,environment negative,2025-01-18,,2025-02-17,-1.0
8615,ChatGPT,environment negative,2025-05-18,,2025-06-17,-1.0
8616,ChatGPT,environment negative,2024-10-20,,2024-11-19,-1.0
8617,ChatGPT,environment negative,2024-11-19,,2024-12-19,-1.0
8618,ChatGPT,environment negative,2024-09-20,,2024-10-20,-1.0
8619,ChatGPT,environment negative,2024-12-19,,2025-01-18,-1.0
8620,ChatGPT,environment harm,2025-12-14,,2026-01-13,-1.0
8621,ChatGPT,environment harm,2026-01-13,,2026-02-12,-1.0
8622,ChatGPT,environment harm,2025-11-14,,2025-12-14,-1.0
8623,ChatGPT,environment negative,2023-01-29,,2023-02-28,-1.0
8624,ChatGPT,environment negative,2022-12-30,,2023-01-29,-1.0
8625,ChatGPT,environment negative,2022-11-30,,2022-12-30,-1.0
8626,ChatGPT,environment harm,2025-07-17,,2025-08-16,-1.0
8627,ChatGPT,environment harm,2025-08-16,,2025-09-15,-1.0
8628,ChatGPT,environment harm,2025-10-15,,2025-11-14,-1.0
8629,ChatGPT,environment harm,2025-09-15,,2025-10-15,-1.0
8630,ChatGPT,environment negative,2023-07-28,,2023-08-27,-1.0
8631,ChatGPT,environment negative,2023-08-27,,2023-09-26,-1.0
8632,ChatGPT,environment negative,2023-06-28,,2023-07-28,-1.0
8633,ChatGPT,environment negative,2023-09-26,,2023-10-26,-1.0
8634,ChatGPT,environment negative,2023-05-29,,2023-06-28,-1.0
8635,ChatGPT,environment negative,2023-02-28,,2023-03-30,-1.0
8636,ChatGPT,environment negative,2023-03-30,,2023-04-29,-1.0
8637,ChatGPT,environment negative,2023-04-29,,2023-05-29,-1.0
8638,ChatGPT,environment effect,2024-03-24,,2024-04-23,-1.0
8639,ChatGPT,environment effect,2024-04-23,,2024-05-23,-1.0
8640,ChatGPT,environment effect,2024-02-23,,2024-03-24,-1.0
8641,ChatGPT,environment effect,2024-07-22,,2024-08-21,-1.0
8642,ChatGPT,environment effect,2024-06-22,,2024-07-22,-1.0
8643,ChatGPT,environment effect,2024-05-23,,2024-06-22,-1.0
8644,ChatGPT,environment effect,2023-10-26,,2023-11-25,-1.0
8645,ChatGPT,environment effect,2023-11-25,,2023-12-25,-1.0
8646,ChatGPT,environment effect,2023-09-26,,2023-10-26,-1.0
8647,ChatGPT,environment effect,2024-01-24,,2024-02-23,-1.0
8648,ChatGPT,environment effect,2023-12-25,,2024-01-24,-1.0
8649,ChatGPT,environment effect,2025-01-18,,2025-02-17,-1.0
8650,ChatGPT,environment effect,2025-02-17,,2025-03-19,-1.0
8651,ChatGPT,environment effect,2024-12-19,,2025-01-18,-1.0
8652,ChatGPT,environment effect,2024-11-19,,2024-12-19,-1.0
8653,ChatGPT,environment effect,2025-04-18,,2025-05-18,-1.0
8654,ChatGPT,environment effect,2025-03-19,,2025-04-18,-1.0
8655,ChatGPT,environment effect,2024-08-21,,2024-09-20,-1.0
8656,ChatGPT,environment effect,2024-09-20,,2024-10-20,-1.0
8657,ChatGPT,environment effect,2024-10-20,,2024-11-19,-1.0
8658,ChatGPT,environment impact,2025-10-15,,2025-11-14,-1.0
8659,ChatGPT,environment impact,2025-11-14,,2025-12-14,-1.0
8660,ChatGPT,environment impact,2025-09-15,,2025-10-15,-1.0
8661,ChatGPT,environment effect,2022-11-30,,2022-12-30,-1.0
8662,ChatGPT,environment impact,2026-01-13,,2026-02-12,-1.0
8663,ChatGPT,environment impact,2025-12-14,,2026-01-13,-1.0
8664,ChatGPT,environment impact,2025-06-17,,2025-07-17,-1.0
8665,ChatGPT,environment impact,2025-05-18,,2025-06-17,-1.0
8666,ChatGPT,environment impact,2025-08-16,,2025-09-15,-1.0
8667,ChatGPT,environment impact,2025-07-17,,2025-08-16,-1.0
8668,ChatGPT,environment effect,2023-05-29,,2023-06-28,-1.0
8669,ChatGPT,environment effect,2023-06-28,,2023-07-28,-1.0
8670,ChatGPT,environment effect,2023-04-29,,2023-05-29,-1.0
8671,ChatGPT,environment effect,2023-08-27,,2023-09-26,-1.0
8672,ChatGPT,environment effect,2023-07-28,,2023-08-27,-1.0
8673,ChatGPT,environment effect,2022-12-30,,2023-01-29,-1.0
8674,ChatGPT,environment effect,2023-01-29,,2023-02-28,-1.0
8675,ChatGPT,environment effect,2023-03-30,,2023-04-29,-1.0
8676,ChatGPT,environment effect,2023-02-28,,2023-03-30,-1.0
8677,ChatGPT,environment cost,2024-04-23,,2024-05-23,-1.0
8678,ChatGPT,environment cost,2024-03-24,,2024-04-23,-1.0
8679,ChatGPT,environment cost,2024-05-23,,2024-06-22,-1.0
8680,ChatGPT,environment cost,2024-02-23,,2024-03-24,-1.0
8681,ChatGPT,environment cost,2024-07-22,,2024-08-21,-1.0
8682,ChatGPT,environment cost,2024-06-22,,2024-07-22,-1.0
8683,ChatGPT,environment cost,2023-11-25,,2023-12-25,-1.0
8684,ChatGPT,environment cost,2023-10-26,,2023-11-25,-1.0
8685,ChatGPT,environment cost,2023-12-25,,2024-01-24,-1.0
8686,ChatGPT,environment cost,2023-09-26,,2023-10-26,-1.0
8687,ChatGPT,environment cost,2024-01-24,,2024-02-23,-1.0
8688,ChatGPT,environment cost,2025-02-17,,2025-03-19,-1.0
8689,ChatGPT,environment cost,2025-01-18,,2025-02-17,-1.0
8690,ChatGPT,environment cost,2025-03-19,,2025-04-18,-1.0
8691,ChatGPT,environment cost,2024-12-19,,2025-01-18,-1.0
8692,ChatGPT,environment cost,2025-04-18,,2025-05-18,-1.0
8693,ChatGPT,environment cost,2024-09-20,,2024-10-20,-1.0
8694,ChatGPT,environment cost,2024-08-21,,2024-09-20,-1.0
8695,ChatGPT,environment cost,2024-10-20,,2024-11-19,-1.0
8696,ChatGPT,environment cost,2024-11-19,,2024-12-19,-1.0
8697,ChatGPT,environment effect,2025-11-14,,2025-12-14,-1.0
8698,ChatGPT,environment effect,2025-12-14,,2026-01-13,-1.0
8699,ChatGPT,environment effect,2025-10-15,,2025-11-14,-1.0
8700,ChatGPT,environment effect,2025-09-15,,2025-10-15,-1.0
8701,ChatGPT,environment cost,2022-11-30,,2022-12-30,-1.0
8702,ChatGPT,environment effect,2026-01-13,,2026-02-12,-1.0
8703,ChatGPT,environment effect,2025-06-17,,2025-07-17,-1.0
8704,ChatGPT,environment effect,2025-07-17,,2025-08-16,-1.0
8705,ChatGPT,environment effect,2025-05-18,,2025-06-17,-1.0
8706,ChatGPT,environment effect,2025-08-16,,2025-09-15,-1.0
8707,ChatGPT,environment cost,2023-06-28,,2023-07-28,-1.0
8708,ChatGPT,environment cost,2023-07-28,,2023-08-27,-1.0
8709,ChatGPT,environment cost,2023-05-29,,2023-06-28,-1.0
8710,ChatGPT,environment cost,2023-04-29,,2023-05-29,-1.0
8711,ChatGPT,environment cost,2023-08-27,,2023-09-26,-1.0
8712,ChatGPT,environment cost,2023-01-29,,2023-02-28,-1.0
8713,ChatGPT,environment cost,2023-02-28,,2023-03-30,-1.0
8714,ChatGPT,environment cost,2022-12-30,,2023-01-29,-1.0
8715,ChatGPT,environment cost,2023-03-30,,2023-04-29,-1.0
8716,ChatGPT,energy consumption,2024-07-22,,2024-08-21,-1.0
8717,ChatGPT,energy consumption,2024-06-22,,2024-07-22,-1.0
8718,ChatGPT,energy consumption,2024-08-21,,2024-09-20,-1.0
8719,ChatGPT,energy consumption,2024-05-23,,2024-06-22,-1.0
8720,ChatGPT,energy consumption,2024-09-20,,2024-10-20,-1.0
8721,ChatGPT,energy consumption,2024-10-20,,2024-11-19,-1.0
8722,ChatGPT,energy consumption,2024-02-23,,2024-03-24,-1.0
8723,ChatGPT,energy consumption,2024-03-24,,2024-04-23,-1.0
8724,ChatGPT,energy consumption,2024-01-24,,2024-02-23,-1.0
8725,ChatGPT,energy consumption,2023-12-25,,2024-01-24,-1.0
8726,ChatGPT,energy consumption,2024-04-23,,2024-05-23,-1.0
8727,ChatGPT,energy consumption,2025-05-18,,2025-06-17,-1.0
8728,ChatGPT,energy consumption,2025-04-18,,2025-05-18,-1.0
8729,ChatGPT,energy consumption,2025-06-17,,2025-07-17,-1.0
8730,ChatGPT,energy consumption,2025-03-19,,2025-04-18,-1.0
8731,ChatGPT,energy consumption,2025-07-17,,2025-08-16,-1.0
8732,ChatGPT,energy consumption,2025-08-16,,2025-09-15,-1.0
8733,ChatGPT,energy consumption,2024-12-19,,2025-01-18,-1.0
8734,ChatGPT,energy consumption,2024-11-19,,2024-12-19,-1.0
8735,ChatGPT,energy consumption,2025-01-18,,2025-02-17,-1.0
8736,ChatGPT,energy consumption,2025-02-17,,2025-03-19,-1.0
8737,ChatGPT,energy consumption,2022-11-30,,2022-12-30,-1.0
8738,ChatGPT,energy consumption,2022-12-30,,2023-01-29,-1.0
8739,ChatGPT,waste,2026-01-13,,2026-02-12,-1.0
8740,ChatGPT,waste,2025-12-14,,2026-01-13,-1.0
8741,ChatGPT,energy consumption,2023-02-28,,2023-03-30,-1.0
8742,ChatGPT,energy consumption,2023-01-29,,2023-02-28,-1.0
8743,ChatGPT,waste,2025-09-15,,2025-10-15,-1.0
8744,ChatGPT,waste,2025-10-15,,2025-11-14,-1.0
8745,ChatGPT,waste,2025-08-16,,2025-09-15,-1.0
8746,ChatGPT,waste,2025-07-17,,2025-08-16,-1.0
8747,ChatGPT,waste,2025-11-14,,2025-12-14,-1.0
8748,ChatGPT,energy consumption,2023-09-26,,2023-10-26,-1.0
8749,ChatGPT,energy consumption,2023-10-26,,2023-11-25,-1.0
8750,ChatGPT,energy consumption,2023-08-27,,2023-09-26,-1.0
8751,ChatGPT,energy consumption,2023-07-28,,2023-08-27,-1.0
8752,ChatGPT,energy consumption,2023-11-25,,2023-12-25,-1.0
8753,ChatGPT,energy consumption,2023-04-29,,2023-05-29,-1.0
8754,ChatGPT,energy consumption,2023-05-29,,2023-06-28,-1.0
8755,ChatGPT,energy consumption,2023-03-30,,2023-04-29,-1.0
8756,ChatGPT,energy consumption,2023-06-28,,2023-07-28,-1.0
8757,ChatGPT,energy use,2024-08-21,,2024-09-20,-1.0
8758,ChatGPT,energy use,2024-07-22,,2024-08-21,-1.0
8759,ChatGPT,energy use,2024-06-22,,2024-07-22,-1.0
8760,ChatGPT,energy use,2024-11-19,,2024-12-19,-1.0
8761,ChatGPT,energy use,2024-10-20,,2024-11-19,-1.0
8762,ChatGPT,energy use,2024-09-20,,2024-10-20,-1.0
8763,ChatGPT,energy use,2024-03-24,,2024-04-23,-1.0
8764,ChatGPT,energy use,2024-02-23,,2024-03-24,-1.0
8765,ChatGPT,energy use,2024-01-24,,2024-02-23,-1.0
8766,ChatGPT,energy use,2024-05-23,,2024-06-22,-1.0
8767,ChatGPT,energy use,2024-04-23,,2024-05-23,-1.0
8768,ChatGPT,energy use,2025-05-18,,2025-06-17,-1.0
8769,ChatGPT,energy use,2025-06-17,,2025-07-17,-1.0
8770,ChatGPT,energy use,2025-04-18,,2025-05-18,-1.0
8771,ChatGPT,energy use,2025-08-16,,2025-09-15,-1.0
8772,ChatGPT,energy use,2025-07-17,,2025-08-16,-1.0
8773,ChatGPT,energy use,2024-12-19,,2025-01-18,-1.0
8774,ChatGPT,energy use,2025-01-18,,2025-02-17,-1.0
8775,ChatGPT,energy use,2025-03-19,,2025-04-18,-1.0
8776,ChatGPT,energy use,2025-02-17,,2025-03-19,-1.0
8777,ChatGPT,energy use,2022-12-30,,2023-01-29,-1.0
8778,ChatGPT,energy use,2022-11-30,,2022-12-30,-1.0
8779,ChatGPT,energy consumption,2026-01-13,,2026-02-12,-1.0
8780,ChatGPT,energy use,2023-01-29,,2023-02-28,-1.0
8781,ChatGPT,energy use,2023-03-30,,2023-04-29,-1.0
8782,ChatGPT,energy use,2023-02-28,,2023-03-30,-1.0
8783,ChatGPT,energy consumption,2025-10-15,,2025-11-14,-1.0
8784,ChatGPT,energy consumption,2025-09-15,,2025-10-15,-1.0
8785,ChatGPT,energy consumption,2025-11-14,,2025-12-14,-1.0
8786,ChatGPT,energy consumption,2025-12-14,,2026-01-13,-1.0
8787,ChatGPT,energy use,2023-10-26,,2023-11-25,-1.0
8788,ChatGPT,energy use,2023-09-26,,2023-10-26,-1.0
8789,ChatGPT,energy use,2023-08-27,,2023-09-26,-1.0
8790,ChatGPT,energy use,2023-12-25,,2024-01-24,-1.0
8791,ChatGPT,energy use,2023-11-25,,2023-12-25,-1.0
8792,ChatGPT,energy use,2023-05-29,,2023-06-28,-1.0
8793,ChatGPT,energy use,2023-04-29,,2023-05-29,-1.0
8794,ChatGPT,energy use,2023-07-28,,2023-08-27,-1.0
8795,ChatGPT,energy use,2023-06-28,,2023-07-28,-1.0
8796,ChatGPT,pollution,2024-06-22,,2024-07-22,-1.0
8797,ChatGPT,pollution,2024-05-23,,2024-06-22,-1.0
8798,ChatGPT,pollution,2024-04-23,,2024-05-23,-1.0
8799,ChatGPT,pollution,2024-09-20,,2024-10-20,-1.0
8800,ChatGPT,pollution,2024-08-21,,2024-09-20,-1.0
8801,ChatGPT,pollution,2024-07-22,,2024-08-21,-1.0
8802,ChatGPT,pollution,2024-01-24,,2024-02-23,-1.0
8803,ChatGPT,pollution,2023-12-25,,2024-01-24,-1.0
8804,ChatGPT,pollution,2023-11-25,,2023-12-25,-1.0
8805,ChatGPT,pollution,2024-02-23,,2024-03-24,-1.0
8806,ChatGPT,pollution,2024-03-24,,2024-04-23,-1.0
8807,ChatGPT,pollution,2025-04-18,,2025-05-18,-1.0
8808,ChatGPT,pollution,2025-03-19,,2025-04-18,-1.0
8809,ChatGPT,pollution,2025-02-17,,2025-03-19,-1.0
8810,ChatGPT,pollution,2025-06-17,,2025-07-17,-1.0
8811,ChatGPT,pollution,2025-07-17,,2025-08-16,-1.0
8812,ChatGPT,pollution,2025-05-18,,2025-06-17,-1.0
8813,ChatGPT,pollution,2024-11-19,,2024-12-19,-1.0
8814,ChatGPT,pollution,2024-10-20,,2024-11-19,-1.0
8815,ChatGPT,pollution,2025-01-18,,2025-02-17,-1.0
8816,ChatGPT,pollution,2024-12-19,,2025-01-18,-1.0
8817,ChatGPT,environment negative,2026-01-13,,2026-02-12,-1.0
8818,ChatGPT,environment negative,2025-12-14,,2026-01-13,-1.0
8819,ChatGPT,pollution,2022-11-30,,2022-12-30,-1.0
8820,ChatGPT,environment negative,2025-11-14,,2025-12-14,-1.0
8821,ChatGPT,pollution,2023-01-29,,2023-02-28,-1.0
8822,ChatGPT,pollution,2022-12-30,,2023-01-29,-1.0
8823,ChatGPT,environment negative,2025-08-16,,2025-09-15,-1.0
8824,ChatGPT,environment negative,2025-07-17,,2025-08-16,-1.0
8825,ChatGPT,environment negative,2025-09-15,,2025-10-15,-1.0
8826,ChatGPT,environment negative,2025-10-15,,2025-11-14,-1.0
8827,ChatGPT,pollution,2023-08-27,,2023-09-26,-1.0
8828,ChatGPT,pollution,2023-07-28,,2023-08-27,-1.0
8829,ChatGPT,pollution,2023-09-26,,2023-10-26,-1.0
8830,ChatGPT,pollution,2023-06-28,,2023-07-28,-1.0
8831,ChatGPT,pollution,2023-10-26,,2023-11-25,-1.0
8832,ChatGPT,pollution,2023-03-30,,2023-04-29,-1.0
8833,ChatGPT,pollution,2023-02-28,,2023-03-30,-1.0
8834,ChatGPT,pollution,2023-04-29,,2023-05-29,-1.0
8835,ChatGPT,pollution,2023-05-29,,2023-06-28,-1.0
8836,ChatGPT,waste,2024-06-22,,2024-07-22,-1.0
8837,ChatGPT,waste,2024-07-22,,2024-08-21,-1.0
8838,ChatGPT,waste,2024-05-23,,2024-06-22,-1.0
8839,ChatGPT,waste,2024-10-20,,2024-11-19,-1.0
8840,ChatGPT,waste,2024-09-20,,2024-10-20,-1.0
8841,ChatGPT,waste,2024-08-21,,2024-09-20,-1.0
8842,ChatGPT,waste,2024-01-24,,2024-02-23,-1.0
8843,ChatGPT,waste,2024-02-23,,2024-03-24,-1.0
8844,ChatGPT,waste,2023-12-25,,2024-01-24,-1.0
8845,ChatGPT,waste,2024-04-23,,2024-05-23,-1.0
8846,ChatGPT,waste,2024-03-24,,2024-04-23,-1.0
8847,ChatGPT,waste,2025-04-18,,2025-05-18,-1.0
8848,ChatGPT,waste,2025-05-18,,2025-06-17,-1.0
8849,ChatGPT,waste,2025-03-19,,2025-04-18,-1.0
8850,ChatGPT,waste,2025-06-17,,2025-07-17,-1.0
8851,ChatGPT,waste,2025-02-17,,2025-03-19,-1.0
8852,ChatGPT,waste,2024-11-19,,2024-12-19,-1.0
8853,ChatGPT,waste,2024-12-19,,2025-01-18,-1.0
8854,ChatGPT,waste,2025-01-18,,2025-02-17,-1.0
8855,ChatGPT,pollution,2026-01-13,,2026-02-12,-1.0
8856,ChatGPT,waste,2022-11-30,,2022-12-30,-1.0
8857,ChatGPT,pollution,2025-12-14,,2026-01-13,-1.0
8858,ChatGPT,waste,2023-02-28,,2023-03-30,-1.0
8859,ChatGPT,waste,2023-01-29,,2023-02-28,-1.0
8860,ChatGPT,waste,2022-12-30,,2023-01-29,-1.0
8861,ChatGPT,pollution,2025-09-15,,2025-10-15,-1.0
8862,ChatGPT,pollution,2025-08-16,,2025-09-15,-1.0
8863,ChatGPT,pollution,2025-11-14,,2025-12-14,-1.0
8864,ChatGPT,pollution,2025-10-15,,2025-11-14,-1.0
8865,ChatGPT,waste,2023-08-27,,2023-09-26,-1.0
8866,ChatGPT,waste,2023-09-26,,2023-10-26,-1.0
8867,ChatGPT,waste,2023-07-28,,2023-08-27,-1.0
8868,ChatGPT,waste,2023-11-25,,2023-12-25,-1.0
8869,ChatGPT,waste,2023-10-26,,2023-11-25,-1.0
8870,ChatGPT,waste,2023-03-30,,2023-04-29,-1.0
8871,ChatGPT,waste,2023-04-29,,2023-05-29,-1.0
8872,ChatGPT,waste,2023-06-28,,2023-07-28,-1.0
8873,ChatGPT,waste,2023-05-29,,2023-06-28,-1.0
8874,LLM,carbon cost,2025-07-17,,2025-08-16,-1.0
8875,LLM,carbon cost,2025-08-16,,2025-09-15,-1.0
8876,LLM,carbon cost,2025-06-17,,2025-07-17,-1.0
8877,LLM,carbon cost,2025-05-18,,2025-06-17,-1.0
8878,LLM,carbon cost,2025-10-15,,2025-11-14,-1.0
8879,LLM,carbon cost,2025-09-15,,2025-10-15,-1.0
8880,LLM,carbon footprint,2023-06-28,,2023-07-28,-1.0
8881,LLM,carbon cost,2025-02-17,,2025-03-19,-1.0
8882,LLM,carbon cost,2025-03-19,,2025-04-18,-1.0
8883,LLM,carbon cost,2025-01-18,,2025-02-17,-1.0
8884,LLM,carbon cost,2025-04-18,,2025-05-18,-1.0
8885,LLM,carbon imapct,2023-02-28,,2023-03-30,-1.0
8886,LLM,carbon imapct,2023-03-30,,2023-04-29,-1.0
8887,LLM,carbon imapct,2023-01-29,,2023-02-28,-1.0
8888,LLM,carbon imapct,2022-12-30,,2023-01-29,-1.0
8889,LLM,carbon imapct,2023-05-29,,2023-06-28,-1.0
8890,LLM,carbon imapct,2023-04-29,,2023-05-29,-1.0
8891,LLM,carbon cost,2025-12-14,,2026-01-13,-1.0
8892,LLM,carbon cost,2026-01-13,,2026-02-12,-1.0
8893,LLM,carbon cost,2025-11-14,,2025-12-14,-1.0
8894,LLM,carbon imapct,2022-11-30,,2022-12-30,-1.0
8895,LLM,carbon cost,2024-12-19,,2025-01-18,-1.0
8896,LLM,carbon cost,2023-11-25,,2023-12-25,-1.0
8897,LLM,carbon cost,2023-12-25,,2024-01-24,-1.0
8898,LLM,carbon cost,2023-10-26,,2023-11-25,-1.0
8899,LLM,carbon cost,2024-03-24,,2024-04-23,-1.0
8900,LLM,carbon cost,2024-02-23,,2024-03-24,-1.0
8901,LLM,carbon cost,2024-01-24,,2024-02-23,-1.0
8902,LLM,carbon cost,2023-06-28,,2023-07-28,-1.0
8903,LLM,carbon cost,2023-07-28,,2023-08-27,-1.0
8904,LLM,carbon cost,2023-05-29,,2023-06-28,-1.0
8905,LLM,carbon cost,2023-09-26,,2023-10-26,-1.0
8906,LLM,carbon cost,2023-08-27,,2023-09-26,-1.0
8907,LLM,carbon cost,2024-09-20,,2024-10-20,-1.0
8908,LLM,carbon cost,2024-10-20,,2024-11-19,-1.0
8909,LLM,carbon cost,2024-08-21,,2024-09-20,-1.0
8910,LLM,carbon cost,2024-11-19,,2024-12-19,-1.0
8911,LLM,carbon cost,2024-04-23,,2024-05-23,-1.0
8912,LLM,carbon cost,2024-05-23,,2024-06-22,-1.0
8913,LLM,carbon cost,2024-07-22,,2024-08-21,-1.0
8914,LLM,carbon cost,2024-06-22,,2024-07-22,-1.0
8915,LLM,carbon imapct,2025-08-16,,2025-09-15,-1.0
8916,LLM,carbon imapct,2025-07-17,,2025-08-16,-1.0
8917,LLM,carbon imapct,2025-09-15,,2025-10-15,-1.0
8918,LLM,carbon imapct,2025-06-17,,2025-07-17,-1.0
8919,LLM,carbon imapct,2025-11-14,,2025-12-14,-1.0
8920,LLM,carbon imapct,2025-10-15,,2025-11-14,-1.0
8921,LLM,carbon imapct,2025-03-19,,2025-04-18,-1.0
8922,LLM,carbon imapct,2025-02-17,,2025-03-19,-1.0
8923,LLM,carbon imapct,2025-04-18,,2025-05-18,-1.0
8924,LLM,carbon imapct,2025-01-18,,2025-02-17,-1.0
8925,LLM,carbon imapct,2025-05-18,,2025-06-17,-1.0
8926,LLM,carbon footprint,2023-03-30,,2023-04-29,-1.0
8927,LLM,carbon footprint,2023-02-28,,2023-03-30,-1.0
8928,LLM,carbon footprint,2023-01-29,,2023-02-28,-1.0
8929,LLM,carbon footprint,2023-05-29,,2023-06-28,-1.0
8930,LLM,carbon footprint,2023-04-29,,2023-05-29,-1.0
8931,LLM,carbon imapct,2026-01-13,,2026-02-12,-1.0
8932,LLM,carbon imapct,2025-12-14,,2026-01-13,-1.0
8933,LLM,carbon footprint,2022-12-30,,2023-01-29,-1.0
8934,LLM,carbon footprint,2022-11-30,,2022-12-30,-1.0
8935,LLM,carbon imapct,2023-12-25,,2024-01-24,-1.0
8936,LLM,carbon imapct,2023-11-25,,2023-12-25,-1.0
8937,LLM,carbon imapct,2024-01-24,,2024-02-23,-1.0
8938,LLM,carbon imapct,2023-10-26,,2023-11-25,-1.0
8939,LLM,carbon imapct,2024-03-24,,2024-04-23,-1.0
8940,LLM,carbon imapct,2024-02-23,,2024-03-24,-1.0
8941,LLM,carbon imapct,2023-07-28,,2023-08-27,-1.0
8942,LLM,carbon imapct,2023-08-27,,2023-09-26,-1.0
8943,LLM,carbon imapct,2023-06-28,,2023-07-28,-1.0
8944,LLM,carbon imapct,2023-09-26,,2023-10-26,-1.0
8945,LLM,carbon imapct,2024-10-20,,2024-11-19,-1.0
8946,LLM,carbon imapct,2024-09-20,,2024-10-20,-1.0
8947,LLM,carbon imapct,2024-11-19,,2024-12-19,-1.0
8948,LLM,carbon imapct,2024-08-21,,2024-09-20,-1.0
8949,LLM,carbon imapct,2024-12-19,,2025-01-18,-1.0
8950,LLM,carbon imapct,2024-05-23,,2024-06-22,-1.0
8951,LLM,carbon imapct,2024-04-23,,2024-05-23,-1.0
8952,LLM,carbon imapct,2024-06-22,,2024-07-22,-1.0
8953,LLM,carbon imapct,2024-07-22,,2024-08-21,-1.0
8954,LLM,energy cost,2025-06-17,,2025-07-17,-1.0
8955,LLM,energy cost,2025-05-18,,2025-06-17,-1.0
8956,LLM,energy cost,2025-07-17,,2025-08-16,-1.0
8957,LLM,energy cost,2025-04-18,,2025-05-18,-1.0
8958,LLM,energy cost,2025-09-15,,2025-10-15,-1.0
8959,LLM,energy cost,2025-08-16,,2025-09-15,-1.0
8960,LLM,energy cost,2025-01-18,,2025-02-17,-1.0
8961,LLM,energy cost,2025-02-17,,2025-03-19,-1.0
8962,LLM,energy cost,2024-12-19,,2025-01-18,-1.0
8963,LLM,energy cost,2024-11-19,,2024-12-19,-1.0
8964,LLM,energy cost,2025-03-19,,2025-04-18,-1.0
8965,LLM,carbon emission,2023-01-29,,2023-02-28,-1.0
8966,LLM,carbon emission,2022-12-30,,2023-01-29,-1.0
8967,LLM,carbon emission,2023-02-28,,2023-03-30,-1.0
8968,LLM,carbon emission,2022-11-30,,2022-12-30,-1.0
8969,LLM,carbon emission,2023-03-30,,2023-04-29,-1.0
8970,LLM,carbon emission,2023-04-29,,2023-05-29,-1.0
8971,LLM,energy cost,2025-11-14,,2025-12-14,-1.0
8972,LLM,energy cost,2025-10-15,,2025-11-14,-1.0
8973,LLM,energy cost,2025-12-14,,2026-01-13,-1.0
8974,LLM,energy cost,2026-01-13,,2026-02-12,-1.0
8975,LLM,energy cost,2023-10-26,,2023-11-25,-1.0
8976,LLM,energy cost,2023-11-25,,2023-12-25,-1.0
8977,LLM,energy cost,2023-09-26,,2023-10-26,-1.0
8978,LLM,energy cost,2023-08-27,,2023-09-26,-1.0
8979,LLM,energy cost,2024-01-24,,2024-02-23,-1.0
8980,LLM,energy cost,2023-12-25,,2024-01-24,-1.0
8981,LLM,energy cost,2023-05-29,,2023-06-28,-1.0
8982,LLM,energy cost,2023-06-28,,2023-07-28,-1.0
8983,LLM,energy cost,2023-04-29,,2023-05-29,-1.0
8984,LLM,energy cost,2023-03-30,,2023-04-29,-1.0
8985,LLM,energy cost,2023-07-28,,2023-08-27,-1.0
8986,LLM,energy cost,2024-08-21,,2024-09-20,-1.0
8987,LLM,energy cost,2024-09-20,,2024-10-20,-1.0
8988,LLM,energy cost,2024-07-22,,2024-08-21,-1.0
8989,LLM,energy cost,2024-06-22,,2024-07-22,-1.0
8990,LLM,energy cost,2024-10-20,,2024-11-19,-1.0
8991,LLM,energy cost,2024-03-24,,2024-04-23,-1.0
8992,LLM,energy cost,2024-04-23,,2024-05-23,-1.0
8993,LLM,energy cost,2024-02-23,,2024-03-24,-1.0
8994,LLM,energy cost,2024-05-23,,2024-06-22,-1.0
8995,LLM,carbon emission,2025-07-17,,2025-08-16,-1.0
8996,LLM,carbon emission,2025-06-17,,2025-07-17,-1.0
8997,LLM,carbon emission,2025-05-18,,2025-06-17,-1.0
8998,LLM,carbon emission,2025-10-15,,2025-11-14,-1.0
8999,LLM,carbon emission,2025-09-15,,2025-10-15,-1.0
9000,LLM,carbon emission,2025-08-16,,2025-09-15,-1.0
9001,LLM,carbon emission,2025-02-17,,2025-03-19,-1.0
9002,LLM,carbon emission,2025-01-18,,2025-02-17,-1.0
9003,LLM,carbon emission,2024-12-19,,2025-01-18,-1.0
9004,LLM,carbon emission,2025-04-18,,2025-05-18,-1.0
9005,LLM,carbon emission,2025-03-19,,2025-04-18,-1.0
9006,LLM,carbon cost,2023-01-29,,2023-02-28,-1.0
9007,LLM,carbon cost,2023-02-28,,2023-03-30,-1.0
9008,LLM,carbon cost,2022-12-30,,2023-01-29,-1.0
9009,LLM,carbon cost,2023-04-29,,2023-05-29,-1.0
9010,LLM,carbon cost,2023-03-30,,2023-04-29,-1.0
9011,LLM,carbon emission,2025-11-14,,2025-12-14,-1.0
9012,LLM,carbon emission,2025-12-14,,2026-01-13,-1.0
9013,LLM,carbon cost,2022-11-30,,2022-12-30,-1.0
9014,LLM,carbon emission,2026-01-13,,2026-02-12,-1.0
9015,LLM,carbon emission,2023-11-25,,2023-12-25,-1.0
9016,LLM,carbon emission,2023-10-26,,2023-11-25,-1.0
9017,LLM,carbon emission,2023-09-26,,2023-10-26,-1.0
9018,LLM,carbon emission,2024-02-23,,2024-03-24,-1.0
9019,LLM,carbon emission,2024-01-24,,2024-02-23,-1.0
9020,LLM,carbon emission,2023-12-25,,2024-01-24,-1.0
9021,LLM,carbon emission,2023-06-28,,2023-07-28,-1.0
9022,LLM,carbon emission,2023-05-29,,2023-06-28,-1.0
9023,LLM,carbon emission,2023-07-28,,2023-08-27,-1.0
9024,LLM,carbon emission,2023-08-27,,2023-09-26,-1.0
9025,LLM,carbon emission,2024-09-20,,2024-10-20,-1.0
9026,LLM,carbon emission,2024-08-21,,2024-09-20,-1.0
9027,LLM,carbon emission,2024-07-22,,2024-08-21,-1.0
9028,LLM,carbon emission,2024-11-19,,2024-12-19,-1.0
9029,LLM,carbon emission,2024-10-20,,2024-11-19,-1.0
9030,LLM,carbon emission,2024-04-23,,2024-05-23,-1.0
9031,LLM,carbon emission,2024-03-24,,2024-04-23,-1.0
9032,LLM,carbon emission,2024-06-22,,2024-07-22,-1.0
9033,LLM,carbon emission,2024-05-23,,2024-06-22,-1.0
9034,Large Language Model,water usage,2025-10-15,,2025-11-14,-1.0
9035,Large Language Model,water usage,2025-09-15,,2025-10-15,-1.0
9036,Large Language Model,water usage,2025-08-16,,2025-09-15,-1.0
9037,Large Language Model,water usage,2025-12-14,,2026-01-13,-1.0
9038,Large Language Model,water usage,2026-01-13,,2026-02-12,-1.0
9039,Large Language Model,water usage,2025-11-14,,2025-12-14,-1.0
9040,Large Language Model,water usage,2025-05-18,,2025-06-17,-1.0
9041,Large Language Model,water usage,2025-04-18,,2025-05-18,-1.0
9042,Large Language Model,water usage,2025-03-19,,2025-04-18,-1.0
9043,Large Language Model,water usage,2025-07-17,,2025-08-16,-1.0
9044,Large Language Model,water usage,2025-06-17,,2025-07-17,-1.0
9045,Large Language Model,water footprint,2023-04-29,,2023-05-29,-1.0
9046,Large Language Model,water footprint,2023-05-29,,2023-06-28,-1.0
9047,Large Language Model,water footprint,2023-03-30,,2023-04-29,-1.0
9048,Large Language Model,water footprint,2023-07-28,,2023-08-27,-1.0
9049,Large Language Model,water footprint,2023-06-28,,2023-07-28,-1.0
9050,Large Language Model,water footprint,2023-08-27,,2023-09-26,-1.0
9051,Large Language Model,water footprint,2022-12-30,,2023-01-29,-1.0
9052,Large Language Model,water footprint,2022-11-30,,2022-12-30,-1.0
9053,Large Language Model,water footprint,2023-02-28,,2023-03-30,-1.0
9054,Large Language Model,water footprint,2023-01-29,,2023-02-28,-1.0
9055,Large Language Model,water usage,2024-02-23,,2024-03-24,-1.0
9056,Large Language Model,water usage,2024-01-24,,2024-02-23,-1.0
9057,Large Language Model,water usage,2024-03-24,,2024-04-23,-1.0
9058,Large Language Model,water usage,2023-12-25,,2024-01-24,-1.0
9059,Large Language Model,water usage,2024-05-23,,2024-06-22,-1.0
9060,Large Language Model,water usage,2024-04-23,,2024-05-23,-1.0
9061,Large Language Model,water usage,2023-09-26,,2023-10-26,-1.0
9062,Large Language Model,water usage,2023-08-27,,2023-09-26,-1.0
9063,Large Language Model,water usage,2023-10-26,,2023-11-25,-1.0
9064,Large Language Model,water usage,2023-07-28,,2023-08-27,-1.0
9065,Large Language Model,water usage,2023-11-25,,2023-12-25,-1.0
9066,Large Language Model,water usage,2024-12-19,,2025-01-18,-1.0
9067,Large Language Model,water usage,2024-11-19,,2024-12-19,-1.0
9068,Large Language Model,water usage,2024-10-20,,2024-11-19,-1.0
9069,Large Language Model,water usage,2025-02-17,,2025-03-19,-1.0
9070,Large Language Model,water usage,2025-01-18,,2025-02-17,-1.0
9071,Large Language Model,water usage,2024-07-22,,2024-08-21,-1.0
9072,Large Language Model,water usage,2024-06-22,,2024-07-22,-1.0
9073,Large Language Model,water usage,2024-09-20,,2024-10-20,-1.0
9074,Large Language Model,water usage,2024-08-21,,2024-09-20,-1.0
9075,Large Language Model,water footprint,2025-10-15,,2025-11-14,-1.0
9076,Large Language Model,water footprint,2025-11-14,,2025-12-14,-1.0
9077,Large Language Model,water footprint,2025-09-15,,2025-10-15,-1.0
9078,Large Language Model,water footprint,2026-01-13,,2026-02-12,-1.0
9079,Large Language Model,water footprint,2025-12-14,,2026-01-13,-1.0
9080,Large Language Model,water footprint,2025-08-16,,2025-09-15,-1.0
9081,Large Language Model,water footprint,2025-05-18,,2025-06-17,-1.0
9082,Large Language Model,water footprint,2025-06-17,,2025-07-17,-1.0
9083,Large Language Model,water footprint,2025-04-18,,2025-05-18,-1.0
9084,Large Language Model,water footprint,2025-07-17,,2025-08-16,-1.0
9085,Large Language Model,water impact,2023-05-29,,2023-06-28,-1.0
9086,Large Language Model,water impact,2023-06-28,,2023-07-28,-1.0
9087,Large Language Model,water impact,2023-04-29,,2023-05-29,-1.0
9088,Large Language Model,water impact,2023-03-30,,2023-04-29,-1.0
9089,Large Language Model,water impact,2023-08-27,,2023-09-26,-1.0
9090,Large Language Model,water impact,2023-07-28,,2023-08-27,-1.0
9091,Large Language Model,water impact,2022-12-30,,2023-01-29,-1.0
9092,Large Language Model,water impact,2023-01-29,,2023-02-28,-1.0
9093,Large Language Model,water impact,2022-11-30,,2022-12-30,-1.0
9094,Large Language Model,water impact,2023-02-28,,2023-03-30,-1.0
9095,Large Language Model,water footprint,2024-02-23,,2024-03-24,-1.0
9096,Large Language Model,water footprint,2024-03-24,,2024-04-23,-1.0
9097,Large Language Model,water footprint,2024-01-24,,2024-02-23,-1.0
9098,Large Language Model,water footprint,2024-06-22,,2024-07-22,-1.0
9099,Large Language Model,water footprint,2024-05-23,,2024-06-22,-1.0
9100,Large Language Model,water footprint,2024-04-23,,2024-05-23,-1.0
9101,Large Language Model,water footprint,2023-09-26,,2023-10-26,-1.0
9102,Large Language Model,water footprint,2023-10-26,,2023-11-25,-1.0
9103,Large Language Model,water footprint,2023-12-25,,2024-01-24,-1.0
9104,Large Language Model,water footprint,2023-11-25,,2023-12-25,-1.0
9105,Large Language Model,water footprint,2024-12-19,,2025-01-18,-1.0
9106,Large Language Model,water footprint,2025-01-18,,2025-02-17,-1.0
9107,Large Language Model,water footprint,2024-11-19,,2024-12-19,-1.0
9108,Large Language Model,water footprint,2025-03-19,,2025-04-18,-1.0
9109,Large Language Model,water footprint,2025-02-17,,2025-03-19,-1.0
9110,Large Language Model,water footprint,2024-07-22,,2024-08-21,-1.0
9111,Large Language Model,water footprint,2024-08-21,,2024-09-20,-1.0
9112,Large Language Model,water footprint,2024-10-20,,2024-11-19,-1.0
9113,Large Language Model,water footprint,2024-09-20,,2024-10-20,-1.0
9114,LLM,carbon footprint,2025-08-16,,2025-09-15,-1.0
9115,LLM,carbon footprint,2025-09-15,,2025-10-15,-1.0
9116,LLM,carbon footprint,2025-07-17,,2025-08-16,-1.0
9117,LLM,carbon footprint,2025-12-14,,2026-01-13,-1.0
9118,LLM,carbon footprint,2025-11-14,,2025-12-14,-1.0
9119,LLM,carbon footprint,2025-10-15,,2025-11-14,-1.0
9120,LLM,carbon footprint,2025-03-19,,2025-04-18,-1.0
9121,LLM,carbon footprint,2025-04-18,,2025-05-18,-1.0
9122,LLM,carbon footprint,2025-02-17,,2025-03-19,-1.0
9123,LLM,carbon footprint,2025-06-17,,2025-07-17,-1.0
9124,LLM,carbon footprint,2025-05-18,,2025-06-17,-1.0
9125,Large Language Model,water use,2023-03-30,,2023-04-29,-1.0
9126,Large Language Model,water use,2023-04-29,,2023-05-29,-1.0
9127,Large Language Model,water use,2023-02-28,,2023-03-30,-1.0
9128,Large Language Model,water use,2023-06-28,,2023-07-28,-1.0
9129,Large Language Model,water use,2023-05-29,,2023-06-28,-1.0
9130,LLM,carbon footprint,2026-01-13,,2026-02-12,-1.0
9131,Large Language Model,water use,2022-11-30,,2022-12-30,-1.0
9132,Large Language Model,water use,2023-01-29,,2023-02-28,-1.0
9133,Large Language Model,water use,2022-12-30,,2023-01-29,-1.0
9134,LLM,carbon footprint,2024-01-24,,2024-02-23,-1.0
9135,LLM,carbon footprint,2023-12-25,,2024-01-24,-1.0
9136,LLM,carbon footprint,2023-11-25,,2023-12-25,-1.0
9137,LLM,carbon footprint,2024-04-23,,2024-05-23,-1.0
9138,LLM,carbon footprint,2024-03-24,,2024-04-23,-1.0
9139,LLM,carbon footprint,2024-02-23,,2024-03-24,-1.0
9140,LLM,carbon footprint,2023-08-27,,2023-09-26,-1.0
9141,LLM,carbon footprint,2023-07-28,,2023-08-27,-1.0
9142,LLM,carbon footprint,2023-10-26,,2023-11-25,-1.0
9143,LLM,carbon footprint,2023-09-26,,2023-10-26,-1.0
9144,LLM,carbon footprint,2024-10-20,,2024-11-19,-1.0
9145,LLM,carbon footprint,2024-11-19,,2024-12-19,-1.0
9146,LLM,carbon footprint,2024-09-20,,2024-10-20,-1.0
9147,LLM,carbon footprint,2025-01-18,,2025-02-17,-1.0
9148,LLM,carbon footprint,2024-12-19,,2025-01-18,-1.0
9149,LLM,carbon footprint,2024-05-23,,2024-06-22,-1.0
9150,LLM,carbon footprint,2024-06-22,,2024-07-22,-1.0
9151,LLM,carbon footprint,2024-08-21,,2024-09-20,-1.0
9152,LLM,carbon footprint,2024-07-22,,2024-08-21,-1.0
9153,Large Language Model,water use,2023-07-28,,2023-08-27,-1.0
9154,Large Language Model,water use,2025-09-15,,2025-10-15,-1.0
9155,Large Language Model,water use,2025-08-16,,2025-09-15,-1.0
9156,Large Language Model,water use,2025-10-15,,2025-11-14,-1.0
9157,Large Language Model,water use,2025-07-17,,2025-08-16,-1.0
9158,Large Language Model,water use,2025-12-14,,2026-01-13,-1.0
9159,Large Language Model,water use,2025-11-14,,2025-12-14,-1.0
9160,Large Language Model,water use,2025-04-18,,2025-05-18,-1.0
9161,Large Language Model,water use,2025-05-18,,2025-06-17,-1.0
9162,Large Language Model,water use,2025-03-19,,2025-04-18,-1.0
9163,Large Language Model,water use,2025-02-17,,2025-03-19,-1.0
9164,Large Language Model,water use,2025-06-17,,2025-07-17,-1.0
9165,Large Language Model,water usage,2023-04-29,,2023-05-29,-1.0
9166,Large Language Model,water usage,2023-03-30,,2023-04-29,-1.0
9167,Large Language Model,water usage,2023-05-29,,2023-06-28,-1.0
9168,Large Language Model,water usage,2023-02-28,,2023-03-30,-1.0
9169,Large Language Model,water usage,2023-06-28,,2023-07-28,-1.0
9170,Large Language Model,water usage,2022-11-30,,2022-12-30,-1.0
9171,Large Language Model,water use,2026-01-13,,2026-02-12,-1.0
9172,Large Language Model,water usage,2022-12-30,,2023-01-29,-1.0
9173,Large Language Model,water usage,2023-01-29,,2023-02-28,-1.0
9174,Large Language Model,water use,2024-01-24,,2024-02-23,-1.0
9175,Large Language Model,water use,2024-02-23,,2024-03-24,-1.0
9176,Large Language Model,water use,2023-12-25,,2024-01-24,-1.0
9177,Large Language Model,water use,2023-11-25,,2023-12-25,-1.0
9178,Large Language Model,water use,2024-04-23,,2024-05-23,-1.0
9179,Large Language Model,water use,2024-03-24,,2024-04-23,-1.0
9180,Large Language Model,water use,2023-08-27,,2023-09-26,-1.0
9181,Large Language Model,water use,2023-09-26,,2023-10-26,-1.0
9182,Large Language Model,water use,2023-10-26,,2023-11-25,-1.0
9183,Large Language Model,water use,2024-11-19,,2024-12-19,-1.0
9184,Large Language Model,water use,2024-12-19,,2025-01-18,-1.0
9185,Large Language Model,water use,2024-10-20,,2024-11-19,-1.0
9186,Large Language Model,water use,2024-09-20,,2024-10-20,-1.0
9187,Large Language Model,water use,2025-01-18,,2025-02-17,-1.0
9188,Large Language Model,water use,2024-06-22,,2024-07-22,-1.0
9189,Large Language Model,water use,2024-07-22,,2024-08-21,-1.0
9190,Large Language Model,water use,2024-05-23,,2024-06-22,-1.0
9191,Large Language Model,water use,2024-08-21,,2024-09-20,-1.0
9192,LLM,waste,2025-02-17,,2025-03-19,-1.0
9193,LLM,waste,2025-03-19,,2025-04-18,-1.0
9194,LLM,waste,2025-01-18,,2025-02-17,-1.0
9195,LLM,waste,2025-05-18,,2025-06-17,-1.0
9196,LLM,waste,2025-04-18,,2025-05-18,-1.0
9197,LLM,energy use,2023-01-29,,2023-02-28,-1.0
9198,LLM,waste,2024-09-20,,2024-10-20,-1.0
9199,LLM,waste,2024-10-20,,2024-11-19,-1.0
9200,LLM,waste,2024-08-21,,2024-09-20,-1.0
9201,LLM,waste,2024-12-19,,2025-01-18,-1.0
9202,LLM,waste,2024-11-19,,2024-12-19,-1.0
9203,LLM,waste,2025-06-17,,2025-07-17,-1.0
9204,LLM,waste,2025-12-14,,2026-01-13,-1.0
9205,LLM,waste,2026-01-13,,2026-02-12,-1.0
9206,LLM,waste,2025-11-14,,2025-12-14,-1.0
9207,LLM,waste,2025-10-15,,2025-11-14,-1.0
9208,LLM,energy consumption,2022-12-30,,2023-01-29,-1.0
9209,LLM,energy consumption,2022-11-30,,2022-12-30,-1.0
9210,LLM,waste,2025-07-17,,2025-08-16,-1.0
9211,LLM,waste,2025-08-16,,2025-09-15,-1.0
9212,LLM,waste,2025-09-15,,2025-10-15,-1.0
9213,LLM,waste,2023-06-28,,2023-07-28,-1.0
9214,LLM,waste,2023-07-28,,2023-08-27,-1.0
9215,LLM,waste,2023-05-29,,2023-06-28,-1.0
9216,LLM,waste,2023-10-26,,2023-11-25,-1.0
9217,LLM,waste,2023-09-26,,2023-10-26,-1.0
9218,LLM,waste,2023-08-27,,2023-09-26,-1.0
9219,LLM,waste,2023-01-29,,2023-02-28,-1.0
9220,LLM,waste,2023-02-28,,2023-03-30,-1.0
9221,LLM,waste,2022-12-30,,2023-01-29,-1.0
9222,LLM,waste,2023-04-29,,2023-05-29,-1.0
9223,LLM,waste,2023-03-30,,2023-04-29,-1.0
9224,LLM,waste,2024-04-23,,2024-05-23,-1.0
9225,LLM,waste,2024-05-23,,2024-06-22,-1.0
9226,LLM,waste,2024-03-24,,2024-04-23,-1.0
9227,LLM,waste,2024-07-22,,2024-08-21,-1.0
9228,LLM,waste,2024-06-22,,2024-07-22,-1.0
9229,LLM,waste,2023-11-25,,2023-12-25,-1.0
9230,LLM,waste,2023-12-25,,2024-01-24,-1.0
9231,LLM,waste,2024-02-23,,2024-03-24,-1.0
9232,LLM,waste,2024-01-24,,2024-02-23,-1.0
9233,LLM,energy consumption,2025-03-19,,2025-04-18,-1.0
9234,LLM,energy consumption,2025-02-17,,2025-03-19,-1.0
9235,LLM,energy consumption,2025-04-18,,2025-05-18,-1.0
9236,LLM,energy consumption,2025-01-18,,2025-02-17,-1.0
9237,LLM,energy consumption,2025-06-17,,2025-07-17,-1.0
9238,LLM,energy consumption,2025-05-18,,2025-06-17,-1.0
9239,LLM,energy consumption,2024-10-20,,2024-11-19,-1.0
9240,LLM,energy consumption,2024-09-20,,2024-10-20,-1.0
9241,LLM,energy consumption,2024-11-19,,2024-12-19,-1.0
9242,LLM,energy consumption,2024-08-21,,2024-09-20,-1.0
9243,LLM,energy consumption,2024-12-19,,2025-01-18,-1.0
9244,LLM,energy consumption,2026-01-13,,2026-02-12,-1.0
9245,LLM,energy consumption,2025-12-14,,2026-01-13,-1.0
9246,LLM,energy use,2022-11-30,,2022-12-30,-1.0
9247,LLM,energy consumption,2025-11-14,,2025-12-14,-1.0
9248,LLM,energy use,2022-12-30,,2023-01-29,-1.0
9249,LLM,energy consumption,2025-08-16,,2025-09-15,-1.0
9250,LLM,energy consumption,2025-07-17,,2025-08-16,-1.0
9251,LLM,energy consumption,2025-09-15,,2025-10-15,-1.0
9252,LLM,energy consumption,2025-10-15,,2025-11-14,-1.0
9253,LLM,energy consumption,2023-07-28,,2023-08-27,-1.0
9254,LLM,energy consumption,2023-08-27,,2023-09-26,-1.0
9255,LLM,energy consumption,2023-06-28,,2023-07-28,-1.0
9256,LLM,energy consumption,2023-05-29,,2023-06-28,-1.0
9257,LLM,energy consumption,2023-10-26,,2023-11-25,-1.0
9258,LLM,energy consumption,2023-09-26,,2023-10-26,-1.0
9259,LLM,energy consumption,2023-02-28,,2023-03-30,-1.0
9260,LLM,energy consumption,2023-03-30,,2023-04-29,-1.0
9261,LLM,energy consumption,2023-01-29,,2023-02-28,-1.0
9262,LLM,energy consumption,2023-04-29,,2023-05-29,-1.0
9263,LLM,energy consumption,2024-05-23,,2024-06-22,-1.0
9264,LLM,energy consumption,2024-06-22,,2024-07-22,-1.0
9265,LLM,energy consumption,2024-04-23,,2024-05-23,-1.0
9266,LLM,energy consumption,2024-03-24,,2024-04-23,-1.0
9267,LLM,energy consumption,2024-07-22,,2024-08-21,-1.0
9268,LLM,energy consumption,2023-12-25,,2024-01-24,-1.0
9269,LLM,energy consumption,2024-01-24,,2024-02-23,-1.0
9270,LLM,energy consumption,2023-11-25,,2023-12-25,-1.0
9271,LLM,energy consumption,2024-02-23,,2024-03-24,-1.0
9272,LLM,environment negative,2025-01-18,,2025-02-17,-1.0
9273,LLM,environment negative,2025-02-17,,2025-03-19,-1.0
9274,LLM,environment negative,2024-12-19,,2025-01-18,-1.0
9275,LLM,environment negative,2024-11-19,,2024-12-19,-1.0
9276,LLM,environment negative,2025-04-18,,2025-05-18,-1.0
9277,LLM,environment negative,2025-03-19,,2025-04-18,-1.0
9278,LLM,environment negative,2024-08-21,,2024-09-20,-1.0
9279,LLM,environment negative,2024-09-20,,2024-10-20,-1.0
9280,LLM,environment negative,2024-07-22,,2024-08-21,-1.0
9281,LLM,environment negative,2024-06-22,,2024-07-22,-1.0
9282,LLM,environment negative,2024-10-20,,2024-11-19,-1.0
9283,LLM,environment negative,2025-11-14,,2025-12-14,-1.0
9284,LLM,environment negative,2025-10-15,,2025-11-14,-1.0
9285,LLM,environment negative,2025-12-14,,2026-01-13,-1.0
9286,LLM,environment negative,2025-09-15,,2025-10-15,-1.0
9287,LLM,environment negative,2026-01-13,,2026-02-12,-1.0
9288,LLM,pollution,2022-11-30,,2022-12-30,-1.0
9289,LLM,environment negative,2025-06-17,,2025-07-17,-1.0
9290,LLM,environment negative,2025-07-17,,2025-08-16,-1.0
9291,LLM,environment negative,2025-05-18,,2025-06-17,-1.0
9292,LLM,environment negative,2025-08-16,,2025-09-15,-1.0
9293,LLM,environment negative,2023-05-29,,2023-06-28,-1.0
9294,LLM,environment negative,2023-06-28,,2023-07-28,-1.0
9295,LLM,environment negative,2023-04-29,,2023-05-29,-1.0
9296,LLM,environment negative,2023-08-27,,2023-09-26,-1.0
9297,LLM,environment negative,2023-07-28,,2023-08-27,-1.0
9298,LLM,environment negative,2022-12-30,,2023-01-29,-1.0
9299,LLM,environment negative,2023-01-29,,2023-02-28,-1.0
9300,LLM,environment negative,2023-03-30,,2023-04-29,-1.0
9301,LLM,environment negative,2023-02-28,,2023-03-30,-1.0
9302,LLM,environment negative,2024-03-24,,2024-04-23,-1.0
9303,LLM,environment negative,2024-04-23,,2024-05-23,-1.0
9304,LLM,environment negative,2024-02-23,,2024-03-24,-1.0
9305,LLM,environment negative,2024-01-24,,2024-02-23,-1.0
9306,LLM,environment negative,2023-09-26,,2023-10-26,-1.0
9307,LLM,environment negative,2024-05-23,,2024-06-22,-1.0
9308,LLM,environment negative,2023-10-26,,2023-11-25,-1.0
9309,LLM,environment negative,2023-11-25,,2023-12-25,-1.0
9310,LLM,environment negative,2023-12-25,,2024-01-24,-1.0
9311,LLM,pollution,2025-02-17,,2025-03-19,-1.0
9312,LLM,pollution,2025-01-18,,2025-02-17,-1.0
9313,LLM,pollution,2024-12-19,,2025-01-18,-1.0
9314,LLM,pollution,2025-05-18,,2025-06-17,-1.0
9315,LLM,pollution,2025-04-18,,2025-05-18,-1.0
9316,LLM,pollution,2025-03-19,,2025-04-18,-1.0
9317,LLM,pollution,2024-09-20,,2024-10-20,-1.0
9318,LLM,pollution,2024-08-21,,2024-09-20,-1.0
9319,LLM,pollution,2024-07-22,,2024-08-21,-1.0
9320,LLM,pollution,2024-11-19,,2024-12-19,-1.0
9321,LLM,pollution,2024-10-20,,2024-11-19,-1.0
9322,LLM,pollution,2025-12-14,,2026-01-13,-1.0
9323,LLM,pollution,2025-11-14,,2025-12-14,-1.0
9324,LLM,pollution,2025-10-15,,2025-11-14,-1.0
9325,LLM,waste,2022-11-30,,2022-12-30,-1.0
9326,LLM,pollution,2026-01-13,,2026-02-12,-1.0
9327,LLM,pollution,2025-07-17,,2025-08-16,-1.0
9328,LLM,pollution,2025-06-17,,2025-07-17,-1.0
9329,LLM,pollution,2025-09-15,,2025-10-15,-1.0
9330,LLM,pollution,2025-08-16,,2025-09-15,-1.0
9331,LLM,pollution,2023-06-28,,2023-07-28,-1.0
9332,LLM,pollution,2023-05-29,,2023-06-28,-1.0
9333,LLM,pollution,2023-07-28,,2023-08-27,-1.0
9334,LLM,pollution,2023-04-29,,2023-05-29,-1.0
9335,LLM,pollution,2023-09-26,,2023-10-26,-1.0
9336,LLM,pollution,2023-08-27,,2023-09-26,-1.0
9337,LLM,pollution,2023-01-29,,2023-02-28,-1.0
9338,LLM,pollution,2022-12-30,,2023-01-29,-1.0
9339,LLM,pollution,2023-02-28,,2023-03-30,-1.0
9340,LLM,pollution,2023-03-30,,2023-04-29,-1.0
9341,LLM,pollution,2024-04-23,,2024-05-23,-1.0
9342,LLM,pollution,2024-03-24,,2024-04-23,-1.0
9343,LLM,pollution,2024-05-23,,2024-06-22,-1.0
9344,LLM,pollution,2024-02-23,,2024-03-24,-1.0
9345,LLM,pollution,2024-06-22,,2024-07-22,-1.0
9346,LLM,pollution,2023-11-25,,2023-12-25,-1.0
9347,LLM,pollution,2023-10-26,,2023-11-25,-1.0
9348,LLM,pollution,2023-12-25,,2024-01-24,-1.0
9349,LLM,pollution,2024-01-24,,2024-02-23,-1.0
9350,LLM,energy footprint,2025-05-18,,2025-06-17,-1.0
9351,LLM,energy footprint,2025-04-18,,2025-05-18,-1.0
9352,LLM,energy footprint,2025-03-19,,2025-04-18,-1.0
9353,LLM,energy footprint,2025-07-17,,2025-08-16,-1.0
9354,LLM,energy footprint,2025-08-16,,2025-09-15,-1.0
9355,LLM,energy footprint,2025-06-17,,2025-07-17,-1.0
9356,LLM,energy footprint,2024-12-19,,2025-01-18,-1.0
9357,LLM,energy footprint,2024-11-19,,2024-12-19,-1.0
9358,LLM,energy footprint,2025-01-18,,2025-02-17,-1.0
9359,LLM,energy footprint,2024-10-20,,2024-11-19,-1.0
9360,LLM,energy footprint,2025-02-17,,2025-03-19,-1.0
9361,LLM,energy impact,2022-12-30,,2023-01-29,-1.0
9362,LLM,energy impact,2022-11-30,,2022-12-30,-1.0
9363,LLM,energy footprint,2026-01-13,,2026-02-12,-1.0
9364,LLM,energy impact,2023-02-28,,2023-03-30,-1.0
9365,LLM,energy impact,2023-03-30,,2023-04-29,-1.0
9366,LLM,energy impact,2023-01-29,,2023-02-28,-1.0
9367,LLM,energy footprint,2025-10-15,,2025-11-14,-1.0
9368,LLM,energy footprint,2025-09-15,,2025-10-15,-1.0
9369,LLM,energy footprint,2025-12-14,,2026-01-13,-1.0
9370,LLM,energy footprint,2025-11-14,,2025-12-14,-1.0
9371,LLM,energy footprint,2023-09-26,,2023-10-26,-1.0
9372,LLM,energy footprint,2023-08-27,,2023-09-26,-1.0
9373,LLM,energy footprint,2023-10-26,,2023-11-25,-1.0
9374,LLM,energy footprint,2023-07-28,,2023-08-27,-1.0
9375,LLM,energy footprint,2023-12-25,,2024-01-24,-1.0
9376,LLM,energy footprint,2023-11-25,,2023-12-25,-1.0
9377,LLM,energy footprint,2023-04-29,,2023-05-29,-1.0
9378,LLM,energy footprint,2023-03-30,,2023-04-29,-1.0
9379,LLM,energy footprint,2023-05-29,,2023-06-28,-1.0
9380,LLM,energy footprint,2023-02-28,,2023-03-30,-1.0
9381,LLM,energy footprint,2023-06-28,,2023-07-28,-1.0
9382,LLM,energy footprint,2024-07-22,,2024-08-21,-1.0
9383,LLM,energy footprint,2024-06-22,,2024-07-22,-1.0
9384,LLM,energy footprint,2024-08-21,,2024-09-20,-1.0
9385,LLM,energy footprint,2024-05-23,,2024-06-22,-1.0
9386,LLM,energy footprint,2024-09-20,,2024-10-20,-1.0
9387,LLM,energy footprint,2024-02-23,,2024-03-24,-1.0
9388,LLM,energy footprint,2024-01-24,,2024-02-23,-1.0
9389,LLM,energy footprint,2024-03-24,,2024-04-23,-1.0
9390,LLM,energy footprint,2024-04-23,,2024-05-23,-1.0
9391,LLM,energy impact,2025-05-18,,2025-06-17,-1.0
9392,LLM,energy impact,2025-06-17,,2025-07-17,-1.0
9393,LLM,energy impact,2025-04-18,,2025-05-18,-1.0
9394,LLM,energy impact,2025-09-15,,2025-10-15,-1.0
9395,LLM,energy impact,2025-08-16,,2025-09-15,-1.0
9396,LLM,energy impact,2025-07-17,,2025-08-16,-1.0
9397,LLM,energy impact,2024-12-19,,2025-01-18,-1.0
9398,LLM,energy impact,2025-01-18,,2025-02-17,-1.0
9399,LLM,energy impact,2024-11-19,,2024-12-19,-1.0
9400,LLM,energy impact,2025-03-19,,2025-04-18,-1.0
9401,LLM,energy impact,2025-02-17,,2025-03-19,-1.0
9402,LLM,energy cost,2022-12-30,,2023-01-29,-1.0
9403,LLM,energy cost,2023-01-29,,2023-02-28,-1.0
9404,LLM,energy cost,2022-11-30,,2022-12-30,-1.0
9405,LLM,energy cost,2023-02-28,,2023-03-30,-1.0
9406,LLM,energy impact,2026-01-13,,2026-02-12,-1.0
9407,LLM,energy impact,2025-10-15,,2025-11-14,-1.0
9408,LLM,energy impact,2025-11-14,,2025-12-14,-1.0
9409,LLM,energy impact,2025-12-14,,2026-01-13,-1.0
9410,LLM,energy impact,2023-09-26,,2023-10-26,-1.0
9411,LLM,energy impact,2023-10-26,,2023-11-25,-1.0
9412,LLM,energy impact,2023-08-27,,2023-09-26,-1.0
9413,LLM,energy impact,2024-01-24,,2024-02-23,-1.0
9414,LLM,energy impact,2023-12-25,,2024-01-24,-1.0
9415,LLM,energy impact,2023-11-25,,2023-12-25,-1.0
9416,LLM,energy impact,2023-05-29,,2023-06-28,-1.0
9417,LLM,energy impact,2023-04-29,,2023-05-29,-1.0
9418,LLM,energy impact,2023-07-28,,2023-08-27,-1.0
9419,LLM,energy impact,2023-06-28,,2023-07-28,-1.0
9420,LLM,energy impact,2024-07-22,,2024-08-21,-1.0
9421,LLM,energy impact,2024-08-21,,2024-09-20,-1.0
9422,LLM,energy impact,2024-06-22,,2024-07-22,-1.0
9423,LLM,energy impact,2024-10-20,,2024-11-19,-1.0
9424,LLM,energy impact,2024-09-20,,2024-10-20,-1.0
9425,LLM,energy impact,2024-02-23,,2024-03-24,-1.0
9426,LLM,energy impact,2024-03-24,,2024-04-23,-1.0
9427,LLM,energy impact,2024-05-23,,2024-06-22,-1.0
9428,LLM,energy impact,2024-04-23,,2024-05-23,-1.0
9429,LLM,energy use,2025-03-19,,2025-04-18,-1.0
9430,LLM,energy use,2025-04-18,,2025-05-18,-1.0
9431,LLM,energy use,2025-02-17,,2025-03-19,-1.0
9432,LLM,energy use,2025-07-17,,2025-08-16,-1.0
9433,LLM,energy use,2025-06-17,,2025-07-17,-1.0
9434,LLM,energy use,2025-05-18,,2025-06-17,-1.0
9435,LLM,energy use,2024-11-19,,2024-12-19,-1.0
9436,LLM,energy use,2024-10-20,,2024-11-19,-1.0
9437,LLM,energy use,2024-09-20,,2024-10-20,-1.0
9438,LLM,energy use,2025-01-18,,2025-02-17,-1.0
9439,LLM,energy use,2024-12-19,,2025-01-18,-1.0
9440,LLM,energy use,2026-01-13,,2026-02-12,-1.0
9441,LLM,energy usage,2022-11-30,,2022-12-30,-1.0
9442,LLM,energy use,2025-12-14,,2026-01-13,-1.0
9443,LLM,energy usage,2023-01-29,,2023-02-28,-1.0
9444,LLM,energy usage,2022-12-30,,2023-01-29,-1.0
9445,LLM,energy usage,2023-02-28,,2023-03-30,-1.0
9446,LLM,energy use,2025-08-16,,2025-09-15,-1.0
9447,LLM,energy use,2025-09-15,,2025-10-15,-1.0
9448,LLM,energy use,2025-11-14,,2025-12-14,-1.0
9449,LLM,energy use,2025-10-15,,2025-11-14,-1.0
9450,LLM,energy use,2023-08-27,,2023-09-26,-1.0
9451,LLM,energy use,2023-07-28,,2023-08-27,-1.0
9452,LLM,energy use,2023-06-28,,2023-07-28,-1.0
9453,LLM,energy use,2023-11-25,,2023-12-25,-1.0
9454,LLM,energy use,2023-10-26,,2023-11-25,-1.0
9455,LLM,energy use,2023-09-26,,2023-10-26,-1.0
9456,LLM,energy use,2023-03-30,,2023-04-29,-1.0
9457,LLM,energy use,2023-02-28,,2023-03-30,-1.0
9458,LLM,energy use,2023-04-29,,2023-05-29,-1.0
9459,LLM,energy use,2023-05-29,,2023-06-28,-1.0
9460,LLM,energy use,2024-06-22,,2024-07-22,-1.0
9461,LLM,energy use,2024-05-23,,2024-06-22,-1.0
9462,LLM,energy use,2024-04-23,,2024-05-23,-1.0
9463,LLM,energy use,2024-08-21,,2024-09-20,-1.0
9464,LLM,energy use,2024-07-22,,2024-08-21,-1.0
9465,LLM,energy use,2024-01-24,,2024-02-23,-1.0
9466,LLM,energy use,2023-12-25,,2024-01-24,-1.0
9467,LLM,energy use,2024-03-24,,2024-04-23,-1.0
9468,LLM,energy use,2024-02-23,,2024-03-24,-1.0
9469,LLM,energy usage,2025-04-18,,2025-05-18,-1.0
9470,LLM,energy usage,2025-05-18,,2025-06-17,-1.0
9471,LLM,energy usage,2025-03-19,,2025-04-18,-1.0
9472,LLM,energy usage,2025-02-17,,2025-03-19,-1.0
9473,LLM,energy usage,2025-07-17,,2025-08-16,-1.0
9474,LLM,energy usage,2025-06-17,,2025-07-17,-1.0
9475,LLM,energy usage,2024-11-19,,2024-12-19,-1.0
9476,LLM,energy usage,2024-12-19,,2025-01-18,-1.0
9477,LLM,energy usage,2024-10-20,,2024-11-19,-1.0
9478,LLM,energy usage,2024-09-20,,2024-10-20,-1.0
9479,LLM,energy usage,2025-01-18,,2025-02-17,-1.0
9480,LLM,energy footprint,2022-11-30,,2022-12-30,-1.0
9481,LLM,energy footprint,2022-12-30,,2023-01-29,-1.0
9482,LLM,energy usage,2026-01-13,,2026-02-12,-1.0
9483,LLM,energy usage,2025-12-14,,2026-01-13,-1.0
9484,LLM,energy footprint,2023-01-29,,2023-02-28,-1.0
9485,LLM,energy usage,2025-09-15,,2025-10-15,-1.0
9486,LLM,energy usage,2025-10-15,,2025-11-14,-1.0
9487,LLM,energy usage,2025-08-16,,2025-09-15,-1.0
9488,LLM,energy usage,2025-11-14,,2025-12-14,-1.0
9489,LLM,energy usage,2023-08-27,,2023-09-26,-1.0
9490,LLM,energy usage,2023-09-26,,2023-10-26,-1.0
9491,LLM,energy usage,2023-07-28,,2023-08-27,-1.0
9492,LLM,energy usage,2023-12-25,,2024-01-24,-1.0
9493,LLM,energy usage,2023-11-25,,2023-12-25,-1.0
9494,LLM,energy usage,2023-10-26,,2023-11-25,-1.0
9495,LLM,energy usage,2023-03-30,,2023-04-29,-1.0
9496,LLM,energy usage,2023-04-29,,2023-05-29,-1.0
9497,LLM,energy usage,2023-06-28,,2023-07-28,-1.0
9498,LLM,energy usage,2023-05-29,,2023-06-28,-1.0
9499,LLM,energy usage,2024-06-22,,2024-07-22,-1.0
9500,LLM,energy usage,2024-07-22,,2024-08-21,-1.0
9501,LLM,energy usage,2024-05-23,,2024-06-22,-1.0
9502,LLM,energy usage,2024-08-21,,2024-09-20,-1.0
9503,LLM,energy usage,2024-04-23,,2024-05-23,-1.0
9504,LLM,energy usage,2024-01-24,,2024-02-23,-1.0
9505,LLM,energy usage,2024-02-23,,2024-03-24,-1.0
9506,LLM,energy usage,2024-03-24,,2024-04-23,-1.0
9507,Large Language Model,pollution,2023-02-28,,2023-03-30,-1.0
9508,Large Language Model,pollution,2023-01-29,,2023-02-28,-1.0
9509,Large Language Model,pollution,2023-03-30,,2023-04-29,-1.0
9510,Large Language Model,pollution,2022-12-30,,2023-01-29,-1.0
9511,Large Language Model,pollution,2023-04-29,,2023-05-29,-1.0
9512,Large Language Model,pollution,2023-05-29,,2023-06-28,-1.0
9513,Large Language Model,waste,2024-04-23,,2024-05-23,-1.0
9514,Large Language Model,environment negative,2025-12-14,,2026-01-13,-1.0
9515,Large Language Model,environment negative,2025-11-14,,2025-12-14,-1.0
9516,Large Language Model,environment negative,2026-01-13,,2026-02-12,-1.0
9517,Large Language Model,environment negative,2025-10-15,,2025-11-14,-1.0
9518,Large Language Model,pollution,2022-11-30,,2022-12-30,-1.0
9519,Large Language Model,pollution,2023-12-25,,2024-01-24,-1.0
9520,Large Language Model,pollution,2023-11-25,,2023-12-25,-1.0
9521,Large Language Model,pollution,2024-01-24,,2024-02-23,-1.0
9522,Large Language Model,pollution,2023-10-26,,2023-11-25,-1.0
9523,Large Language Model,pollution,2024-02-23,,2024-03-24,-1.0
9524,Large Language Model,pollution,2024-03-24,,2024-04-23,-1.0
9525,Large Language Model,pollution,2023-07-28,,2023-08-27,-1.0
9526,Large Language Model,pollution,2023-06-28,,2023-07-28,-1.0
9527,Large Language Model,pollution,2023-08-27,,2023-09-26,-1.0
9528,Large Language Model,pollution,2023-09-26,,2023-10-26,-1.0
9529,Large Language Model,environment negative,2024-09-20,,2024-10-20,-1.0
9530,Large Language Model,environment negative,2024-10-20,,2024-11-19,-1.0
9531,Large Language Model,environment negative,2024-08-21,,2024-09-20,-1.0
9532,Large Language Model,environment negative,2024-07-22,,2024-08-21,-1.0
9533,Large Language Model,environment negative,2024-12-19,,2025-01-18,-1.0
9534,Large Language Model,environment negative,2024-11-19,,2024-12-19,-1.0
9535,Large Language Model,environment negative,2024-04-23,,2024-05-23,-1.0
9536,Large Language Model,environment negative,2024-05-23,,2024-06-22,-1.0
9537,Large Language Model,environment negative,2024-03-24,,2024-04-23,-1.0
9538,Large Language Model,environment negative,2024-02-23,,2024-03-24,-1.0
9539,Large Language Model,environment negative,2024-06-22,,2024-07-22,-1.0
9540,Large Language Model,environment negative,2025-07-17,,2025-08-16,-1.0
9541,Large Language Model,environment negative,2025-06-17,,2025-07-17,-1.0
9542,Large Language Model,environment negative,2025-08-16,,2025-09-15,-1.0
9543,Large Language Model,environment negative,2025-05-18,,2025-06-17,-1.0
9544,Large Language Model,environment negative,2025-09-15,,2025-10-15,-1.0
9545,Large Language Model,environment negative,2025-02-17,,2025-03-19,-1.0
9546,Large Language Model,environment negative,2025-03-19,,2025-04-18,-1.0
9547,Large Language Model,environment negative,2025-01-18,,2025-02-17,-1.0
9548,Large Language Model,environment negative,2025-04-18,,2025-05-18,-1.0
9549,Large Language Model,waste,2023-02-28,,2023-03-30,-1.0
9550,Large Language Model,waste,2023-03-30,,2023-04-29,-1.0
9551,Large Language Model,waste,2023-01-29,,2023-02-28,-1.0
9552,Large Language Model,waste,2023-06-28,,2023-07-28,-1.0
9553,Large Language Model,waste,2023-05-29,,2023-06-28,-1.0
9554,Large Language Model,waste,2023-04-29,,2023-05-29,-1.0
9555,Large Language Model,pollution,2026-01-13,,2026-02-12,-1.0
9556,Large Language Model,pollution,2025-12-14,,2026-01-13,-1.0
9557,Large Language Model,pollution,2025-11-14,,2025-12-14,-1.0
9558,Large Language Model,waste,2022-12-30,,2023-01-29,-1.0
9559,Large Language Model,waste,2022-11-30,,2022-12-30,-1.0
9560,Large Language Model,waste,2023-12-25,,2024-01-24,-1.0
9561,Large Language Model,waste,2024-01-24,,2024-02-23,-1.0
9562,Large Language Model,waste,2023-11-25,,2023-12-25,-1.0
9563,Large Language Model,waste,2024-03-24,,2024-04-23,-1.0
9564,Large Language Model,waste,2024-02-23,,2024-03-24,-1.0
9565,Large Language Model,waste,2023-07-28,,2023-08-27,-1.0
9566,Large Language Model,waste,2023-08-27,,2023-09-26,-1.0
9567,Large Language Model,waste,2023-10-26,,2023-11-25,-1.0
9568,Large Language Model,waste,2023-09-26,,2023-10-26,-1.0
9569,Large Language Model,pollution,2024-10-20,,2024-11-19,-1.0
9570,Large Language Model,pollution,2024-09-20,,2024-10-20,-1.0
9571,Large Language Model,pollution,2024-08-21,,2024-09-20,-1.0
9572,Large Language Model,pollution,2025-01-18,,2025-02-17,-1.0
9573,Large Language Model,pollution,2024-12-19,,2025-01-18,-1.0
9574,Large Language Model,pollution,2024-11-19,,2024-12-19,-1.0
9575,Large Language Model,pollution,2024-05-23,,2024-06-22,-1.0
9576,Large Language Model,pollution,2024-04-23,,2024-05-23,-1.0
9577,Large Language Model,pollution,2024-06-22,,2024-07-22,-1.0
9578,Large Language Model,pollution,2024-07-22,,2024-08-21,-1.0
9579,Large Language Model,pollution,2025-08-16,,2025-09-15,-1.0
9580,Large Language Model,pollution,2025-07-17,,2025-08-16,-1.0
9581,Large Language Model,pollution,2025-06-17,,2025-07-17,-1.0
9582,Large Language Model,pollution,2025-10-15,,2025-11-14,-1.0
9583,Large Language Model,pollution,2025-09-15,,2025-10-15,-1.0
9584,Large Language Model,pollution,2025-03-19,,2025-04-18,-1.0
9585,Large Language Model,pollution,2025-02-17,,2025-03-19,-1.0
9586,Large Language Model,pollution,2025-05-18,,2025-06-17,-1.0
9587,Large Language Model,pollution,2025-04-18,,2025-05-18,-1.0
9588,Large Language Model,environment harm,2023-01-29,,2023-02-28,-1.0
9589,Large Language Model,environment harm,2022-12-30,,2023-01-29,-1.0
9590,Large Language Model,environment harm,2022-11-30,,2022-12-30,-1.0
9591,Large Language Model,environment harm,2023-04-29,,2023-05-29,-1.0
9592,Large Language Model,environment harm,2023-03-30,,2023-04-29,-1.0
9593,Large Language Model,environment harm,2023-02-28,,2023-03-30,-1.0
9594,Large Language Model,environment cost,2025-11-14,,2025-12-14,-1.0
9595,Large Language Model,environment cost,2025-10-15,,2025-11-14,-1.0
9596,Large Language Model,environment cost,2025-09-15,,2025-10-15,-1.0
9597,Large Language Model,environment cost,2026-01-13,,2026-02-12,-1.0
9598,Large Language Model,environment cost,2025-12-14,,2026-01-13,-1.0
9599,Large Language Model,environment harm,2023-11-25,,2023-12-25,-1.0
9600,Large Language Model,environment harm,2023-10-26,,2023-11-25,-1.0
9601,Large Language Model,environment harm,2023-09-26,,2023-10-26,-1.0
9602,Large Language Model,environment harm,2024-01-24,,2024-02-23,-1.0
9603,Large Language Model,environment harm,2024-02-23,,2024-03-24,-1.0
9604,Large Language Model,environment harm,2023-12-25,,2024-01-24,-1.0
9605,Large Language Model,environment harm,2023-06-28,,2023-07-28,-1.0
9606,Large Language Model,environment harm,2023-05-29,,2023-06-28,-1.0
9607,Large Language Model,environment harm,2023-08-27,,2023-09-26,-1.0
9608,Large Language Model,environment harm,2023-07-28,,2023-08-27,-1.0
9609,Large Language Model,environment cost,2024-08-21,,2024-09-20,-1.0
9610,Large Language Model,environment cost,2024-07-22,,2024-08-21,-1.0
9611,Large Language Model,environment cost,2024-09-20,,2024-10-20,-1.0
9612,Large Language Model,environment cost,2024-06-22,,2024-07-22,-1.0
9613,Large Language Model,environment cost,2024-11-19,,2024-12-19,-1.0
9614,Large Language Model,environment cost,2024-10-20,,2024-11-19,-1.0
9615,Large Language Model,environment cost,2024-03-24,,2024-04-23,-1.0
9616,Large Language Model,environment cost,2024-02-23,,2024-03-24,-1.0
9617,Large Language Model,environment cost,2024-04-23,,2024-05-23,-1.0
9618,Large Language Model,environment cost,2024-01-24,,2024-02-23,-1.0
9619,Large Language Model,environment cost,2024-05-23,,2024-06-22,-1.0
9620,Large Language Model,environment cost,2025-06-17,,2025-07-17,-1.0
9621,Large Language Model,environment cost,2025-05-18,,2025-06-17,-1.0
9622,Large Language Model,environment cost,2025-07-17,,2025-08-16,-1.0
9623,Large Language Model,environment cost,2025-04-18,,2025-05-18,-1.0
9624,Large Language Model,environment cost,2025-08-16,,2025-09-15,-1.0
9625,Large Language Model,environment cost,2025-01-18,,2025-02-17,-1.0
9626,Large Language Model,environment cost,2024-12-19,,2025-01-18,-1.0
9627,Large Language Model,environment cost,2025-02-17,,2025-03-19,-1.0
9628,Large Language Model,environment cost,2025-03-19,,2025-04-18,-1.0
9629,Large Language Model,environment negative,2023-01-29,,2023-02-28,-1.0
9630,Large Language Model,environment negative,2023-02-28,,2023-03-30,-1.0
9631,Large Language Model,environment negative,2022-12-30,,2023-01-29,-1.0
9632,Large Language Model,environment negative,2023-04-29,,2023-05-29,-1.0
9633,Large Language Model,environment negative,2023-03-30,,2023-04-29,-1.0
9634,Large Language Model,environment harm,2025-11-14,,2025-12-14,-1.0
9635,Large Language Model,environment harm,2025-12-14,,2026-01-13,-1.0
9636,Large Language Model,environment harm,2025-10-15,,2025-11-14,-1.0
9637,Large Language Model,environment negative,2022-11-30,,2022-12-30,-1.0
9638,Large Language Model,environment harm,2026-01-13,,2026-02-12,-1.0
9639,Large Language Model,environment negative,2023-05-29,,2023-06-28,-1.0
9640,Large Language Model,environment negative,2023-11-25,,2023-12-25,-1.0
9641,Large Language Model,environment negative,2023-12-25,,2024-01-24,-1.0
9642,Large Language Model,environment negative,2023-10-26,,2023-11-25,-1.0
9643,Large Language Model,environment negative,2023-09-26,,2023-10-26,-1.0
9644,Large Language Model,environment negative,2024-01-24,,2024-02-23,-1.0
9645,Large Language Model,environment negative,2023-06-28,,2023-07-28,-1.0
9646,Large Language Model,environment negative,2023-07-28,,2023-08-27,-1.0
9647,Large Language Model,environment negative,2023-08-27,,2023-09-26,-1.0
9648,Large Language Model,environment harm,2024-08-21,,2024-09-20,-1.0
9649,Large Language Model,environment harm,2024-09-20,,2024-10-20,-1.0
9650,Large Language Model,environment harm,2024-07-22,,2024-08-21,-1.0
9651,Large Language Model,environment harm,2024-12-19,,2025-01-18,-1.0
9652,Large Language Model,environment harm,2024-11-19,,2024-12-19,-1.0
9653,Large Language Model,environment harm,2024-10-20,,2024-11-19,-1.0
9654,Large Language Model,environment harm,2024-03-24,,2024-04-23,-1.0
9655,Large Language Model,environment harm,2024-04-23,,2024-05-23,-1.0
9656,Large Language Model,environment harm,2024-06-22,,2024-07-22,-1.0
9657,Large Language Model,environment harm,2024-05-23,,2024-06-22,-1.0
9658,Large Language Model,environment harm,2025-06-17,,2025-07-17,-1.0
9659,Large Language Model,environment harm,2025-07-17,,2025-08-16,-1.0
9660,Large Language Model,environment harm,2025-05-18,,2025-06-17,-1.0
9661,Large Language Model,environment harm,2025-09-15,,2025-10-15,-1.0
9662,Large Language Model,environment harm,2025-08-16,,2025-09-15,-1.0
9663,Large Language Model,environment harm,2025-01-18,,2025-02-17,-1.0
9664,Large Language Model,environment harm,2025-02-17,,2025-03-19,-1.0
9665,Large Language Model,environment harm,2025-04-18,,2025-05-18,-1.0
9666,Large Language Model,environment harm,2025-03-19,,2025-04-18,-1.0
9667,Large Language Model,energy usage,2023-04-29,,2023-05-29,-1.0
9668,Large Language Model,energy usage,2023-05-29,,2023-06-28,-1.0
9669,Large Language Model,energy usage,2023-03-30,,2023-04-29,-1.0
9670,Large Language Model,energy usage,2023-07-28,,2023-08-27,-1.0
9671,Large Language Model,energy usage,2023-06-28,,2023-07-28,-1.0
9672,Large Language Model,energy usage,2023-08-27,,2023-09-26,-1.0
9673,Large Language Model,energy usage,2022-11-30,,2022-12-30,-1.0
9674,Large Language Model,energy usage,2022-12-30,,2023-01-29,-1.0
9675,Large Language Model,energy use,2026-01-13,,2026-02-12,-1.0
9676,Large Language Model,energy usage,2023-02-28,,2023-03-30,-1.0
9677,Large Language Model,energy usage,2023-01-29,,2023-02-28,-1.0
9678,Large Language Model,energy usage,2024-02-23,,2024-03-24,-1.0
9679,Large Language Model,energy usage,2024-03-24,,2024-04-23,-1.0
9680,Large Language Model,energy usage,2024-01-24,,2024-02-23,-1.0
9681,Large Language Model,energy usage,2024-05-23,,2024-06-22,-1.0
9682,Large Language Model,energy usage,2024-04-23,,2024-05-23,-1.0
9683,Large Language Model,energy usage,2023-12-25,,2024-01-24,-1.0
9684,Large Language Model,energy usage,2023-09-26,,2023-10-26,-1.0
9685,Large Language Model,energy usage,2023-10-26,,2023-11-25,-1.0
9686,Large Language Model,energy usage,2023-11-25,,2023-12-25,-1.0
9687,Large Language Model,energy use,2024-11-19,,2024-12-19,-1.0
9688,Large Language Model,energy use,2024-12-19,,2025-01-18,-1.0
9689,Large Language Model,energy use,2024-10-20,,2024-11-19,-1.0
9690,Large Language Model,energy use,2025-03-19,,2025-04-18,-1.0
9691,Large Language Model,energy use,2025-02-17,,2025-03-19,-1.0
9692,Large Language Model,energy use,2025-01-18,,2025-02-17,-1.0
9693,Large Language Model,energy use,2024-07-22,,2024-08-21,-1.0
9694,Large Language Model,energy use,2024-06-22,,2024-07-22,-1.0
9695,Large Language Model,energy use,2024-05-23,,2024-06-22,-1.0
9696,Large Language Model,energy use,2024-09-20,,2024-10-20,-1.0
9697,Large Language Model,energy use,2024-08-21,,2024-09-20,-1.0
9698,Large Language Model,energy use,2025-09-15,,2025-10-15,-1.0
9699,Large Language Model,energy use,2025-10-15,,2025-11-14,-1.0
9700,Large Language Model,energy use,2025-08-16,,2025-09-15,-1.0
9701,Large Language Model,energy use,2025-12-14,,2026-01-13,-1.0
9702,Large Language Model,energy use,2025-11-14,,2025-12-14,-1.0
9703,Large Language Model,energy use,2025-04-18,,2025-05-18,-1.0
9704,Large Language Model,energy use,2025-05-18,,2025-06-17,-1.0
9705,Large Language Model,energy use,2025-07-17,,2025-08-16,-1.0
9706,Large Language Model,energy use,2025-06-17,,2025-07-17,-1.0
9707,Large Language Model,energy footprint,2023-05-29,,2023-06-28,-1.0
9708,Large Language Model,energy footprint,2023-04-29,,2023-05-29,-1.0
9709,Large Language Model,energy footprint,2023-06-28,,2023-07-28,-1.0
9710,Large Language Model,energy footprint,2023-03-30,,2023-04-29,-1.0
9711,Large Language Model,energy footprint,2023-08-27,,2023-09-26,-1.0
9712,Large Language Model,energy footprint,2023-07-28,,2023-08-27,-1.0
9713,Large Language Model,energy footprint,2022-12-30,,2023-01-29,-1.0
9714,Large Language Model,energy footprint,2023-01-29,,2023-02-28,-1.0
9715,Large Language Model,energy footprint,2022-11-30,,2022-12-30,-1.0
9716,Large Language Model,energy usage,2026-01-13,,2026-02-12,-1.0
9717,Large Language Model,energy footprint,2023-02-28,,2023-03-30,-1.0
9718,Large Language Model,energy footprint,2024-03-24,,2024-04-23,-1.0
9719,Large Language Model,energy footprint,2024-02-23,,2024-03-24,-1.0
9720,Large Language Model,energy footprint,2024-04-23,,2024-05-23,-1.0
9721,Large Language Model,energy footprint,2024-01-24,,2024-02-23,-1.0
9722,Large Language Model,energy footprint,2024-05-23,,2024-06-22,-1.0
9723,Large Language Model,energy footprint,2023-10-26,,2023-11-25,-1.0
9724,Large Language Model,energy footprint,2023-09-26,,2023-10-26,-1.0
9725,Large Language Model,energy footprint,2023-11-25,,2023-12-25,-1.0
9726,Large Language Model,energy footprint,2023-12-25,,2024-01-24,-1.0
9727,Large Language Model,energy usage,2024-12-19,,2025-01-18,-1.0
9728,Large Language Model,energy usage,2025-01-18,,2025-02-17,-1.0
9729,Large Language Model,energy usage,2024-11-19,,2024-12-19,-1.0
9730,Large Language Model,energy usage,2024-10-20,,2024-11-19,-1.0
9731,Large Language Model,energy usage,2025-03-19,,2025-04-18,-1.0
9732,Large Language Model,energy usage,2025-02-17,,2025-03-19,-1.0
9733,Large Language Model,energy usage,2024-07-22,,2024-08-21,-1.0
9734,Large Language Model,energy usage,2024-08-21,,2024-09-20,-1.0
9735,Large Language Model,energy usage,2024-06-22,,2024-07-22,-1.0
9736,Large Language Model,energy usage,2024-09-20,,2024-10-20,-1.0
9737,Large Language Model,energy usage,2025-10-15,,2025-11-14,-1.0
9738,Large Language Model,energy usage,2025-11-14,,2025-12-14,-1.0
9739,Large Language Model,energy usage,2025-09-15,,2025-10-15,-1.0
9740,Large Language Model,energy usage,2025-08-16,,2025-09-15,-1.0
9741,Large Language Model,energy usage,2025-12-14,,2026-01-13,-1.0
9742,Large Language Model,energy usage,2025-05-18,,2025-06-17,-1.0
9743,Large Language Model,energy usage,2025-06-17,,2025-07-17,-1.0
9744,Large Language Model,energy usage,2025-04-18,,2025-05-18,-1.0
9745,Large Language Model,energy usage,2025-07-17,,2025-08-16,-1.0
9746,Large Language Model,energy consumption,2023-03-30,,2023-04-29,-1.0
9747,Large Language Model,energy consumption,2023-04-29,,2023-05-29,-1.0
9748,Large Language Model,energy consumption,2023-02-28,,2023-03-30,-1.0
9749,Large Language Model,energy consumption,2023-01-29,,2023-02-28,-1.0
9750,Large Language Model,energy consumption,2023-06-28,,2023-07-28,-1.0
9751,Large Language Model,energy consumption,2023-05-29,,2023-06-28,-1.0
9752,Large Language Model,waste,2026-01-13,,2026-02-12,-1.0
9753,Large Language Model,energy consumption,2022-11-30,,2022-12-30,-1.0
9754,Large Language Model,waste,2025-12-14,,2026-01-13,-1.0
9755,Large Language Model,waste,2025-11-14,,2025-12-14,-1.0
9756,Large Language Model,energy consumption,2022-12-30,,2023-01-29,-1.0
9757,Large Language Model,energy consumption,2024-01-24,,2024-02-23,-1.0
9758,Large Language Model,energy consumption,2024-02-23,,2024-03-24,-1.0
9759,Large Language Model,energy consumption,2023-12-25,,2024-01-24,-1.0
9760,Large Language Model,energy consumption,2023-11-25,,2023-12-25,-1.0
9761,Large Language Model,energy consumption,2024-03-24,,2024-04-23,-1.0
9762,Large Language Model,energy consumption,2024-04-23,,2024-05-23,-1.0
9763,Large Language Model,energy consumption,2023-08-27,,2023-09-26,-1.0
9764,Large Language Model,energy consumption,2023-09-26,,2023-10-26,-1.0
9765,Large Language Model,energy consumption,2023-07-28,,2023-08-27,-1.0
9766,Large Language Model,energy consumption,2023-10-26,,2023-11-25,-1.0
9767,Large Language Model,waste,2024-10-20,,2024-11-19,-1.0
9768,Large Language Model,waste,2024-11-19,,2024-12-19,-1.0
9769,Large Language Model,waste,2024-09-20,,2024-10-20,-1.0
9770,Large Language Model,waste,2025-02-17,,2025-03-19,-1.0
9771,Large Language Model,waste,2025-01-18,,2025-02-17,-1.0
9772,Large Language Model,waste,2024-12-19,,2025-01-18,-1.0
9773,Large Language Model,waste,2024-05-23,,2024-06-22,-1.0
9774,Large Language Model,waste,2024-06-22,,2024-07-22,-1.0
9775,Large Language Model,waste,2024-08-21,,2024-09-20,-1.0
9776,Large Language Model,waste,2024-07-22,,2024-08-21,-1.0
9777,Large Language Model,waste,2025-08-16,,2025-09-15,-1.0
9778,Large Language Model,waste,2025-09-15,,2025-10-15,-1.0
9779,Large Language Model,waste,2025-07-17,,2025-08-16,-1.0
9780,Large Language Model,waste,2025-10-15,,2025-11-14,-1.0
9781,Large Language Model,waste,2025-06-17,,2025-07-17,-1.0
9782,Large Language Model,waste,2025-03-19,,2025-04-18,-1.0
9783,Large Language Model,waste,2025-04-18,,2025-05-18,-1.0
9784,Large Language Model,waste,2025-05-18,,2025-06-17,-1.0
9785,Large Language Model,energy use,2023-04-29,,2023-05-29,-1.0
9786,Large Language Model,energy use,2023-03-30,,2023-04-29,-1.0
9787,Large Language Model,energy use,2023-02-28,,2023-03-30,-1.0
9788,Large Language Model,energy use,2023-07-28,,2023-08-27,-1.0
9789,Large Language Model,energy use,2023-06-28,,2023-07-28,-1.0
9790,Large Language Model,energy use,2023-05-29,,2023-06-28,-1.0
9791,Large Language Model,energy use,2022-11-30,,2022-12-30,-1.0
9792,Large Language Model,energy consumption,2026-01-13,,2026-02-12,-1.0
9793,Large Language Model,energy consumption,2025-12-14,,2026-01-13,-1.0
9794,Large Language Model,energy use,2022-12-30,,2023-01-29,-1.0
9795,Large Language Model,energy use,2023-01-29,,2023-02-28,-1.0
9796,Large Language Model,energy use,2024-02-23,,2024-03-24,-1.0
9797,Large Language Model,energy use,2024-01-24,,2024-02-23,-1.0
9798,Large Language Model,energy use,2023-12-25,,2024-01-24,-1.0
9799,Large Language Model,energy use,2024-04-23,,2024-05-23,-1.0
9800,Large Language Model,energy use,2024-03-24,,2024-04-23,-1.0
9801,Large Language Model,energy use,2023-09-26,,2023-10-26,-1.0
9802,Large Language Model,energy use,2023-08-27,,2023-09-26,-1.0
9803,Large Language Model,energy use,2023-11-25,,2023-12-25,-1.0
9804,Large Language Model,energy use,2023-10-26,,2023-11-25,-1.0
9805,Large Language Model,energy consumption,2024-11-19,,2024-12-19,-1.0
9806,Large Language Model,energy consumption,2024-10-20,,2024-11-19,-1.0
9807,Large Language Model,energy consumption,2024-12-19,,2025-01-18,-1.0
9808,Large Language Model,energy consumption,2024-09-20,,2024-10-20,-1.0
9809,Large Language Model,energy consumption,2025-02-17,,2025-03-19,-1.0
9810,Large Language Model,energy consumption,2025-01-18,,2025-02-17,-1.0
9811,Large Language Model,energy consumption,2024-06-22,,2024-07-22,-1.0
9812,Large Language Model,energy consumption,2024-05-23,,2024-06-22,-1.0
9813,Large Language Model,energy consumption,2024-07-22,,2024-08-21,-1.0
9814,Large Language Model,energy consumption,2024-08-21,,2024-09-20,-1.0
9815,Large Language Model,energy consumption,2025-09-15,,2025-10-15,-1.0
9816,Large Language Model,energy consumption,2025-08-16,,2025-09-15,-1.0
9817,Large Language Model,energy consumption,2025-10-15,,2025-11-14,-1.0
9818,Large Language Model,energy consumption,2025-07-17,,2025-08-16,-1.0
9819,Large Language Model,energy consumption,2025-11-14,,2025-12-14,-1.0
9820,Large Language Model,energy consumption,2025-04-18,,2025-05-18,-1.0
9821,Large Language Model,energy consumption,2025-03-19,,2025-04-18,-1.0
9822,Large Language Model,energy consumption,2025-05-18,,2025-06-17,-1.0
9823,Large Language Model,energy consumption,2025-06-17,,2025-07-17,-1.0
9824,Large Language Model,water harm,2025-12-14,,2026-01-13,-1.0
9825,Large Language Model,water harm,2026-01-13,,2026-02-12,-1.0
9826,Large Language Model,water harm,2025-11-14,,2025-12-14,-1.0
9827,Large Language Model,water harm,2025-10-15,,2025-11-14,-1.0
9828,Large Language Model,water cost,2022-11-30,,2022-12-30,-1.0
9829,Large Language Model,water cost,2022-12-30,,2023-01-29,-1.0
9830,Large Language Model,water harm,2025-07-17,,2025-08-16,-1.0
9831,Large Language Model,water harm,2025-08-16,,2025-09-15,-1.0
9832,Large Language Model,water harm,2025-06-17,,2025-07-17,-1.0
9833,Large Language Model,water harm,2025-05-18,,2025-06-17,-1.0
9834,Large Language Model,water harm,2025-09-15,,2025-10-15,-1.0
9835,Large Language Model,water cost,2023-07-28,,2023-08-27,-1.0
9836,Large Language Model,water cost,2023-06-28,,2023-07-28,-1.0
9837,Large Language Model,water cost,2023-08-27,,2023-09-26,-1.0
9838,Large Language Model,water cost,2023-05-29,,2023-06-28,-1.0
9839,Large Language Model,water cost,2023-09-26,,2023-10-26,-1.0
9840,Large Language Model,water cost,2023-10-26,,2023-11-25,-1.0
9841,Large Language Model,water cost,2023-02-28,,2023-03-30,-1.0
9842,Large Language Model,water cost,2023-03-30,,2023-04-29,-1.0
9843,Large Language Model,water cost,2023-01-29,,2023-02-28,-1.0
9844,Large Language Model,water cost,2023-04-29,,2023-05-29,-1.0
9845,Large Language Model,water harm,2024-04-23,,2024-05-23,-1.0
9846,Large Language Model,water harm,2024-05-23,,2024-06-22,-1.0
9847,Large Language Model,water harm,2024-03-24,,2024-04-23,-1.0
9848,Large Language Model,water harm,2024-07-22,,2024-08-21,-1.0
9849,Large Language Model,water harm,2024-06-22,,2024-07-22,-1.0
9850,Large Language Model,water harm,2024-02-23,,2024-03-24,-1.0
9851,Large Language Model,water harm,2023-11-25,,2023-12-25,-1.0
9852,Large Language Model,water harm,2023-12-25,,2024-01-24,-1.0
9853,Large Language Model,water harm,2023-10-26,,2023-11-25,-1.0
9854,Large Language Model,water harm,2024-01-24,,2024-02-23,-1.0
9855,Large Language Model,water harm,2025-02-17,,2025-03-19,-1.0
9856,Large Language Model,water harm,2025-03-19,,2025-04-18,-1.0
9857,Large Language Model,water harm,2025-01-18,,2025-02-17,-1.0
9858,Large Language Model,water harm,2024-12-19,,2025-01-18,-1.0
9859,Large Language Model,water harm,2025-04-18,,2025-05-18,-1.0
9860,Large Language Model,water harm,2024-09-20,,2024-10-20,-1.0
9861,Large Language Model,water harm,2024-10-20,,2024-11-19,-1.0
9862,Large Language Model,water harm,2024-08-21,,2024-09-20,-1.0
9863,Large Language Model,water harm,2024-11-19,,2024-12-19,-1.0
9864,Large Language Model,water cost,2026-01-13,,2026-02-12,-1.0
9865,Large Language Model,water cost,2025-12-14,,2026-01-13,-1.0
9866,Large Language Model,water cost,2025-11-14,,2025-12-14,-1.0
9867,Large Language Model,sustainability,2023-01-29,,2023-02-28,-1.0
9868,Large Language Model,sustainability,2022-12-30,,2023-01-29,-1.0
9869,Large Language Model,sustainability,2022-11-30,,2022-12-30,-1.0
9870,Large Language Model,water cost,2025-08-16,,2025-09-15,-1.0
9871,Large Language Model,water cost,2025-07-17,,2025-08-16,-1.0
9872,Large Language Model,water cost,2025-06-17,,2025-07-17,-1.0
9873,Large Language Model,water cost,2025-10-15,,2025-11-14,-1.0
9874,Large Language Model,water cost,2025-09-15,,2025-10-15,-1.0
9875,Large Language Model,sustainability,2023-08-27,,2023-09-26,-1.0
9876,Large Language Model,sustainability,2023-07-28,,2023-08-27,-1.0
9877,Large Language Model,sustainability,2023-06-28,,2023-07-28,-1.0
9878,Large Language Model,sustainability,2023-10-26,,2023-11-25,-1.0
9879,Large Language Model,sustainability,2023-11-25,,2023-12-25,-1.0
9880,Large Language Model,sustainability,2023-09-26,,2023-10-26,-1.0
9881,Large Language Model,sustainability,2023-03-30,,2023-04-29,-1.0
9882,Large Language Model,sustainability,2023-02-28,,2023-03-30,-1.0
9883,Large Language Model,sustainability,2023-05-29,,2023-06-28,-1.0
9884,Large Language Model,sustainability,2023-04-29,,2023-05-29,-1.0
9885,Large Language Model,water cost,2024-05-23,,2024-06-22,-1.0
9886,Large Language Model,water cost,2024-04-23,,2024-05-23,-1.0
9887,Large Language Model,water cost,2024-06-22,,2024-07-22,-1.0
9888,Large Language Model,water cost,2024-03-24,,2024-04-23,-1.0
9889,Large Language Model,water cost,2024-08-21,,2024-09-20,-1.0
9890,Large Language Model,water cost,2024-07-22,,2024-08-21,-1.0
9891,Large Language Model,water cost,2023-12-25,,2024-01-24,-1.0
9892,Large Language Model,water cost,2023-11-25,,2023-12-25,-1.0
9893,Large Language Model,water cost,2024-01-24,,2024-02-23,-1.0
9894,Large Language Model,water cost,2024-02-23,,2024-03-24,-1.0
9895,Large Language Model,water cost,2025-03-19,,2025-04-18,-1.0
9896,Large Language Model,water cost,2025-02-17,,2025-03-19,-1.0
9897,Large Language Model,water cost,2025-01-18,,2025-02-17,-1.0
9898,Large Language Model,water cost,2025-05-18,,2025-06-17,-1.0
9899,Large Language Model,water cost,2025-04-18,,2025-05-18,-1.0
9900,Large Language Model,water cost,2024-10-20,,2024-11-19,-1.0
9901,Large Language Model,water cost,2024-09-20,,2024-10-20,-1.0
9902,Large Language Model,water cost,2024-11-19,,2024-12-19,-1.0
9903,Large Language Model,water cost,2024-12-19,,2025-01-18,-1.0
9904,Large Language Model,water impact,2025-11-14,,2025-12-14,-1.0
9905,Large Language Model,water impact,2025-10-15,,2025-11-14,-1.0
9906,Large Language Model,water impact,2025-12-14,,2026-01-13,-1.0
9907,Large Language Model,water impact,2025-09-15,,2025-10-15,-1.0
9908,Large Language Model,water effect,2022-11-30,,2022-12-30,-1.0
9909,Large Language Model,water impact,2026-01-13,,2026-02-12,-1.0
9910,Large Language Model,water impact,2025-06-17,,2025-07-17,-1.0
9911,Large Language Model,water impact,2025-05-18,,2025-06-17,-1.0
9912,Large Language Model,water impact,2025-07-17,,2025-08-16,-1.0
9913,Large Language Model,water impact,2025-04-18,,2025-05-18,-1.0
9914,Large Language Model,water impact,2025-08-16,,2025-09-15,-1.0
9915,Large Language Model,water effect,2023-06-28,,2023-07-28,-1.0
9916,Large Language Model,water effect,2023-05-29,,2023-06-28,-1.0
9917,Large Language Model,water effect,2023-04-29,,2023-05-29,-1.0
9918,Large Language Model,water effect,2023-08-27,,2023-09-26,-1.0
9919,Large Language Model,water effect,2023-09-26,,2023-10-26,-1.0
9920,Large Language Model,water effect,2023-07-28,,2023-08-27,-1.0
9921,Large Language Model,water effect,2023-01-29,,2023-02-28,-1.0
9922,Large Language Model,water effect,2022-12-30,,2023-01-29,-1.0
9923,Large Language Model,water effect,2023-02-28,,2023-03-30,-1.0
9924,Large Language Model,water effect,2023-03-30,,2023-04-29,-1.0
9925,Large Language Model,water impact,2024-03-24,,2024-04-23,-1.0
9926,Large Language Model,water impact,2024-04-23,,2024-05-23,-1.0
9927,Large Language Model,water impact,2024-02-23,,2024-03-24,-1.0
9928,Large Language Model,water impact,2024-01-24,,2024-02-23,-1.0
9929,Large Language Model,water impact,2024-06-22,,2024-07-22,-1.0
9930,Large Language Model,water impact,2024-05-23,,2024-06-22,-1.0
9931,Large Language Model,water impact,2023-10-26,,2023-11-25,-1.0
9932,Large Language Model,water impact,2023-11-25,,2023-12-25,-1.0
9933,Large Language Model,water impact,2023-09-26,,2023-10-26,-1.0
9934,Large Language Model,water impact,2023-12-25,,2024-01-24,-1.0
9935,Large Language Model,water impact,2025-01-18,,2025-02-17,-1.0
9936,Large Language Model,water impact,2024-12-19,,2025-01-18,-1.0
9937,Large Language Model,water impact,2025-02-17,,2025-03-19,-1.0
9938,Large Language Model,water impact,2024-11-19,,2024-12-19,-1.0
9939,Large Language Model,water impact,2025-03-19,,2025-04-18,-1.0
9940,Large Language Model,water impact,2024-08-21,,2024-09-20,-1.0
9941,Large Language Model,water impact,2024-07-22,,2024-08-21,-1.0
9942,Large Language Model,water impact,2024-09-20,,2024-10-20,-1.0
9943,Large Language Model,water impact,2024-10-20,,2024-11-19,-1.0
9944,Large Language Model,water effect,2025-11-14,,2025-12-14,-1.0
9945,Large Language Model,water effect,2025-12-14,,2026-01-13,-1.0
9946,Large Language Model,water effect,2025-10-15,,2025-11-14,-1.0
9947,Large Language Model,water harm,2022-12-30,,2023-01-29,-1.0
9948,Large Language Model,water harm,2022-11-30,,2022-12-30,-1.0
9949,Large Language Model,water effect,2026-01-13,,2026-02-12,-1.0
9950,Large Language Model,water effect,2025-06-17,,2025-07-17,-1.0
9951,Large Language Model,water effect,2025-07-17,,2025-08-16,-1.0
9952,Large Language Model,water effect,2025-05-18,,2025-06-17,-1.0
9953,Large Language Model,water effect,2025-09-15,,2025-10-15,-1.0
9954,Large Language Model,water effect,2025-08-16,,2025-09-15,-1.0
9955,Large Language Model,water harm,2023-06-28,,2023-07-28,-1.0
9956,Large Language Model,water harm,2023-07-28,,2023-08-27,-1.0
9957,Large Language Model,water harm,2023-05-29,,2023-06-28,-1.0
9958,Large Language Model,water harm,2023-09-26,,2023-10-26,-1.0
9959,Large Language Model,water harm,2023-08-27,,2023-09-26,-1.0
9960,Large Language Model,water harm,2023-01-29,,2023-02-28,-1.0
9961,Large Language Model,water harm,2023-02-28,,2023-03-30,-1.0
9962,Large Language Model,water harm,2023-04-29,,2023-05-29,-1.0
9963,Large Language Model,water harm,2023-03-30,,2023-04-29,-1.0
9964,Large Language Model,water effect,2024-04-23,,2024-05-23,-1.0
9965,Large Language Model,water effect,2024-03-24,,2024-04-23,-1.0
9966,Large Language Model,water effect,2024-02-23,,2024-03-24,-1.0
9967,Large Language Model,water effect,2024-07-22,,2024-08-21,-1.0
9968,Large Language Model,water effect,2024-06-22,,2024-07-22,-1.0
9969,Large Language Model,water effect,2024-05-23,,2024-06-22,-1.0
9970,Large Language Model,water effect,2023-11-25,,2023-12-25,-1.0
9971,Large Language Model,water effect,2023-10-26,,2023-11-25,-1.0
9972,Large Language Model,water effect,2024-01-24,,2024-02-23,-1.0
9973,Large Language Model,water effect,2023-12-25,,2024-01-24,-1.0
9974,Large Language Model,water effect,2025-01-18,,2025-02-17,-1.0
9975,Large Language Model,water effect,2025-02-17,,2025-03-19,-1.0
9976,Large Language Model,water effect,2024-12-19,,2025-01-18,-1.0
9977,Large Language Model,water effect,2025-04-18,,2025-05-18,-1.0
9978,Large Language Model,water effect,2025-03-19,,2025-04-18,-1.0
9979,Large Language Model,water effect,2024-09-20,,2024-10-20,-1.0
9980,Large Language Model,water effect,2024-08-21,,2024-09-20,-1.0
9981,Large Language Model,water effect,2024-11-19,,2024-12-19,-1.0
9982,Large Language Model,water effect,2024-10-20,,2024-11-19,-1.0
9983,Large Language Model,environment effect,2022-11-30,,2022-12-30,-1.0
9984,Large Language Model,environment effect,2022-12-30,,2023-01-29,-1.0
9985,Large Language Model,environment impact,2026-01-13,,2026-02-12,-1.0
9986,Large Language Model,environment effect,2023-03-30,,2023-04-29,-1.0
9987,Large Language Model,environment effect,2023-02-28,,2023-03-30,-1.0
9988,Large Language Model,environment effect,2023-01-29,,2023-02-28,-1.0
9989,Large Language Model,environment impact,2025-09-15,,2025-10-15,-1.0
9990,Large Language Model,environment impact,2025-10-15,,2025-11-14,-1.0
9991,Large Language Model,environment impact,2025-08-16,,2025-09-15,-1.0
9992,Large Language Model,environment impact,2025-12-14,,2026-01-13,-1.0
9993,Large Language Model,environment impact,2025-11-14,,2025-12-14,-1.0
9994,Large Language Model,environment effect,2023-09-26,,2023-10-26,-1.0
9995,Large Language Model,environment effect,2023-10-26,,2023-11-25,-1.0
9996,Large Language Model,environment effect,2023-08-27,,2023-09-26,-1.0
9997,Large Language Model,environment effect,2023-12-25,,2024-01-24,-1.0
9998,Large Language Model,environment effect,2023-11-25,,2023-12-25,-1.0
9999,Large Language Model,environment effect,2024-01-24,,2024-02-23,-1.0
10000,Large Language Model,environment effect,2023-04-29,,2023-05-29,-1.0
10001,Large Language Model,environment effect,2023-05-29,,2023-06-28,-1.0
10002,Large Language Model,environment effect,2023-07-28,,2023-08-27,-1.0
10003,Large Language Model,environment effect,2023-06-28,,2023-07-28,-1.0
10004,Large Language Model,environment impact,2024-07-22,,2024-08-21,-1.0
10005,Large Language Model,environment impact,2024-06-22,,2024-07-22,-1.0
10006,Large Language Model,environment impact,2024-05-23,,2024-06-22,-1.0
10007,Large Language Model,environment impact,2024-10-20,,2024-11-19,-1.0
10008,Large Language Model,environment impact,2024-09-20,,2024-10-20,-1.0
10009,Large Language Model,environment impact,2024-08-21,,2024-09-20,-1.0
10010,Large Language Model,environment impact,2024-02-23,,2024-03-24,-1.0
10011,Large Language Model,environment impact,2024-01-24,,2024-02-23,-1.0
10012,Large Language Model,environment impact,2023-12-25,,2024-01-24,-1.0
10013,Large Language Model,environment impact,2024-04-23,,2024-05-23,-1.0
10014,Large Language Model,environment impact,2024-03-24,,2024-04-23,-1.0
10015,Large Language Model,environment impact,2025-05-18,,2025-06-17,-1.0
10016,Large Language Model,environment impact,2025-04-18,,2025-05-18,-1.0
10017,Large Language Model,environment impact,2025-03-19,,2025-04-18,-1.0
10018,Large Language Model,environment impact,2025-07-17,,2025-08-16,-1.0
10019,Large Language Model,environment impact,2025-06-17,,2025-07-17,-1.0
10020,Large Language Model,environment impact,2024-12-19,,2025-01-18,-1.0
10021,Large Language Model,environment impact,2024-11-19,,2024-12-19,-1.0
10022,Large Language Model,environment impact,2025-02-17,,2025-03-19,-1.0
10023,Large Language Model,environment impact,2025-01-18,,2025-02-17,-1.0
10024,Large Language Model,environment cost,2022-12-30,,2023-01-29,-1.0
10025,Large Language Model,environment cost,2023-01-29,,2023-02-28,-1.0
10026,Large Language Model,environment cost,2022-11-30,,2022-12-30,-1.0
10027,Large Language Model,environment effect,2026-01-13,,2026-02-12,-1.0
10028,Large Language Model,environment cost,2023-03-30,,2023-04-29,-1.0
10029,Large Language Model,environment cost,2023-02-28,,2023-03-30,-1.0
10030,Large Language Model,environment effect,2025-10-15,,2025-11-14,-1.0
10031,Large Language Model,environment effect,2025-11-14,,2025-12-14,-1.0
10032,Large Language Model,environment effect,2025-09-15,,2025-10-15,-1.0
10033,Large Language Model,environment effect,2025-08-16,,2025-09-15,-1.0
10034,Large Language Model,environment effect,2025-12-14,,2026-01-13,-1.0
10035,Large Language Model,environment cost,2023-10-26,,2023-11-25,-1.0
10036,Large Language Model,environment cost,2023-09-26,,2023-10-26,-1.0
10037,Large Language Model,environment cost,2023-11-25,,2023-12-25,-1.0
10038,Large Language Model,environment cost,2023-08-27,,2023-09-26,-1.0
10039,Large Language Model,environment cost,2023-12-25,,2024-01-24,-1.0
10040,Large Language Model,environment cost,2023-05-29,,2023-06-28,-1.0
10041,Large Language Model,environment cost,2023-06-28,,2023-07-28,-1.0
10042,Large Language Model,environment cost,2023-04-29,,2023-05-29,-1.0
10043,Large Language Model,environment cost,2023-07-28,,2023-08-27,-1.0
10044,Large Language Model,environment effect,2024-07-22,,2024-08-21,-1.0
10045,Large Language Model,environment effect,2024-08-21,,2024-09-20,-1.0
10046,Large Language Model,environment effect,2024-06-22,,2024-07-22,-1.0
10047,Large Language Model,environment effect,2024-10-20,,2024-11-19,-1.0
10048,Large Language Model,environment effect,2024-09-20,,2024-10-20,-1.0
10049,Large Language Model,environment effect,2024-02-23,,2024-03-24,-1.0
10050,Large Language Model,environment effect,2024-03-24,,2024-04-23,-1.0
10051,Large Language Model,environment effect,2024-05-23,,2024-06-22,-1.0
10052,Large Language Model,environment effect,2024-04-23,,2024-05-23,-1.0
10053,Large Language Model,environment effect,2025-05-18,,2025-06-17,-1.0
10054,Large Language Model,environment effect,2025-06-17,,2025-07-17,-1.0
10055,Large Language Model,environment effect,2025-04-18,,2025-05-18,-1.0
10056,Large Language Model,environment effect,2025-03-19,,2025-04-18,-1.0
10057,Large Language Model,environment effect,2024-11-19,,2024-12-19,-1.0
10058,Large Language Model,environment effect,2025-07-17,,2025-08-16,-1.0
10059,Large Language Model,environment effect,2024-12-19,,2025-01-18,-1.0
10060,Large Language Model,environment effect,2025-01-18,,2025-02-17,-1.0
10061,Large Language Model,environment effect,2025-02-17,,2025-03-19,-1.0
10062,Large Language Model,sustainability,2026-01-13,,2026-02-12,-1.0
10063,Large Language Model,environment footprint,2022-11-30,,2022-12-30,-1.0
10064,Large Language Model,sustainability,2025-12-14,,2026-01-13,-1.0
10065,Large Language Model,environment footprint,2023-01-29,,2023-02-28,-1.0
10066,Large Language Model,environment footprint,2022-12-30,,2023-01-29,-1.0
10067,Large Language Model,sustainability,2025-08-16,,2025-09-15,-1.0
10068,Large Language Model,sustainability,2025-09-15,,2025-10-15,-1.0
10069,Large Language Model,sustainability,2025-11-14,,2025-12-14,-1.0
10070,Large Language Model,sustainability,2025-07-17,,2025-08-16,-1.0
10071,Large Language Model,sustainability,2025-10-15,,2025-11-14,-1.0
10072,Large Language Model,environment footprint,2023-08-27,,2023-09-26,-1.0
10073,Large Language Model,environment footprint,2023-09-26,,2023-10-26,-1.0
10074,Large Language Model,environment footprint,2023-07-28,,2023-08-27,-1.0
10075,Large Language Model,environment footprint,2023-06-28,,2023-07-28,-1.0
10076,Large Language Model,environment footprint,2023-11-25,,2023-12-25,-1.0
10077,Large Language Model,environment footprint,2023-10-26,,2023-11-25,-1.0
10078,Large Language Model,environment footprint,2023-03-30,,2023-04-29,-1.0
10079,Large Language Model,environment footprint,2023-04-29,,2023-05-29,-1.0
10080,Large Language Model,environment footprint,2023-02-28,,2023-03-30,-1.0
10081,Large Language Model,environment footprint,2023-05-29,,2023-06-28,-1.0
10082,Large Language Model,sustainability,2024-05-23,,2024-06-22,-1.0
10083,Large Language Model,sustainability,2024-06-22,,2024-07-22,-1.0
10084,Large Language Model,sustainability,2024-04-23,,2024-05-23,-1.0
10085,Large Language Model,sustainability,2024-09-20,,2024-10-20,-1.0
10086,Large Language Model,sustainability,2024-08-21,,2024-09-20,-1.0
10087,Large Language Model,sustainability,2024-07-22,,2024-08-21,-1.0
10088,Large Language Model,sustainability,2023-12-25,,2024-01-24,-1.0
10089,Large Language Model,sustainability,2024-01-24,,2024-02-23,-1.0
10090,Large Language Model,sustainability,2024-03-24,,2024-04-23,-1.0
10091,Large Language Model,sustainability,2024-02-23,,2024-03-24,-1.0
10092,Large Language Model,sustainability,2025-03-19,,2025-04-18,-1.0
10093,Large Language Model,sustainability,2025-04-18,,2025-05-18,-1.0
10094,Large Language Model,sustainability,2025-02-17,,2025-03-19,-1.0
10095,Large Language Model,sustainability,2025-06-17,,2025-07-17,-1.0
10096,Large Language Model,sustainability,2025-05-18,,2025-06-17,-1.0
10097,Large Language Model,sustainability,2024-10-20,,2024-11-19,-1.0
10098,Large Language Model,sustainability,2024-11-19,,2024-12-19,-1.0
10099,Large Language Model,sustainability,2025-01-18,,2025-02-17,-1.0
10100,Large Language Model,sustainability,2024-12-19,,2025-01-18,-1.0
10101,Large Language Model,environment impact,2022-11-30,,2022-12-30,-1.0
10102,Large Language Model,environment footprint,2026-01-13,,2026-02-12,-1.0
10103,Large Language Model,environment impact,2022-12-30,,2023-01-29,-1.0
10104,Large Language Model,environment footprint,2025-12-14,,2026-01-13,-1.0
10105,Large Language Model,environment impact,2023-02-28,,2023-03-30,-1.0
10106,Large Language Model,environment impact,2023-01-29,,2023-02-28,-1.0
10107,Large Language Model,environment footprint,2025-09-15,,2025-10-15,-1.0
10108,Large Language Model,environment footprint,2025-08-16,,2025-09-15,-1.0
10109,Large Language Model,environment footprint,2025-10-15,,2025-11-14,-1.0
10110,Large Language Model,environment footprint,2025-07-17,,2025-08-16,-1.0
10111,Large Language Model,environment footprint,2025-11-14,,2025-12-14,-1.0
10112,Large Language Model,environment impact,2023-09-26,,2023-10-26,-1.0
10113,Large Language Model,environment impact,2023-08-27,,2023-09-26,-1.0
10114,Large Language Model,environment impact,2023-07-28,,2023-08-27,-1.0
10115,Large Language Model,environment impact,2023-10-26,,2023-11-25,-1.0
10116,Large Language Model,environment impact,2023-11-25,,2023-12-25,-1.0
10117,Large Language Model,environment impact,2023-04-29,,2023-05-29,-1.0
10118,Large Language Model,environment impact,2023-03-30,,2023-04-29,-1.0
10119,Large Language Model,environment impact,2023-05-29,,2023-06-28,-1.0
10120,Large Language Model,environment impact,2023-06-28,,2023-07-28,-1.0
10121,Large Language Model,environment footprint,2024-06-22,,2024-07-22,-1.0
10122,Large Language Model,environment footprint,2024-07-22,,2024-08-21,-1.0
10123,Large Language Model,environment footprint,2024-05-23,,2024-06-22,-1.0
10124,Large Language Model,environment footprint,2024-04-23,,2024-05-23,-1.0
10125,Large Language Model,environment footprint,2024-09-20,,2024-10-20,-1.0
10126,Large Language Model,environment footprint,2024-08-21,,2024-09-20,-1.0
10127,Large Language Model,environment footprint,2024-01-24,,2024-02-23,-1.0
10128,Large Language Model,environment footprint,2024-02-23,,2024-03-24,-1.0
10129,Large Language Model,environment footprint,2023-12-25,,2024-01-24,-1.0
10130,Large Language Model,environment footprint,2024-03-24,,2024-04-23,-1.0
10131,Large Language Model,environment footprint,2025-04-18,,2025-05-18,-1.0
10132,Large Language Model,environment footprint,2025-03-19,,2025-04-18,-1.0
10133,Large Language Model,environment footprint,2025-05-18,,2025-06-17,-1.0
10134,Large Language Model,environment footprint,2025-02-17,,2025-03-19,-1.0
10135,Large Language Model,environment footprint,2025-06-17,,2025-07-17,-1.0
10136,Large Language Model,environment footprint,2024-11-19,,2024-12-19,-1.0
10137,Large Language Model,environment footprint,2024-12-19,,2025-01-18,-1.0
10138,Large Language Model,environment footprint,2024-10-20,,2024-11-19,-1.0
10139,Large Language Model,environment footprint,2025-01-18,,2025-02-17,-1.0
