2026-02-24 19:14:42,864 [INFO] Starting scrape from 2022-11-30 to 2022-12-30...
2026-02-24 19:15:12,538 [INFO] Processing Term: AI water use: Found 1 potential matches.
2026-02-24 19:15:12,752 [INFO] Validating Term: AI water use: Found 0 valid match(es).
2026-02-24 19:15:16,780 [INFO] Starting scrape from 2022-12-30 to 2023-01-29...
2026-02-24 19:15:27,053 [INFO] Processing Term: AI water use: Found 4 potential matches.
2026-02-24 19:15:27,113 [INFO] Validating Term: AI water use: Found 3 valid match(es).
2026-02-24 19:15:31,169 [INFO] Starting scrape from 2023-01-29 to 2023-02-28...
2026-02-24 19:15:35,539 [INFO] Processing Term: AI water use: Found 8 potential matches.
2026-02-24 19:15:35,601 [INFO] Validating Term: AI water use: Found 3 valid match(es).
2026-02-24 19:15:39,633 [INFO] Starting scrape from 2023-02-28 to 2023-03-30...
2026-02-24 19:15:52,744 [INFO] Processing Term: AI water use: Found 10 potential matches.
2026-02-24 19:15:52,822 [INFO] Validating Term: AI water use: Found 4 valid match(es).
2026-02-24 19:15:56,857 [INFO] Starting scrape from 2023-03-30 to 2023-04-29...
2026-02-24 19:16:05,923 [INFO] Processing Term: AI water use: Found 13 potential matches.
2026-02-24 19:16:05,977 [INFO] Validating Term: AI water use: Found 2 valid match(es).
2026-02-24 19:16:10,033 [INFO] Starting scrape from 2023-04-29 to 2023-05-29...
2026-02-24 19:16:17,761 [INFO] Processing Term: AI water use: Found 2 potential matches.
2026-02-24 19:16:17,781 [INFO] Validating Term: AI water use: Found 0 valid match(es).
2026-02-24 19:16:21,846 [INFO] Starting scrape from 2023-05-29 to 2023-06-28...
2026-02-24 19:16:35,511 [INFO] Processing Term: AI water use: Found 3 potential matches.
2026-02-24 19:16:35,541 [INFO] Validating Term: AI water use: Found 2 valid match(es).
2026-02-24 19:16:39,618 [INFO] Starting scrape from 2023-06-28 to 2023-07-28...
2026-02-24 19:16:50,926 [INFO] Processing Term: AI water use: Found 5 potential matches.
2026-02-24 19:16:51,003 [INFO] Validating Term: AI water use: Found 2 valid match(es).
2026-02-24 19:16:55,074 [INFO] Starting scrape from 2023-07-28 to 2023-08-27...
2026-02-24 19:17:09,717 [INFO] Processing Term: AI water use: Found 4 potential matches.
2026-02-24 19:17:09,774 [INFO] Validating Term: AI water use: Found 0 valid match(es).
2026-02-24 19:17:13,824 [INFO] Starting scrape from 2023-08-27 to 2023-09-26...
2026-02-24 19:17:27,614 [INFO] Processing Term: AI water use: Found 9 potential matches.
2026-02-24 19:17:27,653 [INFO] Validating Term: AI water use: Found 2 valid match(es).
2026-02-24 19:17:31,682 [INFO] Starting scrape from 2023-09-26 to 2023-10-26...
2026-02-24 19:17:37,601 [INFO] Processing Term: AI water use: Found 2 potential matches.
2026-02-24 19:17:37,824 [INFO] Validating Term: AI water use: Found 1 valid match(es).
2026-02-24 19:17:42,045 [INFO] Starting scrape from 2023-10-26 to 2023-11-25...
2026-02-24 19:17:49,147 [INFO] Processing Term: AI water use: Found 60 potential matches.
2026-02-24 19:17:49,554 [INFO] Validating Term: AI water use: Found 3 valid match(es).
2026-02-24 19:17:53,592 [INFO] Starting scrape from 2023-11-25 to 2023-12-25...
2026-02-24 19:17:58,547 [INFO] Processing Term: AI water use: Found 4 potential matches.
2026-02-24 19:17:58,574 [INFO] Validating Term: AI water use: Found 1 valid match(es).
2026-02-24 19:18:02,649 [INFO] Starting scrape from 2023-12-25 to 2024-01-24...
2026-02-24 19:18:12,624 [INFO] Processing Term: AI water use: Found 6 potential matches.
2026-02-24 19:18:12,711 [INFO] Validating Term: AI water use: Found 3 valid match(es).
2026-02-24 19:18:16,752 [INFO] Starting scrape from 2024-01-24 to 2024-02-23...
2026-02-24 19:18:29,127 [INFO] Processing Term: AI water use: Found 1 potential matches.
2026-02-24 19:18:29,200 [INFO] Validating Term: AI water use: Found 1 valid match(es).
2026-02-24 19:18:33,262 [INFO] Starting scrape from 2024-02-23 to 2024-03-24...
2026-02-24 19:18:56,028 [INFO] Processing Term: AI water use: Found 5 potential matches.
2026-02-24 19:18:56,078 [INFO] Validating Term: AI water use: Found 1 valid match(es).
2026-02-24 19:19:00,123 [INFO] Starting scrape from 2024-03-24 to 2024-04-23...
2026-02-24 19:19:11,204 [INFO] Processing Term: AI water use: Found 4 potential matches.
2026-02-24 19:19:11,236 [INFO] Validating Term: AI water use: Found 3 valid match(es).
2026-02-24 19:19:15,284 [INFO] Starting scrape from 2024-04-23 to 2024-05-23...
2026-02-24 19:19:26,482 [INFO] Processing Term: AI water use: Found 0 potential matches.
2026-02-24 19:19:26,483 [INFO] Validating Term: AI water use: Found 0 valid match(es).
2026-02-24 19:19:30,544 [INFO] Starting scrape from 2024-05-23 to 2024-06-22...
2026-02-24 19:19:43,642 [INFO] Processing Term: AI water use: Found 14 potential matches.
2026-02-24 19:19:43,702 [INFO] Validating Term: AI water use: Found 9 valid match(es).
2026-02-24 19:19:47,736 [INFO] Starting scrape from 2024-06-22 to 2024-07-22...
2026-02-24 19:19:57,684 [INFO] Processing Term: AI water use: Found 5 potential matches.
2026-02-24 19:19:57,743 [INFO] Validating Term: AI water use: Found 4 valid match(es).
2026-02-24 19:20:01,798 [INFO] Starting scrape from 2024-07-22 to 2024-08-21...
2026-02-24 19:20:14,535 [INFO] Processing Term: AI water use: Found 5 potential matches.
2026-02-24 19:20:14,557 [INFO] Validating Term: AI water use: Found 1 valid match(es).
2026-02-24 19:20:18,591 [INFO] Starting scrape from 2024-08-21 to 2024-09-20...
2026-02-24 19:20:36,972 [INFO] Processing Term: AI water use: Found 11 potential matches.
2026-02-24 19:20:37,033 [INFO] Validating Term: AI water use: Found 1 valid match(es).
2026-02-24 19:20:41,069 [INFO] Starting scrape from 2024-09-20 to 2024-10-20...
2026-02-24 19:20:48,422 [INFO] Processing Term: AI water use: Found 11 potential matches.
2026-02-24 19:20:48,484 [INFO] Validating Term: AI water use: Found 1 valid match(es).
2026-02-24 19:20:52,518 [INFO] Starting scrape from 2024-10-20 to 2024-11-19...
2026-02-24 19:20:59,868 [INFO] Processing Term: AI water use: Found 13 potential matches.
2026-02-24 19:20:59,946 [INFO] Validating Term: AI water use: Found 4 valid match(es).
2026-02-24 19:21:03,978 [INFO] Starting scrape from 2024-11-19 to 2024-12-19...
2026-02-24 19:21:14,799 [INFO] Processing Term: AI water use: Found 8 potential matches.
2026-02-24 19:21:14,950 [INFO] Validating Term: AI water use: Found 3 valid match(es).
2026-02-24 19:21:18,991 [INFO] Starting scrape from 2024-12-19 to 2025-01-18...
2026-02-24 19:21:30,581 [INFO] Processing Term: AI water use: Found 9 potential matches.
2026-02-24 19:21:30,666 [INFO] Validating Term: AI water use: Found 2 valid match(es).
2026-02-24 19:21:34,702 [INFO] Starting scrape from 2025-01-18 to 2025-02-17...
2026-02-24 19:21:46,277 [INFO] Processing Term: AI water use: Found 8 potential matches.
2026-02-24 19:21:46,345 [INFO] Validating Term: AI water use: Found 5 valid match(es).
2026-02-24 19:21:50,417 [INFO] Starting scrape from 2025-02-17 to 2025-03-19...
2026-02-24 19:22:19,671 [INFO] Processing Term: AI water use: Found 9 potential matches.
2026-02-24 19:22:19,744 [INFO] Validating Term: AI water use: Found 4 valid match(es).
2026-02-24 19:22:23,774 [INFO] Starting scrape from 2025-03-19 to 2025-04-18...
2026-02-24 19:22:36,069 [INFO] Processing Term: AI water use: Found 66 potential matches.
2026-02-24 19:22:36,291 [INFO] Validating Term: AI water use: Found 14 valid match(es).
2026-02-24 19:22:40,322 [INFO] Starting scrape from 2025-04-18 to 2025-05-18...
2026-02-24 19:22:48,789 [INFO] Processing Term: AI water use: Found 14 potential matches.
2026-02-24 19:22:48,861 [INFO] Validating Term: AI water use: Found 10 valid match(es).
2026-02-24 19:22:52,891 [INFO] Starting scrape from 2025-05-18 to 2025-06-17...
2026-02-24 19:22:53,230 [INFO] Processing Term: AI water use: Found 0 potential matches.
2026-02-24 19:22:53,231 [INFO] Validating Term: AI water use: Found 0 valid match(es).
2026-02-24 19:22:57,275 [INFO] Starting scrape from 2025-06-17 to 2025-07-17...
2026-02-24 19:22:57,740 [INFO] Processing Term: AI water use: Found 0 potential matches.
2026-02-24 19:22:57,740 [INFO] Validating Term: AI water use: Found 0 valid match(es).
2026-02-24 19:23:01,802 [INFO] Starting scrape from 2025-07-17 to 2025-08-16...
2026-02-24 19:23:02,242 [INFO] Processing Term: AI water use: Found 0 potential matches.
2026-02-24 19:23:02,242 [INFO] Validating Term: AI water use: Found 0 valid match(es).
2026-02-24 19:23:06,302 [INFO] Starting scrape from 2025-08-16 to 2025-09-15...
2026-02-24 19:23:06,850 [INFO] Processing Term: AI water use: Found 0 potential matches.
2026-02-24 19:23:06,850 [INFO] Validating Term: AI water use: Found 0 valid match(es).
2026-02-24 19:23:10,910 [INFO] Starting scrape from 2025-09-15 to 2025-10-15...
2026-02-24 19:23:11,257 [INFO] Processing Term: AI water use: Found 0 potential matches.
2026-02-24 19:23:11,257 [INFO] Validating Term: AI water use: Found 0 valid match(es).
2026-02-24 19:23:15,318 [INFO] Starting scrape from 2025-10-15 to 2025-11-14...
2026-02-24 19:23:15,662 [INFO] Processing Term: AI water use: Found 0 potential matches.
2026-02-24 19:23:15,663 [INFO] Validating Term: AI water use: Found 0 valid match(es).
2026-02-24 19:23:19,720 [INFO] Starting scrape from 2025-11-14 to 2025-12-14...
2026-02-24 19:23:20,098 [INFO] Processing Term: AI water use: Found 0 potential matches.
2026-02-24 19:23:20,098 [INFO] Validating Term: AI water use: Found 0 valid match(es).
2026-02-24 19:23:24,151 [INFO] Starting scrape from 2025-12-14 to 2026-01-13...
2026-02-24 19:23:24,463 [INFO] Processing Term: AI water use: Found 0 potential matches.
2026-02-24 19:23:24,463 [INFO] Validating Term: AI water use: Found 0 valid match(es).
2026-02-24 19:23:28,510 [INFO] Starting scrape from 2026-01-13 to 2026-02-12...
2026-02-24 19:23:28,841 [INFO] Processing Term: AI water use: Found 0 potential matches.
2026-02-24 19:23:28,842 [INFO] Validating Term: AI water use: Found 0 valid match(es).
2026-02-24 19:23:32,891 [INFO] Starting scrape from 2022-11-30 to 2022-12-30...
2026-02-24 19:23:33,475 [INFO] Processing Term: AI water usage: Found 0 potential matches.
2026-02-24 19:23:33,475 [INFO] Validating Term: AI water usage: Found 0 valid match(es).
2026-02-24 19:23:37,538 [INFO] Starting scrape from 2022-12-30 to 2023-01-29...
2026-02-24 19:23:38,083 [INFO] Processing Term: AI water usage: Found 0 potential matches.
2026-02-24 19:23:38,083 [INFO] Validating Term: AI water usage: Found 0 valid match(es).
2026-02-24 19:23:42,143 [INFO] Starting scrape from 2023-01-29 to 2023-02-28...
2026-02-24 19:23:42,690 [INFO] Processing Term: AI water usage: Found 0 potential matches.
2026-02-24 19:23:42,691 [INFO] Validating Term: AI water usage: Found 0 valid match(es).
2026-02-24 19:23:46,748 [INFO] Starting scrape from 2023-02-28 to 2023-03-30...
2026-02-24 19:23:47,299 [INFO] Processing Term: AI water usage: Found 0 potential matches.
2026-02-24 19:23:47,299 [INFO] Validating Term: AI water usage: Found 0 valid match(es).
2026-02-24 19:23:51,359 [INFO] Starting scrape from 2023-03-30 to 2023-04-29...
2026-02-24 19:23:52,112 [INFO] Processing Term: AI water usage: Found 0 potential matches.
2026-02-24 19:23:52,112 [INFO] Validating Term: AI water usage: Found 0 valid match(es).
2026-02-24 19:23:56,168 [INFO] Starting scrape from 2023-04-29 to 2023-05-29...
2026-02-24 19:23:56,720 [INFO] Processing Term: AI water usage: Found 0 potential matches.
2026-02-24 19:23:56,720 [INFO] Validating Term: AI water usage: Found 0 valid match(es).
2026-02-24 19:24:00,778 [INFO] Starting scrape from 2023-05-29 to 2023-06-28...
2026-02-24 19:24:01,331 [INFO] Processing Term: AI water usage: Found 0 potential matches.
2026-02-24 19:24:01,331 [INFO] Validating Term: AI water usage: Found 0 valid match(es).
2026-02-24 19:24:05,391 [INFO] Starting scrape from 2023-06-28 to 2023-07-28...
2026-02-24 19:24:06,090 [INFO] Processing Term: AI water usage: Found 0 potential matches.
2026-02-24 19:24:06,091 [INFO] Validating Term: AI water usage: Found 0 valid match(es).
2026-02-24 19:24:10,152 [INFO] Starting scrape from 2023-07-28 to 2023-08-27...
2026-02-24 19:24:10,749 [INFO] Processing Term: AI water usage: Found 0 potential matches.
2026-02-24 19:24:10,749 [INFO] Validating Term: AI water usage: Found 0 valid match(es).
2026-02-24 19:24:14,810 [INFO] Starting scrape from 2023-08-27 to 2023-09-26...
2026-02-24 19:24:15,912 [INFO] Processing Term: AI water usage: Found 2 potential matches.
2026-02-24 19:24:15,933 [INFO] Validating Term: AI water usage: Found 2 valid match(es).
2026-02-24 19:24:19,985 [INFO] Starting scrape from 2023-09-26 to 2023-10-26...
2026-02-24 19:24:20,477 [INFO] Processing Term: AI water usage: Found 0 potential matches.
2026-02-24 19:24:20,477 [INFO] Validating Term: AI water usage: Found 0 valid match(es).
2026-02-24 19:24:24,527 [INFO] Starting scrape from 2023-10-26 to 2023-11-25...
2026-02-24 19:24:25,187 [INFO] Processing Term: AI water usage: Found 0 potential matches.
2026-02-24 19:24:25,188 [INFO] Validating Term: AI water usage: Found 0 valid match(es).
2026-02-24 19:24:29,245 [INFO] Starting scrape from 2023-11-25 to 2023-12-25...
2026-02-24 19:24:29,694 [INFO] Processing Term: AI water usage: Found 0 potential matches.
2026-02-24 19:24:29,696 [INFO] Validating Term: AI water usage: Found 0 valid match(es).
2026-02-24 19:24:33,760 [INFO] Starting scrape from 2023-12-25 to 2024-01-24...
2026-02-24 19:24:34,436 [INFO] Processing Term: AI water usage: Found 0 potential matches.
2026-02-24 19:24:34,437 [INFO] Validating Term: AI water usage: Found 0 valid match(es).
2026-02-24 19:24:38,504 [INFO] Starting scrape from 2024-01-24 to 2024-02-23...
2026-02-24 19:24:39,013 [INFO] Processing Term: AI water usage: Found 0 potential matches.
2026-02-24 19:24:39,014 [INFO] Validating Term: AI water usage: Found 0 valid match(es).
2026-02-24 19:24:43,078 [INFO] Starting scrape from 2024-02-23 to 2024-03-24...
2026-02-24 19:24:43,624 [INFO] Processing Term: AI water usage: Found 0 potential matches.
2026-02-24 19:24:43,624 [INFO] Validating Term: AI water usage: Found 0 valid match(es).
2026-02-24 19:24:47,702 [INFO] Starting scrape from 2024-03-24 to 2024-04-23...
2026-02-24 19:24:48,331 [INFO] Processing Term: AI water usage: Found 0 potential matches.
2026-02-24 19:24:48,331 [INFO] Validating Term: AI water usage: Found 0 valid match(es).
2026-02-24 19:24:52,390 [INFO] Starting scrape from 2024-04-23 to 2024-05-23...
2026-02-24 19:24:52,921 [INFO] Processing Term: AI water usage: Found 0 potential matches.
2026-02-24 19:24:52,922 [INFO] Validating Term: AI water usage: Found 0 valid match(es).
2026-02-24 19:24:56,971 [INFO] Starting scrape from 2024-05-23 to 2024-06-22...
2026-02-24 19:24:57,650 [INFO] Processing Term: AI water usage: Found 0 potential matches.
2026-02-24 19:24:57,651 [INFO] Validating Term: AI water usage: Found 0 valid match(es).
2026-02-24 19:25:01,707 [INFO] Starting scrape from 2024-06-22 to 2024-07-22...
2026-02-24 19:25:02,189 [INFO] Processing Term: AI water usage: Found 3 potential matches.
2026-02-24 19:25:02,219 [INFO] Validating Term: AI water usage: Found 2 valid match(es).
2026-02-24 19:25:06,271 [INFO] Starting scrape from 2024-07-22 to 2024-08-21...
2026-02-24 19:25:06,969 [INFO] Processing Term: AI water usage: Found 1 potential matches.
2026-02-24 19:25:06,976 [INFO] Validating Term: AI water usage: Found 0 valid match(es).
2026-02-24 19:25:11,025 [INFO] Starting scrape from 2024-08-21 to 2024-09-20...
2026-02-24 19:25:11,576 [INFO] Processing Term: AI water usage: Found 0 potential matches.
2026-02-24 19:25:11,576 [INFO] Validating Term: AI water usage: Found 0 valid match(es).
2026-02-24 19:25:15,642 [INFO] Starting scrape from 2024-09-20 to 2024-10-20...
2026-02-24 19:25:16,404 [INFO] Processing Term: AI water usage: Found 1 potential matches.
2026-02-24 19:25:16,428 [INFO] Validating Term: AI water usage: Found 0 valid match(es).
2026-02-24 19:25:20,495 [INFO] Starting scrape from 2024-10-20 to 2024-11-19...
2026-02-24 19:25:21,410 [INFO] Processing Term: AI water usage: Found 1 potential matches.
2026-02-24 19:25:21,429 [INFO] Validating Term: AI water usage: Found 0 valid match(es).
2026-02-24 19:25:25,468 [INFO] Starting scrape from 2024-11-19 to 2024-12-19...
2026-02-24 19:25:26,507 [INFO] Processing Term: AI water usage: Found 1 potential matches.
2026-02-24 19:25:26,542 [INFO] Validating Term: AI water usage: Found 1 valid match(es).
2026-02-24 19:25:30,585 [INFO] Starting scrape from 2024-12-19 to 2025-01-18...
2026-02-24 19:25:31,749 [INFO] Processing Term: AI water usage: Found 3 potential matches.
2026-02-24 19:25:31,799 [INFO] Validating Term: AI water usage: Found 3 valid match(es).
2026-02-24 19:25:35,847 [INFO] Starting scrape from 2025-01-18 to 2025-02-17...
2026-02-24 19:25:39,225 [INFO] Processing Term: AI water usage: Found 2 potential matches.
2026-02-24 19:25:39,258 [INFO] Validating Term: AI water usage: Found 2 valid match(es).
2026-02-24 19:25:43,310 [INFO] Starting scrape from 2025-02-17 to 2025-03-19...
2026-02-24 19:25:45,392 [INFO] Processing Term: AI water usage: Found 0 potential matches.
2026-02-24 19:25:45,393 [INFO] Validating Term: AI water usage: Found 0 valid match(es).
2026-02-24 19:25:49,438 [INFO] Starting scrape from 2025-03-19 to 2025-04-18...
2026-02-24 19:25:50,696 [INFO] Processing Term: AI water usage: Found 1 potential matches.
2026-02-24 19:25:50,712 [INFO] Validating Term: AI water usage: Found 1 valid match(es).
2026-02-24 19:25:54,767 [INFO] Starting scrape from 2025-04-18 to 2025-05-18...
2026-02-24 19:25:55,374 [INFO] Processing Term: AI water usage: Found 2 potential matches.
2026-02-24 19:25:55,391 [INFO] Validating Term: AI water usage: Found 1 valid match(es).
2026-02-24 19:25:59,449 [INFO] Starting scrape from 2025-05-18 to 2025-06-17...
2026-02-24 19:25:59,732 [INFO] Processing Term: AI water usage: Found 0 potential matches.
2026-02-24 19:25:59,733 [INFO] Validating Term: AI water usage: Found 0 valid match(es).
2026-02-24 19:26:03,790 [INFO] Starting scrape from 2025-06-17 to 2025-07-17...
2026-02-24 19:26:04,083 [INFO] Processing Term: AI water usage: Found 0 potential matches.
2026-02-24 19:26:04,083 [INFO] Validating Term: AI water usage: Found 0 valid match(es).
2026-02-24 19:26:08,154 [INFO] Starting scrape from 2025-07-17 to 2025-08-16...
2026-02-24 19:26:08,512 [INFO] Processing Term: AI water usage: Found 0 potential matches.
2026-02-24 19:26:08,512 [INFO] Validating Term: AI water usage: Found 0 valid match(es).
2026-02-24 19:26:12,565 [INFO] Starting scrape from 2025-08-16 to 2025-09-15...
2026-02-24 19:26:12,915 [INFO] Processing Term: AI water usage: Found 0 potential matches.
2026-02-24 19:26:12,915 [INFO] Validating Term: AI water usage: Found 0 valid match(es).
2026-02-24 19:26:16,974 [INFO] Starting scrape from 2025-09-15 to 2025-10-15...
2026-02-24 19:26:17,332 [INFO] Processing Term: AI water usage: Found 0 potential matches.
2026-02-24 19:26:17,332 [INFO] Validating Term: AI water usage: Found 0 valid match(es).
2026-02-24 19:26:21,395 [INFO] Starting scrape from 2025-10-15 to 2025-11-14...
2026-02-24 19:26:21,721 [INFO] Processing Term: AI water usage: Found 0 potential matches.
2026-02-24 19:26:21,721 [INFO] Validating Term: AI water usage: Found 0 valid match(es).
2026-02-24 19:26:25,782 [INFO] Starting scrape from 2025-11-14 to 2025-12-14...
2026-02-24 19:26:26,226 [INFO] Processing Term: AI water usage: Found 0 potential matches.
2026-02-24 19:26:26,226 [INFO] Validating Term: AI water usage: Found 0 valid match(es).
2026-02-24 19:26:30,292 [INFO] Starting scrape from 2025-12-14 to 2026-01-13...
2026-02-24 19:26:30,733 [INFO] Processing Term: AI water usage: Found 0 potential matches.
2026-02-24 19:26:30,733 [INFO] Validating Term: AI water usage: Found 0 valid match(es).
2026-02-24 19:26:34,797 [INFO] Starting scrape from 2026-01-13 to 2026-02-12...
2026-02-24 19:26:35,101 [INFO] Processing Term: AI water usage: Found 0 potential matches.
2026-02-24 19:26:35,101 [INFO] Validating Term: AI water usage: Found 0 valid match(es).
2026-02-24 19:26:39,174 [INFO] Starting scrape from 2022-11-30 to 2022-12-30...
2026-02-24 19:26:39,846 [INFO] Processing Term: AI water footprint: Found 0 potential matches.
2026-02-24 19:26:39,846 [INFO] Validating Term: AI water footprint: Found 0 valid match(es).
2026-02-24 19:26:43,894 [INFO] Starting scrape from 2022-12-30 to 2023-01-29...
2026-02-24 19:26:44,556 [INFO] Processing Term: AI water footprint: Found 0 potential matches.
2026-02-24 19:26:44,557 [INFO] Validating Term: AI water footprint: Found 0 valid match(es).
2026-02-24 19:26:48,610 [INFO] Starting scrape from 2023-01-29 to 2023-02-28...
2026-02-24 19:26:49,270 [INFO] Processing Term: AI water footprint: Found 0 potential matches.
2026-02-24 19:26:49,270 [INFO] Validating Term: AI water footprint: Found 0 valid match(es).
2026-02-24 19:26:53,332 [INFO] Starting scrape from 2023-02-28 to 2023-03-30...
2026-02-24 19:26:54,082 [INFO] Processing Term: AI water footprint: Found 0 potential matches.
2026-02-24 19:26:54,082 [INFO] Validating Term: AI water footprint: Found 0 valid match(es).
2026-02-24 19:26:58,142 [INFO] Starting scrape from 2023-03-30 to 2023-04-29...
2026-02-24 19:26:58,688 [INFO] Processing Term: AI water footprint: Found 1 potential matches.
2026-02-24 19:26:58,705 [INFO] Validating Term: AI water footprint: Found 1 valid match(es).
2026-02-24 19:27:02,775 [INFO] Starting scrape from 2023-04-29 to 2023-05-29...
2026-02-24 19:27:03,214 [INFO] Processing Term: AI water footprint: Found 2 potential matches.
2026-02-24 19:27:03,231 [INFO] Validating Term: AI water footprint: Found 0 valid match(es).
2026-02-24 19:27:07,288 [INFO] Starting scrape from 2023-05-29 to 2023-06-28...
2026-02-24 19:27:07,926 [INFO] Processing Term: AI water footprint: Found 2 potential matches.
2026-02-24 19:27:07,956 [INFO] Validating Term: AI water footprint: Found 1 valid match(es).
2026-02-24 19:27:12,011 [INFO] Starting scrape from 2023-06-28 to 2023-07-28...
2026-02-24 19:27:12,615 [INFO] Processing Term: AI water footprint: Found 0 potential matches.
2026-02-24 19:27:12,615 [INFO] Validating Term: AI water footprint: Found 0 valid match(es).
2026-02-24 19:27:16,678 [INFO] Starting scrape from 2023-07-28 to 2023-08-27...
2026-02-24 19:27:17,418 [INFO] Processing Term: AI water footprint: Found 0 potential matches.
2026-02-24 19:27:17,418 [INFO] Validating Term: AI water footprint: Found 0 valid match(es).
2026-02-24 19:27:21,479 [INFO] Starting scrape from 2023-08-27 to 2023-09-26...
2026-02-24 19:27:21,876 [INFO] Processing Term: AI water footprint: Found 0 potential matches.
2026-02-24 19:27:21,876 [INFO] Validating Term: AI water footprint: Found 0 valid match(es).
2026-02-24 19:27:25,936 [INFO] Starting scrape from 2023-09-26 to 2023-10-26...
2026-02-24 19:27:26,338 [INFO] Processing Term: AI water footprint: Found 0 potential matches.
2026-02-24 19:27:26,338 [INFO] Validating Term: AI water footprint: Found 0 valid match(es).
2026-02-24 19:27:30,404 [INFO] Starting scrape from 2023-10-26 to 2023-11-25...
2026-02-24 19:27:31,049 [INFO] Processing Term: AI water footprint: Found 0 potential matches.
2026-02-24 19:27:31,049 [INFO] Validating Term: AI water footprint: Found 0 valid match(es).
2026-02-24 19:27:35,124 [INFO] Starting scrape from 2023-11-25 to 2023-12-25...
2026-02-24 19:27:35,760 [INFO] Processing Term: AI water footprint: Found 1 potential matches.
2026-02-24 19:27:35,779 [INFO] Validating Term: AI water footprint: Found 0 valid match(es).
2026-02-24 19:27:39,838 [INFO] Starting scrape from 2023-12-25 to 2024-01-24...
2026-02-24 19:27:40,365 [INFO] Processing Term: AI water footprint: Found 0 potential matches.
2026-02-24 19:27:40,365 [INFO] Validating Term: AI water footprint: Found 0 valid match(es).
2026-02-24 19:27:44,428 [INFO] Starting scrape from 2024-01-24 to 2024-02-23...
2026-02-24 19:27:44,977 [INFO] Processing Term: AI water footprint: Found 1 potential matches.
2026-02-24 19:27:44,986 [INFO] Validating Term: AI water footprint: Found 0 valid match(es).
2026-02-24 19:27:49,044 [INFO] Starting scrape from 2024-02-23 to 2024-03-24...
2026-02-24 19:27:49,479 [INFO] Processing Term: AI water footprint: Found 0 potential matches.
2026-02-24 19:27:49,479 [INFO] Validating Term: AI water footprint: Found 0 valid match(es).
2026-02-24 19:27:53,542 [INFO] Starting scrape from 2024-03-24 to 2024-04-23...
2026-02-24 19:27:54,031 [INFO] Processing Term: AI water footprint: Found 0 potential matches.
2026-02-24 19:27:54,032 [INFO] Validating Term: AI water footprint: Found 0 valid match(es).
2026-02-24 19:27:58,094 [INFO] Starting scrape from 2024-04-23 to 2024-05-23...
2026-02-24 19:27:58,514 [INFO] Processing Term: AI water footprint: Found 1 potential matches.
2026-02-24 19:27:58,534 [INFO] Validating Term: AI water footprint: Found 1 valid match(es).
2026-02-24 19:28:02,596 [INFO] Starting scrape from 2024-05-23 to 2024-06-22...
2026-02-24 19:28:03,066 [INFO] Processing Term: AI water footprint: Found 0 potential matches.
2026-02-24 19:28:03,066 [INFO] Validating Term: AI water footprint: Found 0 valid match(es).
2026-02-24 19:28:07,128 [INFO] Starting scrape from 2024-06-22 to 2024-07-22...
2026-02-24 19:28:07,605 [INFO] Processing Term: AI water footprint: Found 0 potential matches.
2026-02-24 19:28:07,605 [INFO] Validating Term: AI water footprint: Found 0 valid match(es).
2026-02-24 19:28:11,666 [INFO] Starting scrape from 2024-07-22 to 2024-08-21...
2026-02-24 19:28:12,725 [INFO] Processing Term: AI water footprint: Found 0 potential matches.
2026-02-24 19:28:12,725 [INFO] Validating Term: AI water footprint: Found 0 valid match(es).
2026-02-24 19:28:16,909 [INFO] Starting scrape from 2024-08-21 to 2024-09-20...
2026-02-24 19:28:17,339 [INFO] Processing Term: AI water footprint: Found 0 potential matches.
2026-02-24 19:28:17,340 [INFO] Validating Term: AI water footprint: Found 0 valid match(es).
2026-02-24 19:28:21,394 [INFO] Starting scrape from 2024-09-20 to 2024-10-20...
2026-02-24 19:28:21,941 [INFO] Processing Term: AI water footprint: Found 0 potential matches.
2026-02-24 19:28:21,942 [INFO] Validating Term: AI water footprint: Found 0 valid match(es).
2026-02-24 19:28:26,015 [INFO] Starting scrape from 2024-10-20 to 2024-11-19...
2026-02-24 19:28:26,519 [INFO] Processing Term: AI water footprint: Found 0 potential matches.
2026-02-24 19:28:26,520 [INFO] Validating Term: AI water footprint: Found 0 valid match(es).
2026-02-24 19:28:30,585 [INFO] Starting scrape from 2024-11-19 to 2024-12-19...
2026-02-24 19:28:30,986 [INFO] Processing Term: AI water footprint: Found 0 potential matches.
2026-02-24 19:28:30,987 [INFO] Validating Term: AI water footprint: Found 0 valid match(es).
2026-02-24 19:28:35,051 [INFO] Starting scrape from 2024-12-19 to 2025-01-18...
2026-02-24 19:28:35,639 [INFO] Processing Term: AI water footprint: Found 0 potential matches.
2026-02-24 19:28:35,640 [INFO] Validating Term: AI water footprint: Found 0 valid match(es).
2026-02-24 19:28:39,696 [INFO] Starting scrape from 2025-01-18 to 2025-02-17...
2026-02-24 19:28:40,272 [INFO] Processing Term: AI water footprint: Found 0 potential matches.
2026-02-24 19:28:40,273 [INFO] Validating Term: AI water footprint: Found 0 valid match(es).
2026-02-24 19:28:44,328 [INFO] Starting scrape from 2025-02-17 to 2025-03-19...
2026-02-24 19:28:44,785 [INFO] Processing Term: AI water footprint: Found 0 potential matches.
2026-02-24 19:28:44,786 [INFO] Validating Term: AI water footprint: Found 0 valid match(es).
2026-02-24 19:28:48,846 [INFO] Starting scrape from 2025-03-19 to 2025-04-18...
2026-02-24 19:28:49,362 [INFO] Processing Term: AI water footprint: Found 0 potential matches.
2026-02-24 19:28:49,363 [INFO] Validating Term: AI water footprint: Found 0 valid match(es).
2026-02-24 19:28:53,412 [INFO] Starting scrape from 2025-04-18 to 2025-05-18...
2026-02-24 19:28:54,080 [INFO] Processing Term: AI water footprint: Found 4 potential matches.
2026-02-24 19:28:54,118 [INFO] Validating Term: AI water footprint: Found 0 valid match(es).
2026-02-24 19:28:58,164 [INFO] Starting scrape from 2025-05-18 to 2025-06-17...
2026-02-24 19:28:58,436 [INFO] Processing Term: AI water footprint: Found 0 potential matches.
2026-02-24 19:28:58,437 [INFO] Validating Term: AI water footprint: Found 0 valid match(es).
2026-02-24 19:29:02,492 [INFO] Starting scrape from 2025-06-17 to 2025-07-17...
2026-02-24 19:29:02,790 [INFO] Processing Term: AI water footprint: Found 0 potential matches.
2026-02-24 19:29:02,790 [INFO] Validating Term: AI water footprint: Found 0 valid match(es).
2026-02-24 19:29:06,853 [INFO] Starting scrape from 2025-07-17 to 2025-08-16...
2026-02-24 19:29:07,203 [INFO] Processing Term: AI water footprint: Found 0 potential matches.
2026-02-24 19:29:07,203 [INFO] Validating Term: AI water footprint: Found 0 valid match(es).
2026-02-24 19:29:11,263 [INFO] Starting scrape from 2025-08-16 to 2025-09-15...
2026-02-24 19:29:11,607 [INFO] Processing Term: AI water footprint: Found 0 potential matches.
2026-02-24 19:29:11,607 [INFO] Validating Term: AI water footprint: Found 0 valid match(es).
2026-02-24 19:29:15,657 [INFO] Starting scrape from 2025-09-15 to 2025-10-15...
2026-02-24 19:29:15,913 [INFO] Processing Term: AI water footprint: Found 0 potential matches.
2026-02-24 19:29:15,914 [INFO] Validating Term: AI water footprint: Found 0 valid match(es).
2026-02-24 19:29:19,978 [INFO] Starting scrape from 2025-10-15 to 2025-11-14...
2026-02-24 19:29:20,246 [INFO] Processing Term: AI water footprint: Found 0 potential matches.
2026-02-24 19:29:20,247 [INFO] Validating Term: AI water footprint: Found 0 valid match(es).
2026-02-24 19:29:24,309 [INFO] Starting scrape from 2025-11-14 to 2025-12-14...
2026-02-24 19:29:24,713 [INFO] Processing Term: AI water footprint: Found 0 potential matches.
2026-02-24 19:29:24,714 [INFO] Validating Term: AI water footprint: Found 0 valid match(es).
2026-02-24 19:29:28,769 [INFO] Starting scrape from 2025-12-14 to 2026-01-13...
2026-02-24 19:29:29,220 [INFO] Processing Term: AI water footprint: Found 0 potential matches.
2026-02-24 19:29:29,221 [INFO] Validating Term: AI water footprint: Found 0 valid match(es).
2026-02-24 19:29:33,277 [INFO] Starting scrape from 2026-01-13 to 2026-02-12...
2026-02-24 19:29:33,621 [INFO] Processing Term: AI water footprint: Found 0 potential matches.
2026-02-24 19:29:33,621 [INFO] Validating Term: AI water footprint: Found 0 valid match(es).
2026-02-24 19:29:37,683 [INFO] Starting scrape from 2022-11-30 to 2022-12-30...
2026-02-24 19:29:38,438 [INFO] Processing Term: AI water impact: Found 0 potential matches.
2026-02-24 19:29:38,439 [INFO] Validating Term: AI water impact: Found 0 valid match(es).
2026-02-24 19:29:42,498 [INFO] Starting scrape from 2022-12-30 to 2023-01-29...
2026-02-24 19:29:43,453 [INFO] Processing Term: AI water impact: Found 0 potential matches.
2026-02-24 19:29:43,453 [INFO] Validating Term: AI water impact: Found 0 valid match(es).
2026-02-24 19:29:47,513 [INFO] Starting scrape from 2023-01-29 to 2023-02-28...
2026-02-24 19:29:48,882 [INFO] Processing Term: AI water impact: Found 1 potential matches.
2026-02-24 19:29:48,899 [INFO] Validating Term: AI water impact: Found 0 valid match(es).
2026-02-24 19:29:52,954 [INFO] Starting scrape from 2023-02-28 to 2023-03-30...
2026-02-24 19:29:54,615 [INFO] Processing Term: AI water impact: Found 0 potential matches.
2026-02-24 19:29:54,616 [INFO] Validating Term: AI water impact: Found 0 valid match(es).
2026-02-24 19:29:58,680 [INFO] Starting scrape from 2023-03-30 to 2023-04-29...
2026-02-24 19:29:59,940 [INFO] Processing Term: AI water impact: Found 3 potential matches.
2026-02-24 19:29:59,971 [INFO] Validating Term: AI water impact: Found 0 valid match(es).
2026-02-24 19:30:04,015 [INFO] Starting scrape from 2023-04-29 to 2023-05-29...
2026-02-24 19:30:04,794 [INFO] Processing Term: AI water impact: Found 0 potential matches.
2026-02-24 19:30:04,795 [INFO] Validating Term: AI water impact: Found 0 valid match(es).
2026-02-24 19:30:08,858 [INFO] Starting scrape from 2023-05-29 to 2023-06-28...
2026-02-24 19:30:10,182 [INFO] Processing Term: AI water impact: Found 2 potential matches.
2026-02-24 19:30:10,206 [INFO] Validating Term: AI water impact: Found 1 valid match(es).
2026-02-24 19:30:14,255 [INFO] Starting scrape from 2023-06-28 to 2023-07-28...
2026-02-24 19:30:15,063 [INFO] Processing Term: AI water impact: Found 0 potential matches.
2026-02-24 19:30:15,063 [INFO] Validating Term: AI water impact: Found 0 valid match(es).
2026-02-24 19:30:19,125 [INFO] Starting scrape from 2023-07-28 to 2023-08-27...
2026-02-24 19:30:20,134 [INFO] Processing Term: AI water impact: Found 0 potential matches.
2026-02-24 19:30:20,134 [INFO] Validating Term: AI water impact: Found 0 valid match(es).
2026-02-24 19:30:24,197 [INFO] Starting scrape from 2023-08-27 to 2023-09-26...
2026-02-24 19:30:25,027 [INFO] Processing Term: AI water impact: Found 0 potential matches.
2026-02-24 19:30:25,028 [INFO] Validating Term: AI water impact: Found 0 valid match(es).
2026-02-24 19:30:29,092 [INFO] Starting scrape from 2023-09-26 to 2023-10-26...
2026-02-24 19:30:30,199 [INFO] Processing Term: AI water impact: Found 0 potential matches.
2026-02-24 19:30:30,200 [INFO] Validating Term: AI water impact: Found 0 valid match(es).
2026-02-24 19:30:34,267 [INFO] Starting scrape from 2023-10-26 to 2023-11-25...
2026-02-24 19:30:35,329 [INFO] Processing Term: AI water impact: Found 0 potential matches.
2026-02-24 19:30:35,330 [INFO] Validating Term: AI water impact: Found 0 valid match(es).
2026-02-24 19:30:39,396 [INFO] Starting scrape from 2023-11-25 to 2023-12-25...
2026-02-24 19:30:40,083 [INFO] Processing Term: AI water impact: Found 0 potential matches.
2026-02-24 19:30:40,083 [INFO] Validating Term: AI water impact: Found 0 valid match(es).
2026-02-24 19:30:44,164 [INFO] Starting scrape from 2023-12-25 to 2024-01-24...
2026-02-24 19:30:45,098 [INFO] Processing Term: AI water impact: Found 0 potential matches.
2026-02-24 19:30:45,098 [INFO] Validating Term: AI water impact: Found 0 valid match(es).
2026-02-24 19:30:49,155 [INFO] Starting scrape from 2024-01-24 to 2024-02-23...
2026-02-24 19:30:50,402 [INFO] Processing Term: AI water impact: Found 0 potential matches.
2026-02-24 19:30:50,403 [INFO] Validating Term: AI water impact: Found 0 valid match(es).
2026-02-24 19:30:54,467 [INFO] Starting scrape from 2024-02-23 to 2024-03-24...
2026-02-24 19:30:55,953 [INFO] Processing Term: AI water impact: Found 1 potential matches.
2026-02-24 19:30:55,975 [INFO] Validating Term: AI water impact: Found 1 valid match(es).
2026-02-24 19:31:00,026 [INFO] Starting scrape from 2024-03-24 to 2024-04-23...
2026-02-24 19:31:01,277 [INFO] Processing Term: AI water impact: Found 0 potential matches.
2026-02-24 19:31:01,278 [INFO] Validating Term: AI water impact: Found 0 valid match(es).
2026-02-24 19:31:05,347 [INFO] Starting scrape from 2024-04-23 to 2024-05-23...
2026-02-24 19:31:06,111 [INFO] Processing Term: AI water impact: Found 0 potential matches.
2026-02-24 19:31:06,111 [INFO] Validating Term: AI water impact: Found 0 valid match(es).
2026-02-24 19:31:10,179 [INFO] Starting scrape from 2024-05-23 to 2024-06-22...
2026-02-24 19:31:11,420 [INFO] Processing Term: AI water impact: Found 4 potential matches.
2026-02-24 19:31:11,465 [INFO] Validating Term: AI water impact: Found 4 valid match(es).
2026-02-24 19:31:15,515 [INFO] Starting scrape from 2024-06-22 to 2024-07-22...
2026-02-24 19:31:16,538 [INFO] Processing Term: AI water impact: Found 1 potential matches.
2026-02-24 19:31:16,556 [INFO] Validating Term: AI water impact: Found 0 valid match(es).
2026-02-24 19:31:20,613 [INFO] Starting scrape from 2024-07-22 to 2024-08-21...
2026-02-24 19:31:21,807 [INFO] Processing Term: AI water impact: Found 0 potential matches.
2026-02-24 19:31:21,807 [INFO] Validating Term: AI water impact: Found 0 valid match(es).
2026-02-24 19:31:25,871 [INFO] Starting scrape from 2024-08-21 to 2024-09-20...
2026-02-24 19:31:27,021 [INFO] Processing Term: AI water impact: Found 0 potential matches.
2026-02-24 19:31:27,022 [INFO] Validating Term: AI water impact: Found 0 valid match(es).
2026-02-24 19:31:31,084 [INFO] Starting scrape from 2024-09-20 to 2024-10-20...
2026-02-24 19:31:32,202 [INFO] Processing Term: AI water impact: Found 1 potential matches.
2026-02-24 19:31:32,226 [INFO] Validating Term: AI water impact: Found 1 valid match(es).
2026-02-24 19:31:36,335 [INFO] Starting scrape from 2024-10-20 to 2024-11-19...
2026-02-24 19:31:37,381 [INFO] Processing Term: AI water impact: Found 0 potential matches.
2026-02-24 19:31:37,381 [INFO] Validating Term: AI water impact: Found 0 valid match(es).
2026-02-24 19:31:41,444 [INFO] Starting scrape from 2024-11-19 to 2024-12-19...
2026-02-24 19:31:42,669 [INFO] Processing Term: AI water impact: Found 4 potential matches.
2026-02-24 19:31:42,721 [INFO] Validating Term: AI water impact: Found 1 valid match(es).
2026-02-24 19:31:46,754 [INFO] Starting scrape from 2024-12-19 to 2025-01-18...
2026-02-24 19:31:47,709 [INFO] Processing Term: AI water impact: Found 3 potential matches.
2026-02-24 19:31:47,738 [INFO] Validating Term: AI water impact: Found 2 valid match(es).
2026-02-24 19:31:51,785 [INFO] Starting scrape from 2025-01-18 to 2025-02-17...
2026-02-24 19:31:53,016 [INFO] Processing Term: AI water impact: Found 7 potential matches.
2026-02-24 19:31:53,061 [INFO] Validating Term: AI water impact: Found 6 valid match(es).
2026-02-24 19:31:57,112 [INFO] Starting scrape from 2025-02-17 to 2025-03-19...
2026-02-24 19:31:58,289 [INFO] Processing Term: AI water impact: Found 0 potential matches.
2026-02-24 19:31:58,290 [INFO] Validating Term: AI water impact: Found 0 valid match(es).
2026-02-24 19:32:02,358 [INFO] Starting scrape from 2025-03-19 to 2025-04-18...
2026-02-24 19:32:03,847 [INFO] Processing Term: AI water impact: Found 0 potential matches.
2026-02-24 19:32:03,847 [INFO] Validating Term: AI water impact: Found 0 valid match(es).
2026-02-24 19:32:07,909 [INFO] Starting scrape from 2025-04-18 to 2025-05-18...
2026-02-24 19:32:08,862 [INFO] Processing Term: AI water impact: Found 0 potential matches.
2026-02-24 19:32:08,863 [INFO] Validating Term: AI water impact: Found 0 valid match(es).
2026-02-24 19:32:12,925 [INFO] Starting scrape from 2025-05-18 to 2025-06-17...
2026-02-24 19:32:13,266 [INFO] Processing Term: AI water impact: Found 0 potential matches.
2026-02-24 19:32:13,266 [INFO] Validating Term: AI water impact: Found 0 valid match(es).
2026-02-24 19:32:17,331 [INFO] Starting scrape from 2025-06-17 to 2025-07-17...
2026-02-24 19:32:17,639 [INFO] Processing Term: AI water impact: Found 0 potential matches.
2026-02-24 19:32:17,639 [INFO] Validating Term: AI water impact: Found 0 valid match(es).
2026-02-24 19:32:21,697 [INFO] Starting scrape from 2025-07-17 to 2025-08-16...
2026-02-24 19:32:22,074 [INFO] Processing Term: AI water impact: Found 0 potential matches.
2026-02-24 19:32:22,074 [INFO] Validating Term: AI water impact: Found 0 valid match(es).
2026-02-24 19:32:26,133 [INFO] Starting scrape from 2025-08-16 to 2025-09-15...
2026-02-24 19:32:26,475 [INFO] Processing Term: AI water impact: Found 0 potential matches.
2026-02-24 19:32:26,476 [INFO] Validating Term: AI water impact: Found 0 valid match(es).
2026-02-24 19:32:30,534 [INFO] Starting scrape from 2025-09-15 to 2025-10-15...
2026-02-24 19:32:30,800 [INFO] Processing Term: AI water impact: Found 0 potential matches.
2026-02-24 19:32:30,800 [INFO] Validating Term: AI water impact: Found 0 valid match(es).
2026-02-24 19:32:34,851 [INFO] Starting scrape from 2025-10-15 to 2025-11-14...
2026-02-24 19:32:35,182 [INFO] Processing Term: AI water impact: Found 0 potential matches.
2026-02-24 19:32:35,182 [INFO] Validating Term: AI water impact: Found 0 valid match(es).
2026-02-24 19:32:39,240 [INFO] Starting scrape from 2025-11-14 to 2025-12-14...
2026-02-24 19:32:39,585 [INFO] Processing Term: AI water impact: Found 0 potential matches.
2026-02-24 19:32:39,585 [INFO] Validating Term: AI water impact: Found 0 valid match(es).
2026-02-24 19:32:43,647 [INFO] Starting scrape from 2025-12-14 to 2026-01-13...
2026-02-24 19:32:43,924 [INFO] Processing Term: AI water impact: Found 0 potential matches.
2026-02-24 19:32:43,924 [INFO] Validating Term: AI water impact: Found 0 valid match(es).
2026-02-24 19:32:47,987 [INFO] Starting scrape from 2026-01-13 to 2026-02-12...
2026-02-24 19:32:48,281 [INFO] Processing Term: AI water impact: Found 0 potential matches.
2026-02-24 19:32:48,281 [INFO] Validating Term: AI water impact: Found 0 valid match(es).
2026-02-24 19:32:52,340 [INFO] Starting scrape from 2022-11-30 to 2022-12-30...
2026-02-24 19:32:53,104 [INFO] Processing Term: AI water effect: Found 0 potential matches.
2026-02-24 19:32:53,104 [INFO] Validating Term: AI water effect: Found 0 valid match(es).
2026-02-24 19:32:57,170 [INFO] Starting scrape from 2022-12-30 to 2023-01-29...
2026-02-24 19:32:58,041 [INFO] Processing Term: AI water effect: Found 0 potential matches.
2026-02-24 19:32:58,042 [INFO] Validating Term: AI water effect: Found 0 valid match(es).
2026-02-24 19:33:02,108 [INFO] Starting scrape from 2023-01-29 to 2023-02-28...
2026-02-24 19:33:02,929 [INFO] Processing Term: AI water effect: Found 0 potential matches.
2026-02-24 19:33:02,929 [INFO] Validating Term: AI water effect: Found 0 valid match(es).
2026-02-24 19:33:06,988 [INFO] Starting scrape from 2023-02-28 to 2023-03-30...
2026-02-24 19:33:07,899 [INFO] Processing Term: AI water effect: Found 0 potential matches.
2026-02-24 19:33:07,899 [INFO] Validating Term: AI water effect: Found 0 valid match(es).
2026-02-24 19:33:11,962 [INFO] Starting scrape from 2023-03-30 to 2023-04-29...
2026-02-24 19:33:12,968 [INFO] Processing Term: AI water effect: Found 0 potential matches.
2026-02-24 19:33:12,970 [INFO] Validating Term: AI water effect: Found 0 valid match(es).
2026-02-24 19:33:17,034 [INFO] Starting scrape from 2023-04-29 to 2023-05-29...
2026-02-24 19:33:17,857 [INFO] Processing Term: AI water effect: Found 0 potential matches.
2026-02-24 19:33:17,857 [INFO] Validating Term: AI water effect: Found 0 valid match(es).
2026-02-24 19:33:21,913 [INFO] Starting scrape from 2023-05-29 to 2023-06-28...
2026-02-24 19:33:22,901 [INFO] Processing Term: AI water effect: Found 0 potential matches.
2026-02-24 19:33:22,901 [INFO] Validating Term: AI water effect: Found 0 valid match(es).
2026-02-24 19:33:26,964 [INFO] Starting scrape from 2023-06-28 to 2023-07-28...
2026-02-24 19:33:27,917 [INFO] Processing Term: AI water effect: Found 0 potential matches.
2026-02-24 19:33:27,918 [INFO] Validating Term: AI water effect: Found 0 valid match(es).
2026-02-24 19:33:31,997 [INFO] Starting scrape from 2023-07-28 to 2023-08-27...
2026-02-24 19:33:32,734 [INFO] Processing Term: AI water effect: Found 0 potential matches.
2026-02-24 19:33:32,735 [INFO] Validating Term: AI water effect: Found 0 valid match(es).
2026-02-24 19:33:36,803 [INFO] Starting scrape from 2023-08-27 to 2023-09-26...
2026-02-24 19:33:37,543 [INFO] Processing Term: AI water effect: Found 0 potential matches.
2026-02-24 19:33:37,543 [INFO] Validating Term: AI water effect: Found 0 valid match(es).
2026-02-24 19:33:41,599 [INFO] Starting scrape from 2023-09-26 to 2023-10-26...
2026-02-24 19:33:42,264 [INFO] Processing Term: AI water effect: Found 0 potential matches.
2026-02-24 19:33:42,264 [INFO] Validating Term: AI water effect: Found 0 valid match(es).
2026-02-24 19:33:46,316 [INFO] Starting scrape from 2023-10-26 to 2023-11-25...
2026-02-24 19:33:47,012 [INFO] Processing Term: AI water effect: Found 1 potential matches.
2026-02-24 19:33:47,031 [INFO] Validating Term: AI water effect: Found 0 valid match(es).
2026-02-24 19:33:51,093 [INFO] Starting scrape from 2023-11-25 to 2023-12-25...
2026-02-24 19:33:52,084 [INFO] Processing Term: AI water effect: Found 0 potential matches.
2026-02-24 19:33:52,085 [INFO] Validating Term: AI water effect: Found 0 valid match(es).
2026-02-24 19:33:56,151 [INFO] Starting scrape from 2023-12-25 to 2024-01-24...
2026-02-24 19:33:57,308 [INFO] Processing Term: AI water effect: Found 0 potential matches.
2026-02-24 19:33:57,308 [INFO] Validating Term: AI water effect: Found 0 valid match(es).
2026-02-24 19:34:01,367 [INFO] Starting scrape from 2024-01-24 to 2024-02-23...
2026-02-24 19:34:02,840 [INFO] Processing Term: AI water effect: Found 2 potential matches.
2026-02-24 19:34:02,871 [INFO] Validating Term: AI water effect: Found 2 valid match(es).
2026-02-24 19:34:06,918 [INFO] Starting scrape from 2024-02-23 to 2024-03-24...
2026-02-24 19:34:08,826 [INFO] Processing Term: AI water effect: Found 0 potential matches.
2026-02-24 19:34:08,827 [INFO] Validating Term: AI water effect: Found 0 valid match(es).
2026-02-24 19:34:12,888 [INFO] Starting scrape from 2024-03-24 to 2024-04-23...
2026-02-24 19:34:15,022 [INFO] Processing Term: AI water effect: Found 0 potential matches.
2026-02-24 19:34:15,022 [INFO] Validating Term: AI water effect: Found 0 valid match(es).
2026-02-24 19:34:19,082 [INFO] Starting scrape from 2024-04-23 to 2024-05-23...
2026-02-24 19:34:21,479 [INFO] Processing Term: AI water effect: Found 0 potential matches.
2026-02-24 19:34:21,480 [INFO] Validating Term: AI water effect: Found 0 valid match(es).
2026-02-24 19:34:25,554 [INFO] Starting scrape from 2024-05-23 to 2024-06-22...
2026-02-24 19:34:28,551 [INFO] Processing Term: AI water effect: Found 0 potential matches.
2026-02-24 19:34:28,552 [INFO] Validating Term: AI water effect: Found 0 valid match(es).
2026-02-24 19:34:32,662 [INFO] Starting scrape from 2024-06-22 to 2024-07-22...
2026-02-24 19:34:34,755 [INFO] Processing Term: AI water effect: Found 0 potential matches.
2026-02-24 19:34:34,755 [INFO] Validating Term: AI water effect: Found 0 valid match(es).
2026-02-24 19:34:38,823 [INFO] Starting scrape from 2024-07-22 to 2024-08-21...
2026-02-24 19:34:42,262 [INFO] Processing Term: AI water effect: Found 1 potential matches.
2026-02-24 19:34:42,275 [INFO] Validating Term: AI water effect: Found 0 valid match(es).
2026-02-24 19:34:46,339 [INFO] Starting scrape from 2024-08-21 to 2024-09-20...
2026-02-24 19:34:49,430 [INFO] Processing Term: AI water effect: Found 0 potential matches.
2026-02-24 19:34:49,431 [INFO] Validating Term: AI water effect: Found 0 valid match(es).
2026-02-24 19:34:53,503 [INFO] Starting scrape from 2024-09-20 to 2024-10-20...
2026-02-24 19:34:56,392 [INFO] Processing Term: AI water effect: Found 0 potential matches.
2026-02-24 19:34:56,393 [INFO] Validating Term: AI water effect: Found 0 valid match(es).
2026-02-24 19:35:00,469 [INFO] Starting scrape from 2024-10-20 to 2024-11-19...
2026-02-24 19:35:03,355 [INFO] Processing Term: AI water effect: Found 0 potential matches.
2026-02-24 19:35:03,356 [INFO] Validating Term: AI water effect: Found 0 valid match(es).
2026-02-24 19:35:07,427 [INFO] Starting scrape from 2024-11-19 to 2024-12-19...
2026-02-24 19:35:10,319 [INFO] Processing Term: AI water effect: Found 0 potential matches.
2026-02-24 19:35:10,319 [INFO] Validating Term: AI water effect: Found 0 valid match(es).
2026-02-24 19:35:14,365 [INFO] Starting scrape from 2024-12-19 to 2025-01-18...
2026-02-24 19:35:17,187 [INFO] Processing Term: AI water effect: Found 1 potential matches.
2026-02-24 19:35:17,216 [INFO] Validating Term: AI water effect: Found 1 valid match(es).
2026-02-24 19:35:21,272 [INFO] Starting scrape from 2025-01-18 to 2025-02-17...
2026-02-24 19:35:28,516 [INFO] Processing Term: AI water effect: Found 0 potential matches.
2026-02-24 19:35:28,518 [INFO] Validating Term: AI water effect: Found 0 valid match(es).
2026-02-24 19:35:32,589 [INFO] Starting scrape from 2025-02-17 to 2025-03-19...
2026-02-24 19:35:37,989 [INFO] Processing Term: AI water effect: Found 0 potential matches.
2026-02-24 19:35:37,990 [INFO] Validating Term: AI water effect: Found 0 valid match(es).
2026-02-24 19:35:42,033 [INFO] Starting scrape from 2025-03-19 to 2025-04-18...
2026-02-24 19:35:45,546 [INFO] Processing Term: AI water effect: Found 0 potential matches.
2026-02-24 19:35:45,547 [INFO] Validating Term: AI water effect: Found 0 valid match(es).
2026-02-24 19:35:49,612 [INFO] Starting scrape from 2025-04-18 to 2025-05-18...
2026-02-24 19:35:52,304 [INFO] Processing Term: AI water effect: Found 0 potential matches.
2026-02-24 19:35:52,305 [INFO] Validating Term: AI water effect: Found 0 valid match(es).
2026-02-24 19:35:56,368 [INFO] Starting scrape from 2025-05-18 to 2025-06-17...
2026-02-24 19:35:56,710 [INFO] Processing Term: AI water effect: Found 0 potential matches.
2026-02-24 19:35:56,710 [INFO] Validating Term: AI water effect: Found 0 valid match(es).
2026-02-24 19:36:00,787 [INFO] Starting scrape from 2025-06-17 to 2025-07-17...
2026-02-24 19:36:01,114 [INFO] Processing Term: AI water effect: Found 0 potential matches.
2026-02-24 19:36:01,115 [INFO] Validating Term: AI water effect: Found 0 valid match(es).
2026-02-24 19:36:05,166 [INFO] Starting scrape from 2025-07-17 to 2025-08-16...
2026-02-24 19:36:05,451 [INFO] Processing Term: AI water effect: Found 0 potential matches.
2026-02-24 19:36:05,451 [INFO] Validating Term: AI water effect: Found 0 valid match(es).
2026-02-24 19:36:09,513 [INFO] Starting scrape from 2025-08-16 to 2025-09-15...
2026-02-24 19:36:09,787 [INFO] Processing Term: AI water effect: Found 0 potential matches.
2026-02-24 19:36:09,787 [INFO] Validating Term: AI water effect: Found 0 valid match(es).
2026-02-24 19:36:13,845 [INFO] Starting scrape from 2025-09-15 to 2025-10-15...
2026-02-24 19:36:14,526 [INFO] Processing Term: AI water effect: Found 0 potential matches.
2026-02-24 19:36:14,526 [INFO] Validating Term: AI water effect: Found 0 valid match(es).
2026-02-24 19:36:18,591 [INFO] Starting scrape from 2025-10-15 to 2025-11-14...
2026-02-24 19:36:18,927 [INFO] Processing Term: AI water effect: Found 0 potential matches.
2026-02-24 19:36:18,928 [INFO] Validating Term: AI water effect: Found 0 valid match(es).
2026-02-24 19:36:22,989 [INFO] Starting scrape from 2025-11-14 to 2025-12-14...
2026-02-24 19:36:23,273 [INFO] Processing Term: AI water effect: Found 0 potential matches.
2026-02-24 19:36:23,274 [INFO] Validating Term: AI water effect: Found 0 valid match(es).
2026-02-24 19:36:27,343 [INFO] Starting scrape from 2025-12-14 to 2026-01-13...
2026-02-24 19:36:27,735 [INFO] Processing Term: AI water effect: Found 0 potential matches.
2026-02-24 19:36:27,736 [INFO] Validating Term: AI water effect: Found 0 valid match(es).
2026-02-24 19:36:31,787 [INFO] Starting scrape from 2026-01-13 to 2026-02-12...
2026-02-24 19:36:32,139 [INFO] Processing Term: AI water effect: Found 0 potential matches.
2026-02-24 19:36:32,139 [INFO] Validating Term: AI water effect: Found 0 valid match(es).
2026-02-24 19:36:36,199 [INFO] Starting scrape from 2022-11-30 to 2022-12-30...
2026-02-24 19:36:36,696 [INFO] Processing Term: AI water harm: Found 0 potential matches.
2026-02-24 19:36:36,696 [INFO] Validating Term: AI water harm: Found 0 valid match(es).
2026-02-24 19:36:40,762 [INFO] Starting scrape from 2022-12-30 to 2023-01-29...
2026-02-24 19:36:41,354 [INFO] Processing Term: AI water harm: Found 0 potential matches.
2026-02-24 19:36:41,355 [INFO] Validating Term: AI water harm: Found 0 valid match(es).
2026-02-24 19:36:45,408 [INFO] Starting scrape from 2023-01-29 to 2023-02-28...
2026-02-24 19:36:45,880 [INFO] Processing Term: AI water harm: Found 0 potential matches.
2026-02-24 19:36:45,880 [INFO] Validating Term: AI water harm: Found 0 valid match(es).
2026-02-24 19:36:49,938 [INFO] Starting scrape from 2023-02-28 to 2023-03-30...
2026-02-24 19:36:50,571 [INFO] Processing Term: AI water harm: Found 0 potential matches.
2026-02-24 19:36:50,572 [INFO] Validating Term: AI water harm: Found 0 valid match(es).
2026-02-24 19:36:54,630 [INFO] Starting scrape from 2023-03-30 to 2023-04-29...
2026-02-24 19:36:55,589 [INFO] Processing Term: AI water harm: Found 0 potential matches.
2026-02-24 19:36:55,589 [INFO] Validating Term: AI water harm: Found 0 valid match(es).
2026-02-24 19:36:59,666 [INFO] Starting scrape from 2023-04-29 to 2023-05-29...
2026-02-24 19:37:00,198 [INFO] Processing Term: AI water harm: Found 0 potential matches.
2026-02-24 19:37:00,199 [INFO] Validating Term: AI water harm: Found 0 valid match(es).
2026-02-24 19:37:04,304 [INFO] Starting scrape from 2023-05-29 to 2023-06-28...
2026-02-24 19:37:05,191 [INFO] Processing Term: AI water harm: Found 0 potential matches.
2026-02-24 19:37:05,191 [INFO] Validating Term: AI water harm: Found 0 valid match(es).
2026-02-24 19:37:09,234 [INFO] Starting scrape from 2023-06-28 to 2023-07-28...
2026-02-24 19:37:09,901 [INFO] Processing Term: AI water harm: Found 0 potential matches.
2026-02-24 19:37:09,902 [INFO] Validating Term: AI water harm: Found 0 valid match(es).
2026-02-24 19:37:13,960 [INFO] Starting scrape from 2023-07-28 to 2023-08-27...
2026-02-24 19:37:14,532 [INFO] Processing Term: AI water harm: Found 0 potential matches.
2026-02-24 19:37:14,533 [INFO] Validating Term: AI water harm: Found 0 valid match(es).
2026-02-24 19:37:18,594 [INFO] Starting scrape from 2023-08-27 to 2023-09-26...
2026-02-24 19:37:19,139 [INFO] Processing Term: AI water harm: Found 0 potential matches.
2026-02-24 19:37:19,140 [INFO] Validating Term: AI water harm: Found 0 valid match(es).
2026-02-24 19:37:23,196 [INFO] Starting scrape from 2023-09-26 to 2023-10-26...
2026-02-24 19:37:23,750 [INFO] Processing Term: AI water harm: Found 0 potential matches.
2026-02-24 19:37:23,750 [INFO] Validating Term: AI water harm: Found 0 valid match(es).
2026-02-24 19:37:27,813 [INFO] Starting scrape from 2023-10-26 to 2023-11-25...
2026-02-24 19:37:28,458 [INFO] Processing Term: AI water harm: Found 0 potential matches.
2026-02-24 19:37:28,458 [INFO] Validating Term: AI water harm: Found 0 valid match(es).
2026-02-24 19:37:32,525 [INFO] Starting scrape from 2023-11-25 to 2023-12-25...
2026-02-24 19:37:33,784 [INFO] Processing Term: AI water harm: Found 0 potential matches.
2026-02-24 19:37:33,785 [INFO] Validating Term: AI water harm: Found 0 valid match(es).
2026-02-24 19:37:37,850 [INFO] Starting scrape from 2023-12-25 to 2024-01-24...
2026-02-24 19:37:39,582 [INFO] Processing Term: AI water harm: Found 0 potential matches.
2026-02-24 19:37:39,582 [INFO] Validating Term: AI water harm: Found 0 valid match(es).
2026-02-24 19:37:43,649 [INFO] Starting scrape from 2024-01-24 to 2024-02-23...
2026-02-24 19:37:45,172 [INFO] Processing Term: AI water harm: Found 0 potential matches.
2026-02-24 19:37:45,173 [INFO] Validating Term: AI water harm: Found 0 valid match(es).
2026-02-24 19:37:49,235 [INFO] Starting scrape from 2024-02-23 to 2024-03-24...
2026-02-24 19:37:50,154 [INFO] Processing Term: AI water harm: Found 0 potential matches.
2026-02-24 19:37:50,154 [INFO] Validating Term: AI water harm: Found 0 valid match(es).
2026-02-24 19:37:54,217 [INFO] Starting scrape from 2024-03-24 to 2024-04-23...
2026-02-24 19:37:55,339 [INFO] Processing Term: AI water harm: Found 0 potential matches.
2026-02-24 19:37:55,339 [INFO] Validating Term: AI water harm: Found 0 valid match(es).
2026-02-24 19:37:59,401 [INFO] Starting scrape from 2024-04-23 to 2024-05-23...
2026-02-24 19:38:00,510 [INFO] Processing Term: AI water harm: Found 0 potential matches.
2026-02-24 19:38:00,510 [INFO] Validating Term: AI water harm: Found 0 valid match(es).
2026-02-24 19:38:04,566 [INFO] Starting scrape from 2024-05-23 to 2024-06-22...
2026-02-24 19:38:05,184 [INFO] Processing Term: AI water harm: Found 0 potential matches.
2026-02-24 19:38:05,185 [INFO] Validating Term: AI water harm: Found 0 valid match(es).
2026-02-24 19:38:09,251 [INFO] Starting scrape from 2024-06-22 to 2024-07-22...
2026-02-24 19:38:09,808 [INFO] Processing Term: AI water harm: Found 0 potential matches.
2026-02-24 19:38:09,808 [INFO] Validating Term: AI water harm: Found 0 valid match(es).
2026-02-24 19:38:13,874 [INFO] Starting scrape from 2024-07-22 to 2024-08-21...
2026-02-24 19:38:14,541 [INFO] Processing Term: AI water harm: Found 0 potential matches.
2026-02-24 19:38:14,542 [INFO] Validating Term: AI water harm: Found 0 valid match(es).
2026-02-24 19:38:18,607 [INFO] Starting scrape from 2024-08-21 to 2024-09-20...
2026-02-24 19:38:19,248 [INFO] Processing Term: AI water harm: Found 0 potential matches.
2026-02-24 19:38:19,248 [INFO] Validating Term: AI water harm: Found 0 valid match(es).
2026-02-24 19:38:23,312 [INFO] Starting scrape from 2024-09-20 to 2024-10-20...
2026-02-24 19:38:23,961 [INFO] Processing Term: AI water harm: Found 0 potential matches.
2026-02-24 19:38:23,962 [INFO] Validating Term: AI water harm: Found 0 valid match(es).
2026-02-24 19:38:28,059 [INFO] Starting scrape from 2024-10-20 to 2024-11-19...
2026-02-24 19:38:28,985 [INFO] Processing Term: AI water harm: Found 0 potential matches.
2026-02-24 19:38:28,986 [INFO] Validating Term: AI water harm: Found 0 valid match(es).
2026-02-24 19:38:33,044 [INFO] Starting scrape from 2024-11-19 to 2024-12-19...
2026-02-24 19:38:33,689 [INFO] Processing Term: AI water harm: Found 0 potential matches.
2026-02-24 19:38:33,689 [INFO] Validating Term: AI water harm: Found 0 valid match(es).
2026-02-24 19:38:37,755 [INFO] Starting scrape from 2024-12-19 to 2025-01-18...
2026-02-24 19:38:38,305 [INFO] Processing Term: AI water harm: Found 0 potential matches.
2026-02-24 19:38:38,306 [INFO] Validating Term: AI water harm: Found 0 valid match(es).
2026-02-24 19:38:42,370 [INFO] Starting scrape from 2025-01-18 to 2025-02-17...
2026-02-24 19:38:43,085 [INFO] Processing Term: AI water harm: Found 0 potential matches.
2026-02-24 19:38:43,085 [INFO] Validating Term: AI water harm: Found 0 valid match(es).
2026-02-24 19:38:47,149 [INFO] Starting scrape from 2025-02-17 to 2025-03-19...
2026-02-24 19:38:47,951 [INFO] Processing Term: AI water harm: Found 0 potential matches.
2026-02-24 19:38:47,952 [INFO] Validating Term: AI water harm: Found 0 valid match(es).
2026-02-24 19:38:52,005 [INFO] Starting scrape from 2025-03-19 to 2025-04-18...
2026-02-24 19:38:52,723 [INFO] Processing Term: AI water harm: Found 0 potential matches.
2026-02-24 19:38:52,723 [INFO] Validating Term: AI water harm: Found 0 valid match(es).
2026-02-24 19:38:56,803 [INFO] Starting scrape from 2025-04-18 to 2025-05-18...
2026-02-24 19:38:57,550 [INFO] Processing Term: AI water harm: Found 0 potential matches.
2026-02-24 19:38:57,550 [INFO] Validating Term: AI water harm: Found 0 valid match(es).
2026-02-24 19:39:01,620 [INFO] Starting scrape from 2025-05-18 to 2025-06-17...
2026-02-24 19:39:01,914 [INFO] Processing Term: AI water harm: Found 0 potential matches.
2026-02-24 19:39:01,914 [INFO] Validating Term: AI water harm: Found 0 valid match(es).
2026-02-24 19:39:05,973 [INFO] Starting scrape from 2025-06-17 to 2025-07-17...
2026-02-24 19:39:06,355 [INFO] Processing Term: AI water harm: Found 0 potential matches.
2026-02-24 19:39:06,355 [INFO] Validating Term: AI water harm: Found 0 valid match(es).
2026-02-24 19:39:10,414 [INFO] Starting scrape from 2025-07-17 to 2025-08-16...
2026-02-24 19:39:10,760 [INFO] Processing Term: AI water harm: Found 0 potential matches.
2026-02-24 19:39:10,760 [INFO] Validating Term: AI water harm: Found 0 valid match(es).
2026-02-24 19:39:14,828 [INFO] Starting scrape from 2025-08-16 to 2025-09-15...
2026-02-24 19:39:15,161 [INFO] Processing Term: AI water harm: Found 0 potential matches.
2026-02-24 19:39:15,161 [INFO] Validating Term: AI water harm: Found 0 valid match(es).
2026-02-24 19:39:19,217 [INFO] Starting scrape from 2025-09-15 to 2025-10-15...
2026-02-24 19:39:19,565 [INFO] Processing Term: AI water harm: Found 0 potential matches.
2026-02-24 19:39:19,566 [INFO] Validating Term: AI water harm: Found 0 valid match(es).
2026-02-24 19:39:23,636 [INFO] Starting scrape from 2025-10-15 to 2025-11-14...
2026-02-24 19:39:23,894 [INFO] Processing Term: AI water harm: Found 0 potential matches.
2026-02-24 19:39:23,894 [INFO] Validating Term: AI water harm: Found 0 valid match(es).
2026-02-24 19:39:27,945 [INFO] Starting scrape from 2025-11-14 to 2025-12-14...
2026-02-24 19:39:28,219 [INFO] Processing Term: AI water harm: Found 0 potential matches.
2026-02-24 19:39:28,220 [INFO] Validating Term: AI water harm: Found 0 valid match(es).
2026-02-24 19:39:32,291 [INFO] Starting scrape from 2025-12-14 to 2026-01-13...
2026-02-24 19:39:32,570 [INFO] Processing Term: AI water harm: Found 0 potential matches.
2026-02-24 19:39:32,570 [INFO] Validating Term: AI water harm: Found 0 valid match(es).
2026-02-24 19:39:36,626 [INFO] Starting scrape from 2026-01-13 to 2026-02-12...
2026-02-24 19:39:36,971 [INFO] Processing Term: AI water harm: Found 0 potential matches.
2026-02-24 19:39:36,971 [INFO] Validating Term: AI water harm: Found 0 valid match(es).
2026-02-24 19:39:41,035 [INFO] Starting scrape from 2022-11-30 to 2022-12-30...
2026-02-24 19:39:41,888 [INFO] Processing Term: AI water cost: Found 0 potential matches.
2026-02-24 19:39:41,889 [INFO] Validating Term: AI water cost: Found 0 valid match(es).
2026-02-24 19:39:45,956 [INFO] Starting scrape from 2022-12-30 to 2023-01-29...
2026-02-24 19:39:46,702 [INFO] Processing Term: AI water cost: Found 0 potential matches.
2026-02-24 19:39:46,702 [INFO] Validating Term: AI water cost: Found 0 valid match(es).
2026-02-24 19:39:50,759 [INFO] Starting scrape from 2023-01-29 to 2023-02-28...
2026-02-24 19:39:51,616 [INFO] Processing Term: AI water cost: Found 0 potential matches.
2026-02-24 19:39:51,616 [INFO] Validating Term: AI water cost: Found 0 valid match(es).
2026-02-24 19:39:55,677 [INFO] Starting scrape from 2023-02-28 to 2023-03-30...
2026-02-24 19:39:56,533 [INFO] Processing Term: AI water cost: Found 0 potential matches.
2026-02-24 19:39:56,533 [INFO] Validating Term: AI water cost: Found 0 valid match(es).
2026-02-24 19:40:00,596 [INFO] Starting scrape from 2023-03-30 to 2023-04-29...
2026-02-24 19:40:01,352 [INFO] Processing Term: AI water cost: Found 0 potential matches.
2026-02-24 19:40:01,353 [INFO] Validating Term: AI water cost: Found 0 valid match(es).
2026-02-24 19:40:05,445 [INFO] Starting scrape from 2023-04-29 to 2023-05-29...
2026-02-24 19:40:06,263 [INFO] Processing Term: AI water cost: Found 1 potential matches.
2026-02-24 19:40:06,287 [INFO] Validating Term: AI water cost: Found 1 valid match(es).
2026-02-24 19:40:10,340 [INFO] Starting scrape from 2023-05-29 to 2023-06-28...
2026-02-24 19:40:11,176 [INFO] Processing Term: AI water cost: Found 0 potential matches.
2026-02-24 19:40:11,176 [INFO] Validating Term: AI water cost: Found 0 valid match(es).
2026-02-24 19:40:15,281 [INFO] Starting scrape from 2023-06-28 to 2023-07-28...
2026-02-24 19:40:16,095 [INFO] Processing Term: AI water cost: Found 0 potential matches.
2026-02-24 19:40:16,096 [INFO] Validating Term: AI water cost: Found 0 valid match(es).
2026-02-24 19:40:20,158 [INFO] Starting scrape from 2023-07-28 to 2023-08-27...
2026-02-24 19:40:20,968 [INFO] Processing Term: AI water cost: Found 1 potential matches.
2026-02-24 19:40:20,988 [INFO] Validating Term: AI water cost: Found 0 valid match(es).
2026-02-24 19:40:25,097 [INFO] Starting scrape from 2023-08-27 to 2023-09-26...
2026-02-24 19:40:25,992 [INFO] Processing Term: AI water cost: Found 1 potential matches.
2026-02-24 19:40:26,007 [INFO] Validating Term: AI water cost: Found 0 valid match(es).
2026-02-24 19:40:30,073 [INFO] Starting scrape from 2023-09-26 to 2023-10-26...
2026-02-24 19:40:30,727 [INFO] Processing Term: AI water cost: Found 0 potential matches.
2026-02-24 19:40:30,727 [INFO] Validating Term: AI water cost: Found 0 valid match(es).
2026-02-24 19:40:34,791 [INFO] Starting scrape from 2023-10-26 to 2023-11-25...
2026-02-24 19:40:35,466 [INFO] Processing Term: AI water cost: Found 0 potential matches.
2026-02-24 19:40:35,466 [INFO] Validating Term: AI water cost: Found 0 valid match(es).
2026-02-24 19:40:39,526 [INFO] Starting scrape from 2023-11-25 to 2023-12-25...
2026-02-24 19:40:40,361 [INFO] Processing Term: AI water cost: Found 1 potential matches.
2026-02-24 19:40:40,387 [INFO] Validating Term: AI water cost: Found 0 valid match(es).
2026-02-24 19:40:44,438 [INFO] Starting scrape from 2023-12-25 to 2024-01-24...
2026-02-24 19:40:45,195 [INFO] Processing Term: AI water cost: Found 0 potential matches.
2026-02-24 19:40:45,196 [INFO] Validating Term: AI water cost: Found 0 valid match(es).
2026-02-24 19:40:49,264 [INFO] Starting scrape from 2024-01-24 to 2024-02-23...
2026-02-24 19:40:49,883 [INFO] Processing Term: AI water cost: Found 0 potential matches.
2026-02-24 19:40:49,884 [INFO] Validating Term: AI water cost: Found 0 valid match(es).
2026-02-24 19:40:53,950 [INFO] Starting scrape from 2024-02-23 to 2024-03-24...
2026-02-24 19:40:54,703 [INFO] Processing Term: AI water cost: Found 0 potential matches.
2026-02-24 19:40:54,704 [INFO] Validating Term: AI water cost: Found 0 valid match(es).
2026-02-24 19:40:58,777 [INFO] Starting scrape from 2024-03-24 to 2024-04-23...
2026-02-24 19:40:59,509 [INFO] Processing Term: AI water cost: Found 0 potential matches.
2026-02-24 19:40:59,509 [INFO] Validating Term: AI water cost: Found 0 valid match(es).
2026-02-24 19:41:03,579 [INFO] Starting scrape from 2024-04-23 to 2024-05-23...
2026-02-24 19:41:04,529 [INFO] Processing Term: AI water cost: Found 3 potential matches.
2026-02-24 19:41:04,579 [INFO] Validating Term: AI water cost: Found 2 valid match(es).
2026-02-24 19:41:08,618 [INFO] Starting scrape from 2024-05-23 to 2024-06-22...
2026-02-24 19:41:09,349 [INFO] Processing Term: AI water cost: Found 2 potential matches.
2026-02-24 19:41:09,364 [INFO] Validating Term: AI water cost: Found 1 valid match(es).
2026-02-24 19:41:13,420 [INFO] Starting scrape from 2024-06-22 to 2024-07-22...
2026-02-24 19:41:14,154 [INFO] Processing Term: AI water cost: Found 1 potential matches.
2026-02-24 19:41:14,165 [INFO] Validating Term: AI water cost: Found 0 valid match(es).
2026-02-24 19:41:18,221 [INFO] Starting scrape from 2024-07-22 to 2024-08-21...
2026-02-24 19:41:18,981 [INFO] Processing Term: AI water cost: Found 0 potential matches.
2026-02-24 19:41:18,981 [INFO] Validating Term: AI water cost: Found 0 valid match(es).
2026-02-24 19:41:23,034 [INFO] Starting scrape from 2024-08-21 to 2024-09-20...
2026-02-24 19:41:24,122 [INFO] Processing Term: AI water cost: Found 5 potential matches.
2026-02-24 19:41:24,171 [INFO] Validating Term: AI water cost: Found 0 valid match(es).
2026-02-24 19:41:28,223 [INFO] Starting scrape from 2024-09-20 to 2024-10-20...
2026-02-24 19:41:29,093 [INFO] Processing Term: AI water cost: Found 3 potential matches.
2026-02-24 19:41:29,131 [INFO] Validating Term: AI water cost: Found 1 valid match(es).
2026-02-24 19:41:33,194 [INFO] Starting scrape from 2024-10-20 to 2024-11-19...
2026-02-24 19:41:34,027 [INFO] Processing Term: AI water cost: Found 1 potential matches.
2026-02-24 19:41:34,037 [INFO] Validating Term: AI water cost: Found 0 valid match(es).
2026-02-24 19:41:38,095 [INFO] Starting scrape from 2024-11-19 to 2024-12-19...
2026-02-24 19:41:38,860 [INFO] Processing Term: AI water cost: Found 1 potential matches.
2026-02-24 19:41:38,879 [INFO] Validating Term: AI water cost: Found 0 valid match(es).
2026-02-24 19:41:42,928 [INFO] Starting scrape from 2024-12-19 to 2025-01-18...
2026-02-24 19:41:43,850 [INFO] Processing Term: AI water cost: Found 4 potential matches.
2026-02-24 19:41:43,880 [INFO] Validating Term: AI water cost: Found 4 valid match(es).
2026-02-24 19:41:47,940 [INFO] Starting scrape from 2025-01-18 to 2025-02-17...
2026-02-24 19:41:48,969 [INFO] Processing Term: AI water cost: Found 0 potential matches.
2026-02-24 19:41:48,969 [INFO] Validating Term: AI water cost: Found 0 valid match(es).
2026-02-24 19:41:53,031 [INFO] Starting scrape from 2025-02-17 to 2025-03-19...
2026-02-24 19:41:54,397 [INFO] Processing Term: AI water cost: Found 2 potential matches.
2026-02-24 19:41:54,418 [INFO] Validating Term: AI water cost: Found 0 valid match(es).
2026-02-24 19:41:58,473 [INFO] Starting scrape from 2025-03-19 to 2025-04-18...
2026-02-24 19:42:00,178 [INFO] Processing Term: AI water cost: Found 2 potential matches.
2026-02-24 19:42:00,197 [INFO] Validating Term: AI water cost: Found 1 valid match(es).
2026-02-24 19:42:04,238 [INFO] Starting scrape from 2025-04-18 to 2025-05-18...
2026-02-24 19:42:05,015 [INFO] Processing Term: AI water cost: Found 0 potential matches.
2026-02-24 19:42:05,015 [INFO] Validating Term: AI water cost: Found 0 valid match(es).
2026-02-24 19:42:09,090 [INFO] Starting scrape from 2025-05-18 to 2025-06-17...
2026-02-24 19:42:09,417 [INFO] Processing Term: AI water cost: Found 0 potential matches.
2026-02-24 19:42:09,417 [INFO] Validating Term: AI water cost: Found 0 valid match(es).
2026-02-24 19:42:13,483 [INFO] Starting scrape from 2025-06-17 to 2025-07-17...
2026-02-24 19:42:13,802 [INFO] Processing Term: AI water cost: Found 0 potential matches.
2026-02-24 19:42:13,802 [INFO] Validating Term: AI water cost: Found 0 valid match(es).
2026-02-24 19:42:17,864 [INFO] Starting scrape from 2025-07-17 to 2025-08-16...
2026-02-24 19:42:18,256 [INFO] Processing Term: AI water cost: Found 0 potential matches.
2026-02-24 19:42:18,256 [INFO] Validating Term: AI water cost: Found 0 valid match(es).
2026-02-24 19:42:22,329 [INFO] Starting scrape from 2025-08-16 to 2025-09-15...
2026-02-24 19:42:22,619 [INFO] Processing Term: AI water cost: Found 0 potential matches.
2026-02-24 19:42:22,619 [INFO] Validating Term: AI water cost: Found 0 valid match(es).
2026-02-24 19:42:26,693 [INFO] Starting scrape from 2025-09-15 to 2025-10-15...
2026-02-24 19:42:27,063 [INFO] Processing Term: AI water cost: Found 0 potential matches.
2026-02-24 19:42:27,063 [INFO] Validating Term: AI water cost: Found 0 valid match(es).
2026-02-24 19:42:31,128 [INFO] Starting scrape from 2025-10-15 to 2025-11-14...
2026-02-24 19:42:31,465 [INFO] Processing Term: AI water cost: Found 0 potential matches.
2026-02-24 19:42:31,466 [INFO] Validating Term: AI water cost: Found 0 valid match(es).
2026-02-24 19:42:35,529 [INFO] Starting scrape from 2025-11-14 to 2025-12-14...
2026-02-24 19:42:35,813 [INFO] Processing Term: AI water cost: Found 0 potential matches.
2026-02-24 19:42:35,813 [INFO] Validating Term: AI water cost: Found 0 valid match(es).
2026-02-24 19:42:39,872 [INFO] Starting scrape from 2025-12-14 to 2026-01-13...
2026-02-24 19:42:40,170 [INFO] Processing Term: AI water cost: Found 0 potential matches.
2026-02-24 19:42:40,170 [INFO] Validating Term: AI water cost: Found 0 valid match(es).
2026-02-24 19:42:44,248 [INFO] Starting scrape from 2026-01-13 to 2026-02-12...
2026-02-24 19:42:44,582 [INFO] Processing Term: AI water cost: Found 0 potential matches.
2026-02-24 19:42:44,583 [INFO] Validating Term: AI water cost: Found 0 valid match(es).
2026-02-24 19:42:48,678 [INFO] Starting scrape from 2022-11-30 to 2022-12-30...
2026-02-24 19:42:49,254 [INFO] Processing Term: AI sustainability: Found 6 potential matches.
2026-02-24 19:42:49,307 [INFO] Validating Term: AI sustainability: Found 0 valid match(es).
2026-02-24 19:42:53,350 [INFO] Starting scrape from 2022-12-30 to 2023-01-29...
2026-02-24 19:42:53,962 [INFO] Processing Term: AI sustainability: Found 8 potential matches.
2026-02-24 19:42:54,014 [INFO] Validating Term: AI sustainability: Found 2 valid match(es).
2026-02-24 19:42:58,048 [INFO] Starting scrape from 2023-01-29 to 2023-02-28...
2026-02-24 19:42:59,073 [INFO] Processing Term: AI sustainability: Found 15 potential matches.
2026-02-24 19:42:59,160 [INFO] Validating Term: AI sustainability: Found 2 valid match(es).
2026-02-24 19:43:03,195 [INFO] Starting scrape from 2023-02-28 to 2023-03-30...
2026-02-24 19:43:04,232 [INFO] Processing Term: AI sustainability: Found 12 potential matches.
2026-02-24 19:43:04,319 [INFO] Validating Term: AI sustainability: Found 2 valid match(es).
2026-02-24 19:43:08,348 [INFO] Starting scrape from 2023-03-30 to 2023-04-29...
2026-02-24 19:43:09,285 [INFO] Processing Term: AI sustainability: Found 16 potential matches.
2026-02-24 19:43:09,372 [INFO] Validating Term: AI sustainability: Found 6 valid match(es).
2026-02-24 19:43:13,414 [INFO] Starting scrape from 2023-04-29 to 2023-05-29...
2026-02-24 19:43:14,509 [INFO] Processing Term: AI sustainability: Found 20 potential matches.
2026-02-24 19:43:14,608 [INFO] Validating Term: AI sustainability: Found 4 valid match(es).
2026-02-24 19:43:18,638 [INFO] Starting scrape from 2023-05-29 to 2023-06-28...
2026-02-24 19:43:19,844 [INFO] Processing Term: AI sustainability: Found 49 potential matches.
2026-02-24 19:43:20,041 [INFO] Validating Term: AI sustainability: Found 24 valid match(es).
2026-02-24 19:43:24,065 [INFO] Starting scrape from 2023-06-28 to 2023-07-28...
2026-02-24 19:43:24,998 [INFO] Processing Term: AI sustainability: Found 18 potential matches.
2026-02-24 19:43:25,106 [INFO] Validating Term: AI sustainability: Found 8 valid match(es).
2026-02-24 19:43:29,140 [INFO] Starting scrape from 2023-07-28 to 2023-08-27...
2026-02-24 19:43:30,079 [INFO] Processing Term: AI sustainability: Found 16 potential matches.
2026-02-24 19:43:30,177 [INFO] Validating Term: AI sustainability: Found 8 valid match(es).
2026-02-24 19:43:34,211 [INFO] Starting scrape from 2023-08-27 to 2023-09-26...
2026-02-24 19:43:35,437 [INFO] Processing Term: AI sustainability: Found 24 potential matches.
2026-02-24 19:43:35,559 [INFO] Validating Term: AI sustainability: Found 10 valid match(es).
2026-02-24 19:43:39,581 [INFO] Starting scrape from 2023-09-26 to 2023-10-26...
2026-02-24 19:43:40,737 [INFO] Processing Term: AI sustainability: Found 36 potential matches.
2026-02-24 19:43:40,879 [INFO] Validating Term: AI sustainability: Found 8 valid match(es).
2026-02-24 19:43:44,915 [INFO] Starting scrape from 2023-10-26 to 2023-11-25...
2026-02-24 19:43:45,897 [INFO] Processing Term: AI sustainability: Found 14 potential matches.
2026-02-24 19:43:45,985 [INFO] Validating Term: AI sustainability: Found 5 valid match(es).
2026-02-24 19:43:50,015 [INFO] Starting scrape from 2023-11-25 to 2023-12-25...
2026-02-24 19:43:50,907 [INFO] Processing Term: AI sustainability: Found 14 potential matches.
2026-02-24 19:43:51,004 [INFO] Validating Term: AI sustainability: Found 6 valid match(es).
2026-02-24 19:43:55,032 [INFO] Starting scrape from 2023-12-25 to 2024-01-24...
2026-02-24 19:43:55,946 [INFO] Processing Term: AI sustainability: Found 17 potential matches.
2026-02-24 19:43:56,032 [INFO] Validating Term: AI sustainability: Found 3 valid match(es).
2026-02-24 19:44:00,061 [INFO] Starting scrape from 2024-01-24 to 2024-02-23...
2026-02-24 19:44:01,500 [INFO] Processing Term: AI sustainability: Found 19 potential matches.
2026-02-24 19:44:01,595 [INFO] Validating Term: AI sustainability: Found 3 valid match(es).
2026-02-24 19:44:05,644 [INFO] Starting scrape from 2024-02-23 to 2024-03-24...
2026-02-24 19:44:09,169 [INFO] Processing Term: AI sustainability: Found 23 potential matches.
2026-02-24 19:44:09,291 [INFO] Validating Term: AI sustainability: Found 5 valid match(es).
2026-02-24 19:44:13,331 [INFO] Starting scrape from 2024-03-24 to 2024-04-23...
2026-02-24 19:44:14,593 [INFO] Processing Term: AI sustainability: Found 44 potential matches.
2026-02-24 19:44:14,748 [INFO] Validating Term: AI sustainability: Found 2 valid match(es).
2026-02-24 19:44:18,772 [INFO] Starting scrape from 2024-04-23 to 2024-05-23...
2026-02-24 19:44:19,807 [INFO] Processing Term: AI sustainability: Found 24 potential matches.
2026-02-24 19:44:19,897 [INFO] Validating Term: AI sustainability: Found 9 valid match(es).
2026-02-24 19:44:23,924 [INFO] Starting scrape from 2024-05-23 to 2024-06-22...
2026-02-24 19:44:25,409 [INFO] Processing Term: AI sustainability: Found 35 potential matches.
2026-02-24 19:44:25,534 [INFO] Validating Term: AI sustainability: Found 8 valid match(es).
2026-02-24 19:44:29,561 [INFO] Starting scrape from 2024-06-22 to 2024-07-22...
2026-02-24 19:44:30,812 [INFO] Processing Term: AI sustainability: Found 26 potential matches.
2026-02-24 19:44:30,911 [INFO] Validating Term: AI sustainability: Found 6 valid match(es).
2026-02-24 19:44:34,936 [INFO] Starting scrape from 2024-07-22 to 2024-08-21...
2026-02-24 19:44:35,916 [INFO] Processing Term: AI sustainability: Found 17 potential matches.
2026-02-24 19:44:36,005 [INFO] Validating Term: AI sustainability: Found 2 valid match(es).
2026-02-24 19:44:40,037 [INFO] Starting scrape from 2024-08-21 to 2024-09-20...
2026-02-24 19:44:41,212 [INFO] Processing Term: AI sustainability: Found 24 potential matches.
2026-02-24 19:44:41,317 [INFO] Validating Term: AI sustainability: Found 9 valid match(es).
2026-02-24 19:44:45,347 [INFO] Starting scrape from 2024-09-20 to 2024-10-20...
2026-02-24 19:44:46,842 [INFO] Processing Term: AI sustainability: Found 46 potential matches.
2026-02-24 19:44:47,010 [INFO] Validating Term: AI sustainability: Found 28 valid match(es).
2026-02-24 19:44:51,036 [INFO] Starting scrape from 2024-10-20 to 2024-11-19...
2026-02-24 19:44:52,423 [INFO] Processing Term: AI sustainability: Found 28 potential matches.
2026-02-24 19:44:52,545 [INFO] Validating Term: AI sustainability: Found 8 valid match(es).
2026-02-24 19:44:56,580 [INFO] Starting scrape from 2024-11-19 to 2024-12-19...
2026-02-24 19:44:59,614 [INFO] Processing Term: AI sustainability: Found 46 potential matches.
2026-02-24 19:44:59,791 [INFO] Validating Term: AI sustainability: Found 12 valid match(es).
2026-02-24 19:45:03,820 [INFO] Starting scrape from 2024-12-19 to 2025-01-18...
2026-02-24 19:45:05,187 [INFO] Processing Term: AI sustainability: Found 31 potential matches.
2026-02-24 19:45:05,336 [INFO] Validating Term: AI sustainability: Found 20 valid match(es).
2026-02-24 19:45:09,367 [INFO] Starting scrape from 2025-01-18 to 2025-02-17...
2026-02-24 19:45:10,990 [INFO] Processing Term: AI sustainability: Found 51 potential matches.
2026-02-24 19:45:11,170 [INFO] Validating Term: AI sustainability: Found 18 valid match(es).
2026-02-24 19:45:15,199 [INFO] Starting scrape from 2025-02-17 to 2025-03-19...
2026-02-24 19:45:16,825 [INFO] Processing Term: AI sustainability: Found 41 potential matches.
2026-02-24 19:45:17,008 [INFO] Validating Term: AI sustainability: Found 14 valid match(es).
2026-02-24 19:45:21,041 [INFO] Starting scrape from 2025-03-19 to 2025-04-18...
2026-02-24 19:45:22,443 [INFO] Processing Term: AI sustainability: Found 33 potential matches.
2026-02-24 19:45:22,617 [INFO] Validating Term: AI sustainability: Found 19 valid match(es).
2026-02-24 19:45:26,662 [INFO] Starting scrape from 2025-04-18 to 2025-05-18...
2026-02-24 19:45:27,880 [INFO] Processing Term: AI sustainability: Found 27 potential matches.
2026-02-24 19:45:27,999 [INFO] Validating Term: AI sustainability: Found 10 valid match(es).
2026-02-24 19:45:32,034 [INFO] Starting scrape from 2025-05-18 to 2025-06-17...
2026-02-24 19:45:32,409 [INFO] Processing Term: AI sustainability: Found 0 potential matches.
2026-02-24 19:45:32,409 [INFO] Validating Term: AI sustainability: Found 0 valid match(es).
2026-02-24 19:45:36,478 [INFO] Starting scrape from 2025-06-17 to 2025-07-17...
2026-02-24 19:45:36,754 [INFO] Processing Term: AI sustainability: Found 0 potential matches.
2026-02-24 19:45:36,754 [INFO] Validating Term: AI sustainability: Found 0 valid match(es).
2026-02-24 19:45:40,833 [INFO] Starting scrape from 2025-07-17 to 2025-08-16...
2026-02-24 19:45:41,214 [INFO] Processing Term: AI sustainability: Found 0 potential matches.
2026-02-24 19:45:41,214 [INFO] Validating Term: AI sustainability: Found 0 valid match(es).
2026-02-24 19:45:45,279 [INFO] Starting scrape from 2025-08-16 to 2025-09-15...
2026-02-24 19:45:45,622 [INFO] Processing Term: AI sustainability: Found 0 potential matches.
2026-02-24 19:45:45,622 [INFO] Validating Term: AI sustainability: Found 0 valid match(es).
2026-02-24 19:45:49,694 [INFO] Starting scrape from 2025-09-15 to 2025-10-15...
2026-02-24 19:45:50,022 [INFO] Processing Term: AI sustainability: Found 0 potential matches.
2026-02-24 19:45:50,023 [INFO] Validating Term: AI sustainability: Found 0 valid match(es).
2026-02-24 19:45:54,090 [INFO] Starting scrape from 2025-10-15 to 2025-11-14...
2026-02-24 19:45:54,369 [INFO] Processing Term: AI sustainability: Found 0 potential matches.
2026-02-24 19:45:54,369 [INFO] Validating Term: AI sustainability: Found 0 valid match(es).
2026-02-24 19:45:58,442 [INFO] Starting scrape from 2025-11-14 to 2025-12-14...
2026-02-24 19:45:58,715 [INFO] Processing Term: AI sustainability: Found 0 potential matches.
2026-02-24 19:45:58,715 [INFO] Validating Term: AI sustainability: Found 0 valid match(es).
2026-02-24 19:46:02,776 [INFO] Starting scrape from 2025-12-14 to 2026-01-13...
2026-02-24 19:46:03,050 [INFO] Processing Term: AI sustainability: Found 0 potential matches.
2026-02-24 19:46:03,050 [INFO] Validating Term: AI sustainability: Found 0 valid match(es).
2026-02-24 19:46:07,115 [INFO] Starting scrape from 2026-01-13 to 2026-02-12...
2026-02-24 19:46:07,357 [INFO] Processing Term: AI sustainability: Found 0 potential matches.
2026-02-24 19:46:07,358 [INFO] Validating Term: AI sustainability: Found 0 valid match(es).
2026-02-24 19:46:11,417 [INFO] Starting scrape from 2022-11-30 to 2022-12-30...
2026-02-24 19:46:11,838 [INFO] Processing Term: AI environment footprint: Found 0 potential matches.
2026-02-24 19:46:11,838 [INFO] Validating Term: AI environment footprint: Found 0 valid match(es).
2026-02-24 19:46:15,898 [INFO] Starting scrape from 2022-12-30 to 2023-01-29...
2026-02-24 19:46:16,338 [INFO] Processing Term: AI environment footprint: Found 0 potential matches.
2026-02-24 19:46:16,338 [INFO] Validating Term: AI environment footprint: Found 0 valid match(es).
2026-02-24 19:46:20,399 [INFO] Starting scrape from 2023-01-29 to 2023-02-28...
2026-02-24 19:46:22,496 [INFO] Processing Term: AI environment footprint: Found 0 potential matches.
2026-02-24 19:46:22,499 [INFO] Validating Term: AI environment footprint: Found 0 valid match(es).
2026-02-24 19:46:26,568 [INFO] Starting scrape from 2023-02-28 to 2023-03-30...
2026-02-24 19:46:27,094 [INFO] Processing Term: AI environment footprint: Found 0 potential matches.
2026-02-24 19:46:27,094 [INFO] Validating Term: AI environment footprint: Found 0 valid match(es).
2026-02-24 19:46:31,175 [INFO] Starting scrape from 2023-03-30 to 2023-04-29...
2026-02-24 19:46:31,704 [INFO] Processing Term: AI environment footprint: Found 0 potential matches.
2026-02-24 19:46:31,704 [INFO] Validating Term: AI environment footprint: Found 0 valid match(es).
2026-02-24 19:46:35,775 [INFO] Starting scrape from 2023-04-29 to 2023-05-29...
2026-02-24 19:46:36,219 [INFO] Processing Term: AI environment footprint: Found 0 potential matches.
2026-02-24 19:46:36,219 [INFO] Validating Term: AI environment footprint: Found 0 valid match(es).
2026-02-24 19:46:40,319 [INFO] Starting scrape from 2023-05-29 to 2023-06-28...
2026-02-24 19:46:41,032 [INFO] Processing Term: AI environment footprint: Found 4 potential matches.
2026-02-24 19:46:41,076 [INFO] Validating Term: AI environment footprint: Found 0 valid match(es).
2026-02-24 19:46:45,127 [INFO] Starting scrape from 2023-06-28 to 2023-07-28...
2026-02-24 19:46:45,534 [INFO] Processing Term: AI environment footprint: Found 0 potential matches.
2026-02-24 19:46:45,534 [INFO] Validating Term: AI environment footprint: Found 0 valid match(es).
2026-02-24 19:46:49,606 [INFO] Starting scrape from 2023-07-28 to 2023-08-27...
2026-02-24 19:46:50,060 [INFO] Processing Term: AI environment footprint: Found 0 potential matches.
2026-02-24 19:46:50,061 [INFO] Validating Term: AI environment footprint: Found 0 valid match(es).
2026-02-24 19:46:54,141 [INFO] Starting scrape from 2023-08-27 to 2023-09-26...
2026-02-24 19:46:54,640 [INFO] Processing Term: AI environment footprint: Found 0 potential matches.
2026-02-24 19:46:54,641 [INFO] Validating Term: AI environment footprint: Found 0 valid match(es).
2026-02-24 19:46:58,712 [INFO] Starting scrape from 2023-09-26 to 2023-10-26...
2026-02-24 19:46:59,111 [INFO] Processing Term: AI environment footprint: Found 0 potential matches.
2026-02-24 19:46:59,111 [INFO] Validating Term: AI environment footprint: Found 0 valid match(es).
2026-02-24 19:47:03,188 [INFO] Starting scrape from 2023-10-26 to 2023-11-25...
2026-02-24 19:47:03,650 [INFO] Processing Term: AI environment footprint: Found 0 potential matches.
2026-02-24 19:47:03,651 [INFO] Validating Term: AI environment footprint: Found 0 valid match(es).
2026-02-24 19:47:07,713 [INFO] Starting scrape from 2023-11-25 to 2023-12-25...
2026-02-24 19:47:08,137 [INFO] Processing Term: AI environment footprint: Found 0 potential matches.
2026-02-24 19:47:08,138 [INFO] Validating Term: AI environment footprint: Found 0 valid match(es).
2026-02-24 19:47:12,200 [INFO] Starting scrape from 2023-12-25 to 2024-01-24...
2026-02-24 19:47:12,627 [INFO] Processing Term: AI environment footprint: Found 0 potential matches.
2026-02-24 19:47:12,627 [INFO] Validating Term: AI environment footprint: Found 0 valid match(es).
2026-02-24 19:47:16,690 [INFO] Starting scrape from 2024-01-24 to 2024-02-23...
2026-02-24 19:47:17,173 [INFO] Processing Term: AI environment footprint: Found 0 potential matches.
2026-02-24 19:47:17,176 [INFO] Validating Term: AI environment footprint: Found 0 valid match(es).
2026-02-24 19:47:21,359 [INFO] Starting scrape from 2024-02-23 to 2024-03-24...
2026-02-24 19:47:21,818 [INFO] Processing Term: AI environment footprint: Found 0 potential matches.
2026-02-24 19:47:21,818 [INFO] Validating Term: AI environment footprint: Found 0 valid match(es).
2026-02-24 19:47:25,883 [INFO] Starting scrape from 2024-03-24 to 2024-04-23...
2026-02-24 19:47:26,279 [INFO] Processing Term: AI environment footprint: Found 0 potential matches.
2026-02-24 19:47:26,280 [INFO] Validating Term: AI environment footprint: Found 0 valid match(es).
2026-02-24 19:47:30,347 [INFO] Starting scrape from 2024-04-23 to 2024-05-23...
2026-02-24 19:47:31,825 [INFO] Processing Term: AI environment footprint: Found 0 potential matches.
2026-02-24 19:47:31,826 [INFO] Validating Term: AI environment footprint: Found 0 valid match(es).
2026-02-24 19:47:35,886 [INFO] Starting scrape from 2024-05-23 to 2024-06-22...
2026-02-24 19:47:36,422 [INFO] Processing Term: AI environment footprint: Found 0 potential matches.
2026-02-24 19:47:36,423 [INFO] Validating Term: AI environment footprint: Found 0 valid match(es).
2026-02-24 19:47:40,479 [INFO] Starting scrape from 2024-06-22 to 2024-07-22...
2026-02-24 19:47:41,028 [INFO] Processing Term: AI environment footprint: Found 0 potential matches.
2026-02-24 19:47:41,028 [INFO] Validating Term: AI environment footprint: Found 0 valid match(es).
2026-02-24 19:47:45,100 [INFO] Starting scrape from 2024-07-22 to 2024-08-21...
2026-02-24 19:47:45,636 [INFO] Processing Term: AI environment footprint: Found 0 potential matches.
2026-02-24 19:47:45,636 [INFO] Validating Term: AI environment footprint: Found 0 valid match(es).
2026-02-24 19:47:49,712 [INFO] Starting scrape from 2024-08-21 to 2024-09-20...
2026-02-24 19:47:50,141 [INFO] Processing Term: AI environment footprint: Found 0 potential matches.
2026-02-24 19:47:50,142 [INFO] Validating Term: AI environment footprint: Found 0 valid match(es).
2026-02-24 19:47:54,208 [INFO] Starting scrape from 2024-09-20 to 2024-10-20...
2026-02-24 19:47:54,748 [INFO] Processing Term: AI environment footprint: Found 0 potential matches.
2026-02-24 19:47:54,749 [INFO] Validating Term: AI environment footprint: Found 0 valid match(es).
2026-02-24 19:47:58,804 [INFO] Starting scrape from 2024-10-20 to 2024-11-19...
2026-02-24 19:47:59,257 [INFO] Processing Term: AI environment footprint: Found 0 potential matches.
2026-02-24 19:47:59,257 [INFO] Validating Term: AI environment footprint: Found 0 valid match(es).
2026-02-24 19:48:03,345 [INFO] Starting scrape from 2024-11-19 to 2024-12-19...
2026-02-24 19:48:03,864 [INFO] Processing Term: AI environment footprint: Found 0 potential matches.
2026-02-24 19:48:03,864 [INFO] Validating Term: AI environment footprint: Found 0 valid match(es).
2026-02-24 19:48:07,930 [INFO] Starting scrape from 2024-12-19 to 2025-01-18...
2026-02-24 19:48:08,445 [INFO] Processing Term: AI environment footprint: Found 1 potential matches.
2026-02-24 19:48:08,492 [INFO] Validating Term: AI environment footprint: Found 0 valid match(es).
2026-02-24 19:48:12,546 [INFO] Starting scrape from 2025-01-18 to 2025-02-17...
2026-02-24 19:48:12,959 [INFO] Processing Term: AI environment footprint: Found 0 potential matches.
2026-02-24 19:48:12,959 [INFO] Validating Term: AI environment footprint: Found 0 valid match(es).
2026-02-24 19:48:17,032 [INFO] Starting scrape from 2025-02-17 to 2025-03-19...
2026-02-24 19:48:17,456 [INFO] Processing Term: AI environment footprint: Found 0 potential matches.
2026-02-24 19:48:17,456 [INFO] Validating Term: AI environment footprint: Found 0 valid match(es).
2026-02-24 19:48:21,531 [INFO] Starting scrape from 2025-03-19 to 2025-04-18...
2026-02-24 19:48:22,090 [INFO] Processing Term: AI environment footprint: Found 0 potential matches.
2026-02-24 19:48:22,090 [INFO] Validating Term: AI environment footprint: Found 0 valid match(es).
2026-02-24 19:48:26,134 [INFO] Starting scrape from 2025-04-18 to 2025-05-18...
2026-02-24 19:48:26,597 [INFO] Processing Term: AI environment footprint: Found 0 potential matches.
2026-02-24 19:48:26,597 [INFO] Validating Term: AI environment footprint: Found 0 valid match(es).
2026-02-24 19:48:30,683 [INFO] Starting scrape from 2025-05-18 to 2025-06-17...
2026-02-24 19:48:31,010 [INFO] Processing Term: AI environment footprint: Found 0 potential matches.
2026-02-24 19:48:31,010 [INFO] Validating Term: AI environment footprint: Found 0 valid match(es).
2026-02-24 19:48:35,142 [INFO] Starting scrape from 2025-06-17 to 2025-07-17...
2026-02-24 19:48:35,507 [INFO] Processing Term: AI environment footprint: Found 0 potential matches.
2026-02-24 19:48:35,507 [INFO] Validating Term: AI environment footprint: Found 0 valid match(es).
2026-02-24 19:48:39,575 [INFO] Starting scrape from 2025-07-17 to 2025-08-16...
2026-02-24 19:48:39,909 [INFO] Processing Term: AI environment footprint: Found 0 potential matches.
2026-02-24 19:48:39,909 [INFO] Validating Term: AI environment footprint: Found 0 valid match(es).
2026-02-24 19:48:43,985 [INFO] Starting scrape from 2025-08-16 to 2025-09-15...
2026-02-24 19:48:44,312 [INFO] Processing Term: AI environment footprint: Found 0 potential matches.
2026-02-24 19:48:44,312 [INFO] Validating Term: AI environment footprint: Found 0 valid match(es).
2026-02-24 19:48:48,376 [INFO] Starting scrape from 2025-09-15 to 2025-10-15...
2026-02-24 19:48:48,675 [INFO] Processing Term: AI environment footprint: Found 0 potential matches.
2026-02-24 19:48:48,676 [INFO] Validating Term: AI environment footprint: Found 0 valid match(es).
2026-02-24 19:48:52,750 [INFO] Starting scrape from 2025-10-15 to 2025-11-14...
2026-02-24 19:48:53,118 [INFO] Processing Term: AI environment footprint: Found 0 potential matches.
2026-02-24 19:48:53,118 [INFO] Validating Term: AI environment footprint: Found 0 valid match(es).
2026-02-24 19:48:57,190 [INFO] Starting scrape from 2025-11-14 to 2025-12-14...
2026-02-24 19:48:57,519 [INFO] Processing Term: AI environment footprint: Found 0 potential matches.
2026-02-24 19:48:57,519 [INFO] Validating Term: AI environment footprint: Found 0 valid match(es).
2026-02-24 19:49:01,560 [INFO] Starting scrape from 2025-12-14 to 2026-01-13...
2026-02-24 19:49:01,924 [INFO] Processing Term: AI environment footprint: Found 0 potential matches.
2026-02-24 19:49:01,925 [INFO] Validating Term: AI environment footprint: Found 0 valid match(es).
2026-02-24 19:49:05,979 [INFO] Starting scrape from 2026-01-13 to 2026-02-12...
2026-02-24 19:49:06,327 [INFO] Processing Term: AI environment footprint: Found 0 potential matches.
2026-02-24 19:49:06,328 [INFO] Validating Term: AI environment footprint: Found 0 valid match(es).
2026-02-24 19:49:10,382 [INFO] Starting scrape from 2022-11-30 to 2022-12-30...
2026-02-24 19:49:10,936 [INFO] Processing Term: AI environment impact: Found 0 potential matches.
2026-02-24 19:49:10,937 [INFO] Validating Term: AI environment impact: Found 0 valid match(es).
2026-02-24 19:49:14,990 [INFO] Starting scrape from 2022-12-30 to 2023-01-29...
2026-02-24 19:49:15,644 [INFO] Processing Term: AI environment impact: Found 0 potential matches.
2026-02-24 19:49:15,645 [INFO] Validating Term: AI environment impact: Found 0 valid match(es).
2026-02-24 19:49:19,702 [INFO] Starting scrape from 2023-01-29 to 2023-02-28...
2026-02-24 19:49:20,402 [INFO] Processing Term: AI environment impact: Found 0 potential matches.
2026-02-24 19:49:20,402 [INFO] Validating Term: AI environment impact: Found 0 valid match(es).
2026-02-24 19:49:24,465 [INFO] Starting scrape from 2023-02-28 to 2023-03-30...
2026-02-24 19:49:25,171 [INFO] Processing Term: AI environment impact: Found 0 potential matches.
2026-02-24 19:49:25,172 [INFO] Validating Term: AI environment impact: Found 0 valid match(es).
2026-02-24 19:49:29,249 [INFO] Starting scrape from 2023-03-30 to 2023-04-29...
2026-02-24 19:49:30,087 [INFO] Processing Term: AI environment impact: Found 3 potential matches.
2026-02-24 19:49:30,137 [INFO] Validating Term: AI environment impact: Found 0 valid match(es).
2026-02-24 19:49:34,182 [INFO] Starting scrape from 2023-04-29 to 2023-05-29...
2026-02-24 19:49:34,968 [INFO] Processing Term: AI environment impact: Found 5 potential matches.
2026-02-24 19:49:35,012 [INFO] Validating Term: AI environment impact: Found 2 valid match(es).
2026-02-24 19:49:39,049 [INFO] Starting scrape from 2023-05-29 to 2023-06-28...
2026-02-24 19:49:39,918 [INFO] Processing Term: AI environment impact: Found 3 potential matches.
2026-02-24 19:49:39,937 [INFO] Validating Term: AI environment impact: Found 1 valid match(es).
2026-02-24 19:49:43,989 [INFO] Starting scrape from 2023-06-28 to 2023-07-28...
2026-02-24 19:49:45,140 [INFO] Processing Term: AI environment impact: Found 1 potential matches.
2026-02-24 19:49:45,149 [INFO] Validating Term: AI environment impact: Found 1 valid match(es).
2026-02-24 19:49:49,223 [INFO] Starting scrape from 2023-07-28 to 2023-08-27...
2026-02-24 19:49:49,845 [INFO] Processing Term: AI environment impact: Found 0 potential matches.
2026-02-24 19:49:49,846 [INFO] Validating Term: AI environment impact: Found 0 valid match(es).
2026-02-24 19:49:53,923 [INFO] Starting scrape from 2023-08-27 to 2023-09-26...
2026-02-24 19:49:54,810 [INFO] Processing Term: AI environment impact: Found 3 potential matches.
2026-02-24 19:49:54,842 [INFO] Validating Term: AI environment impact: Found 3 valid match(es).
2026-02-24 19:49:58,888 [INFO] Starting scrape from 2023-09-26 to 2023-10-26...
2026-02-24 19:49:59,577 [INFO] Processing Term: AI environment impact: Found 1 potential matches.
2026-02-24 19:49:59,608 [INFO] Validating Term: AI environment impact: Found 1 valid match(es).
2026-02-24 19:50:03,657 [INFO] Starting scrape from 2023-10-26 to 2023-11-25...
2026-02-24 19:50:04,543 [INFO] Processing Term: AI environment impact: Found 5 potential matches.
2026-02-24 19:50:04,576 [INFO] Validating Term: AI environment impact: Found 4 valid match(es).
2026-02-24 19:50:08,611 [INFO] Starting scrape from 2023-11-25 to 2023-12-25...
2026-02-24 19:50:09,305 [INFO] Processing Term: AI environment impact: Found 0 potential matches.
2026-02-24 19:50:09,305 [INFO] Validating Term: AI environment impact: Found 0 valid match(es).
2026-02-24 19:50:13,379 [INFO] Starting scrape from 2023-12-25 to 2024-01-24...
2026-02-24 19:50:14,097 [INFO] Processing Term: AI environment impact: Found 0 potential matches.
2026-02-24 19:50:14,105 [INFO] Validating Term: AI environment impact: Found 0 valid match(es).
2026-02-24 19:50:18,162 [INFO] Starting scrape from 2024-01-24 to 2024-02-23...
2026-02-24 19:50:19,032 [INFO] Processing Term: AI environment impact: Found 4 potential matches.
2026-02-24 19:50:19,063 [INFO] Validating Term: AI environment impact: Found 2 valid match(es).
2026-02-24 19:50:23,094 [INFO] Starting scrape from 2024-02-23 to 2024-03-24...
2026-02-24 19:50:23,950 [INFO] Processing Term: AI environment impact: Found 2 potential matches.
2026-02-24 19:50:23,972 [INFO] Validating Term: AI environment impact: Found 0 valid match(es).
2026-02-24 19:50:28,022 [INFO] Starting scrape from 2024-03-24 to 2024-04-23...
2026-02-24 19:50:28,930 [INFO] Processing Term: AI environment impact: Found 0 potential matches.
2026-02-24 19:50:28,931 [INFO] Validating Term: AI environment impact: Found 0 valid match(es).
2026-02-24 19:50:32,995 [INFO] Starting scrape from 2024-04-23 to 2024-05-23...
2026-02-24 19:50:33,974 [INFO] Processing Term: AI environment impact: Found 7 potential matches.
2026-02-24 19:50:34,040 [INFO] Validating Term: AI environment impact: Found 6 valid match(es).
2026-02-24 19:50:38,071 [INFO] Starting scrape from 2024-05-23 to 2024-06-22...
2026-02-24 19:50:39,243 [INFO] Processing Term: AI environment impact: Found 3 potential matches.
2026-02-24 19:50:39,276 [INFO] Validating Term: AI environment impact: Found 3 valid match(es).
2026-02-24 19:50:43,323 [INFO] Starting scrape from 2024-06-22 to 2024-07-22...
2026-02-24 19:50:44,224 [INFO] Processing Term: AI environment impact: Found 1 potential matches.
2026-02-24 19:50:44,236 [INFO] Validating Term: AI environment impact: Found 0 valid match(es).
2026-02-24 19:50:48,283 [INFO] Starting scrape from 2024-07-22 to 2024-08-21...
2026-02-24 19:50:49,297 [INFO] Processing Term: AI environment impact: Found 3 potential matches.
2026-02-24 19:50:49,321 [INFO] Validating Term: AI environment impact: Found 0 valid match(es).
2026-02-24 19:50:53,371 [INFO] Starting scrape from 2024-08-21 to 2024-09-20...
2026-02-24 19:50:54,158 [INFO] Processing Term: AI environment impact: Found 0 potential matches.
2026-02-24 19:50:54,159 [INFO] Validating Term: AI environment impact: Found 0 valid match(es).
2026-02-24 19:50:58,221 [INFO] Starting scrape from 2024-09-20 to 2024-10-20...
2026-02-24 19:50:59,255 [INFO] Processing Term: AI environment impact: Found 5 potential matches.
2026-02-24 19:50:59,315 [INFO] Validating Term: AI environment impact: Found 1 valid match(es).
2026-02-24 19:51:03,361 [INFO] Starting scrape from 2024-10-20 to 2024-11-19...
2026-02-24 19:51:04,191 [INFO] Processing Term: AI environment impact: Found 0 potential matches.
2026-02-24 19:51:04,191 [INFO] Validating Term: AI environment impact: Found 0 valid match(es).
2026-02-24 19:51:08,255 [INFO] Starting scrape from 2024-11-19 to 2024-12-19...
2026-02-24 19:51:09,235 [INFO] Processing Term: AI environment impact: Found 1 potential matches.
2026-02-24 19:51:09,260 [INFO] Validating Term: AI environment impact: Found 1 valid match(es).
2026-02-24 19:51:13,331 [INFO] Starting scrape from 2024-12-19 to 2025-01-18...
2026-02-24 19:51:14,348 [INFO] Processing Term: AI environment impact: Found 4 potential matches.
2026-02-24 19:51:14,377 [INFO] Validating Term: AI environment impact: Found 4 valid match(es).
2026-02-24 19:51:18,405 [INFO] Starting scrape from 2025-01-18 to 2025-02-17...
2026-02-24 19:51:19,452 [INFO] Processing Term: AI environment impact: Found 5 potential matches.
2026-02-24 19:51:19,499 [INFO] Validating Term: AI environment impact: Found 3 valid match(es).
2026-02-24 19:51:23,537 [INFO] Starting scrape from 2025-02-17 to 2025-03-19...
2026-02-24 19:51:24,571 [INFO] Processing Term: AI environment impact: Found 0 potential matches.
2026-02-24 19:51:24,572 [INFO] Validating Term: AI environment impact: Found 0 valid match(es).
2026-02-24 19:51:28,635 [INFO] Starting scrape from 2025-03-19 to 2025-04-18...
2026-02-24 19:51:30,177 [INFO] Processing Term: AI environment impact: Found 6 potential matches.
2026-02-24 19:51:30,234 [INFO] Validating Term: AI environment impact: Found 4 valid match(es).
2026-02-24 19:51:34,281 [INFO] Starting scrape from 2025-04-18 to 2025-05-18...
2026-02-24 19:51:35,329 [INFO] Processing Term: AI environment impact: Found 2 potential matches.
2026-02-24 19:51:35,345 [INFO] Validating Term: AI environment impact: Found 2 valid match(es).
2026-02-24 19:51:39,394 [INFO] Starting scrape from 2025-05-18 to 2025-06-17...
2026-02-24 19:51:39,724 [INFO] Processing Term: AI environment impact: Found 0 potential matches.
2026-02-24 19:51:39,725 [INFO] Validating Term: AI environment impact: Found 0 valid match(es).
2026-02-24 19:51:43,788 [INFO] Starting scrape from 2025-06-17 to 2025-07-17...
2026-02-24 19:51:44,128 [INFO] Processing Term: AI environment impact: Found 0 potential matches.
2026-02-24 19:51:44,128 [INFO] Validating Term: AI environment impact: Found 0 valid match(es).
2026-02-24 19:51:48,192 [INFO] Starting scrape from 2025-07-17 to 2025-08-16...
2026-02-24 19:51:48,531 [INFO] Processing Term: AI environment impact: Found 0 potential matches.
2026-02-24 19:51:48,531 [INFO] Validating Term: AI environment impact: Found 0 valid match(es).
2026-02-24 19:51:52,581 [INFO] Starting scrape from 2025-08-16 to 2025-09-15...
2026-02-24 19:51:52,875 [INFO] Processing Term: AI environment impact: Found 0 potential matches.
2026-02-24 19:51:52,875 [INFO] Validating Term: AI environment impact: Found 0 valid match(es).
2026-02-24 19:51:56,942 [INFO] Starting scrape from 2025-09-15 to 2025-10-15...
2026-02-24 19:51:57,338 [INFO] Processing Term: AI environment impact: Found 0 potential matches.
2026-02-24 19:51:57,339 [INFO] Validating Term: AI environment impact: Found 0 valid match(es).
2026-02-24 19:52:01,409 [INFO] Starting scrape from 2025-10-15 to 2025-11-14...
2026-02-24 19:52:01,741 [INFO] Processing Term: AI environment impact: Found 0 potential matches.
2026-02-24 19:52:01,742 [INFO] Validating Term: AI environment impact: Found 0 valid match(es).
2026-02-24 19:52:05,794 [INFO] Starting scrape from 2025-11-14 to 2025-12-14...
2026-02-24 19:52:06,078 [INFO] Processing Term: AI environment impact: Found 0 potential matches.
2026-02-24 19:52:06,079 [INFO] Validating Term: AI environment impact: Found 0 valid match(es).
2026-02-24 19:52:10,137 [INFO] Starting scrape from 2025-12-14 to 2026-01-13...
2026-02-24 19:52:10,425 [INFO] Processing Term: AI environment impact: Found 0 potential matches.
2026-02-24 19:52:10,425 [INFO] Validating Term: AI environment impact: Found 0 valid match(es).
2026-02-24 19:52:14,491 [INFO] Starting scrape from 2026-01-13 to 2026-02-12...
2026-02-24 19:52:14,785 [INFO] Processing Term: AI environment impact: Found 0 potential matches.
2026-02-24 19:52:14,786 [INFO] Validating Term: AI environment impact: Found 0 valid match(es).
2026-02-24 19:52:18,846 [INFO] Starting scrape from 2022-11-30 to 2022-12-30...
2026-02-24 19:52:19,458 [INFO] Processing Term: AI environment effect: Found 0 potential matches.
2026-02-24 19:52:19,458 [INFO] Validating Term: AI environment effect: Found 0 valid match(es).
2026-02-24 19:52:23,513 [INFO] Starting scrape from 2022-12-30 to 2023-01-29...
2026-02-24 19:52:24,064 [INFO] Processing Term: AI environment effect: Found 0 potential matches.
2026-02-24 19:52:24,065 [INFO] Validating Term: AI environment effect: Found 0 valid match(es).
2026-02-24 19:52:28,118 [INFO] Starting scrape from 2023-01-29 to 2023-02-28...
2026-02-24 19:52:28,776 [INFO] Processing Term: AI environment effect: Found 0 potential matches.
2026-02-24 19:52:28,776 [INFO] Validating Term: AI environment effect: Found 0 valid match(es).
2026-02-24 19:52:32,852 [INFO] Starting scrape from 2023-02-28 to 2023-03-30...
2026-02-24 19:52:33,541 [INFO] Processing Term: AI environment effect: Found 1 potential matches.
2026-02-24 19:52:33,562 [INFO] Validating Term: AI environment effect: Found 0 valid match(es).
2026-02-24 19:52:37,607 [INFO] Starting scrape from 2023-03-30 to 2023-04-29...
2026-02-24 19:52:38,266 [INFO] Processing Term: AI environment effect: Found 0 potential matches.
2026-02-24 19:52:38,266 [INFO] Validating Term: AI environment effect: Found 0 valid match(es).
2026-02-24 19:52:42,311 [INFO] Starting scrape from 2023-04-29 to 2023-05-29...
2026-02-24 19:52:43,009 [INFO] Processing Term: AI environment effect: Found 0 potential matches.
2026-02-24 19:52:43,009 [INFO] Validating Term: AI environment effect: Found 0 valid match(es).
2026-02-24 19:52:47,070 [INFO] Starting scrape from 2023-05-29 to 2023-06-28...
2026-02-24 19:52:47,769 [INFO] Processing Term: AI environment effect: Found 0 potential matches.
2026-02-24 19:52:47,769 [INFO] Validating Term: AI environment effect: Found 0 valid match(es).
2026-02-24 19:52:51,816 [INFO] Starting scrape from 2023-06-28 to 2023-07-28...
2026-02-24 19:52:52,444 [INFO] Processing Term: AI environment effect: Found 0 potential matches.
2026-02-24 19:52:52,444 [INFO] Validating Term: AI environment effect: Found 0 valid match(es).
2026-02-24 19:52:56,510 [INFO] Starting scrape from 2023-07-28 to 2023-08-27...
2026-02-24 19:52:57,245 [INFO] Processing Term: AI environment effect: Found 0 potential matches.
2026-02-24 19:52:57,245 [INFO] Validating Term: AI environment effect: Found 0 valid match(es).
2026-02-24 19:53:01,286 [INFO] Starting scrape from 2023-08-27 to 2023-09-26...
2026-02-24 19:53:01,851 [INFO] Processing Term: AI environment effect: Found 0 potential matches.
2026-02-24 19:53:01,851 [INFO] Validating Term: AI environment effect: Found 0 valid match(es).
2026-02-24 19:53:05,925 [INFO] Starting scrape from 2023-09-26 to 2023-10-26...
2026-02-24 19:53:06,645 [INFO] Processing Term: AI environment effect: Found 0 potential matches.
2026-02-24 19:53:06,646 [INFO] Validating Term: AI environment effect: Found 0 valid match(es).
2026-02-24 19:53:10,707 [INFO] Starting scrape from 2023-10-26 to 2023-11-25...
2026-02-24 19:53:11,377 [INFO] Processing Term: AI environment effect: Found 0 potential matches.
2026-02-24 19:53:11,377 [INFO] Validating Term: AI environment effect: Found 0 valid match(es).
2026-02-24 19:53:15,442 [INFO] Starting scrape from 2023-11-25 to 2023-12-25...
2026-02-24 19:53:16,084 [INFO] Processing Term: AI environment effect: Found 0 potential matches.
2026-02-24 19:53:16,084 [INFO] Validating Term: AI environment effect: Found 0 valid match(es).
2026-02-24 19:53:20,142 [INFO] Starting scrape from 2023-12-25 to 2024-01-24...
2026-02-24 19:53:20,692 [INFO] Processing Term: AI environment effect: Found 0 potential matches.
2026-02-24 19:53:20,692 [INFO] Validating Term: AI environment effect: Found 0 valid match(es).
2026-02-24 19:53:24,757 [INFO] Starting scrape from 2024-01-24 to 2024-02-23...
2026-02-24 19:53:25,354 [INFO] Processing Term: AI environment effect: Found 0 potential matches.
2026-02-24 19:53:25,354 [INFO] Validating Term: AI environment effect: Found 0 valid match(es).
2026-02-24 19:53:29,409 [INFO] Starting scrape from 2024-02-23 to 2024-03-24...
2026-02-24 19:53:30,113 [INFO] Processing Term: AI environment effect: Found 0 potential matches.
2026-02-24 19:53:30,113 [INFO] Validating Term: AI environment effect: Found 0 valid match(es).
2026-02-24 19:53:34,165 [INFO] Starting scrape from 2024-03-24 to 2024-04-23...
2026-02-24 19:53:34,826 [INFO] Processing Term: AI environment effect: Found 1 potential matches.
2026-02-24 19:53:34,848 [INFO] Validating Term: AI environment effect: Found 0 valid match(es).
2026-02-24 19:53:38,897 [INFO] Starting scrape from 2024-04-23 to 2024-05-23...
2026-02-24 19:53:39,535 [INFO] Processing Term: AI environment effect: Found 0 potential matches.
2026-02-24 19:53:39,535 [INFO] Validating Term: AI environment effect: Found 0 valid match(es).
2026-02-24 19:53:43,598 [INFO] Starting scrape from 2024-05-23 to 2024-06-22...
2026-02-24 19:53:44,451 [INFO] Processing Term: AI environment effect: Found 2 potential matches.
2026-02-24 19:53:44,468 [INFO] Validating Term: AI environment effect: Found 0 valid match(es).
2026-02-24 19:53:48,523 [INFO] Starting scrape from 2024-06-22 to 2024-07-22...
2026-02-24 19:53:49,265 [INFO] Processing Term: AI environment effect: Found 1 potential matches.
2026-02-24 19:53:49,276 [INFO] Validating Term: AI environment effect: Found 0 valid match(es).
2026-02-24 19:53:53,336 [INFO] Starting scrape from 2024-07-22 to 2024-08-21...
2026-02-24 19:53:54,075 [INFO] Processing Term: AI environment effect: Found 0 potential matches.
2026-02-24 19:53:54,075 [INFO] Validating Term: AI environment effect: Found 0 valid match(es).
2026-02-24 19:53:58,138 [INFO] Starting scrape from 2024-08-21 to 2024-09-20...
2026-02-24 19:53:58,891 [INFO] Processing Term: AI environment effect: Found 0 potential matches.
2026-02-24 19:53:58,891 [INFO] Validating Term: AI environment effect: Found 0 valid match(es).
2026-02-24 19:54:02,960 [INFO] Starting scrape from 2024-09-20 to 2024-10-20...
2026-02-24 19:54:03,663 [INFO] Processing Term: AI environment effect: Found 0 potential matches.
2026-02-24 19:54:03,664 [INFO] Validating Term: AI environment effect: Found 0 valid match(es).
2026-02-24 19:54:07,706 [INFO] Starting scrape from 2024-10-20 to 2024-11-19...
2026-02-24 19:54:08,513 [INFO] Processing Term: AI environment effect: Found 1 potential matches.
2026-02-24 19:54:08,529 [INFO] Validating Term: AI environment effect: Found 1 valid match(es).
2026-02-24 19:54:12,592 [INFO] Starting scrape from 2024-11-19 to 2024-12-19...
2026-02-24 19:54:13,328 [INFO] Processing Term: AI environment effect: Found 2 potential matches.
2026-02-24 19:54:13,352 [INFO] Validating Term: AI environment effect: Found 1 valid match(es).
2026-02-24 19:54:17,409 [INFO] Starting scrape from 2024-12-19 to 2025-01-18...
2026-02-24 19:54:18,245 [INFO] Processing Term: AI environment effect: Found 2 potential matches.
2026-02-24 19:54:18,265 [INFO] Validating Term: AI environment effect: Found 2 valid match(es).
2026-02-24 19:54:22,322 [INFO] Starting scrape from 2025-01-18 to 2025-02-17...
2026-02-24 19:54:23,056 [INFO] Processing Term: AI environment effect: Found 0 potential matches.
2026-02-24 19:54:23,057 [INFO] Validating Term: AI environment effect: Found 0 valid match(es).
2026-02-24 19:54:27,115 [INFO] Starting scrape from 2025-02-17 to 2025-03-19...
2026-02-24 19:54:27,969 [INFO] Processing Term: AI environment effect: Found 0 potential matches.
2026-02-24 19:54:27,969 [INFO] Validating Term: AI environment effect: Found 0 valid match(es).
2026-02-24 19:54:32,037 [INFO] Starting scrape from 2025-03-19 to 2025-04-18...
2026-02-24 19:54:33,236 [INFO] Processing Term: AI environment effect: Found 0 potential matches.
2026-02-24 19:54:33,237 [INFO] Validating Term: AI environment effect: Found 0 valid match(es).
2026-02-24 19:54:37,299 [INFO] Starting scrape from 2025-04-18 to 2025-05-18...
2026-02-24 19:54:38,106 [INFO] Processing Term: AI environment effect: Found 0 potential matches.
2026-02-24 19:54:38,106 [INFO] Validating Term: AI environment effect: Found 0 valid match(es).
2026-02-24 19:54:42,177 [INFO] Starting scrape from 2025-05-18 to 2025-06-17...
2026-02-24 19:54:42,510 [INFO] Processing Term: AI environment effect: Found 0 potential matches.
2026-02-24 19:54:42,510 [INFO] Validating Term: AI environment effect: Found 0 valid match(es).
2026-02-24 19:54:46,581 [INFO] Starting scrape from 2025-06-17 to 2025-07-17...
2026-02-24 19:54:46,917 [INFO] Processing Term: AI environment effect: Found 0 potential matches.
2026-02-24 19:54:46,918 [INFO] Validating Term: AI environment effect: Found 0 valid match(es).
2026-02-24 19:54:50,990 [INFO] Starting scrape from 2025-07-17 to 2025-08-16...
2026-02-24 19:54:51,316 [INFO] Processing Term: AI environment effect: Found 0 potential matches.
2026-02-24 19:54:51,316 [INFO] Validating Term: AI environment effect: Found 0 valid match(es).
2026-02-24 19:54:55,376 [INFO] Starting scrape from 2025-08-16 to 2025-09-15...
2026-02-24 19:54:55,725 [INFO] Processing Term: AI environment effect: Found 0 potential matches.
2026-02-24 19:54:55,725 [INFO] Validating Term: AI environment effect: Found 0 valid match(es).
2026-02-24 19:54:59,798 [INFO] Starting scrape from 2025-09-15 to 2025-10-15...
2026-02-24 19:55:00,096 [INFO] Processing Term: AI environment effect: Found 0 potential matches.
2026-02-24 19:55:00,096 [INFO] Validating Term: AI environment effect: Found 0 valid match(es).
2026-02-24 19:55:04,142 [INFO] Starting scrape from 2025-10-15 to 2025-11-14...
2026-02-24 19:55:04,526 [INFO] Processing Term: AI environment effect: Found 0 potential matches.
2026-02-24 19:55:04,526 [INFO] Validating Term: AI environment effect: Found 0 valid match(es).
2026-02-24 19:55:08,589 [INFO] Starting scrape from 2025-11-14 to 2025-12-14...
2026-02-24 19:55:08,866 [INFO] Processing Term: AI environment effect: Found 0 potential matches.
2026-02-24 19:55:08,866 [INFO] Validating Term: AI environment effect: Found 0 valid match(es).
2026-02-24 19:55:12,928 [INFO] Starting scrape from 2025-12-14 to 2026-01-13...
2026-02-24 19:55:13,214 [INFO] Processing Term: AI environment effect: Found 0 potential matches.
2026-02-24 19:55:13,215 [INFO] Validating Term: AI environment effect: Found 0 valid match(es).
2026-02-24 19:55:17,271 [INFO] Starting scrape from 2026-01-13 to 2026-02-12...
2026-02-24 19:55:17,636 [INFO] Processing Term: AI environment effect: Found 0 potential matches.
2026-02-24 19:55:17,636 [INFO] Validating Term: AI environment effect: Found 0 valid match(es).
2026-02-24 19:55:21,688 [INFO] Starting scrape from 2022-11-30 to 2022-12-30...
2026-02-24 19:55:22,242 [INFO] Processing Term: AI environment cost: Found 0 potential matches.
2026-02-24 19:55:22,243 [INFO] Validating Term: AI environment cost: Found 0 valid match(es).
2026-02-24 19:55:26,298 [INFO] Starting scrape from 2022-12-30 to 2023-01-29...
2026-02-24 19:55:26,851 [INFO] Processing Term: AI environment cost: Found 0 potential matches.
2026-02-24 19:55:26,851 [INFO] Validating Term: AI environment cost: Found 0 valid match(es).
2026-02-24 19:55:30,907 [INFO] Starting scrape from 2023-01-29 to 2023-02-28...
2026-02-24 19:55:31,561 [INFO] Processing Term: AI environment cost: Found 0 potential matches.
2026-02-24 19:55:31,561 [INFO] Validating Term: AI environment cost: Found 0 valid match(es).
2026-02-24 19:55:35,616 [INFO] Starting scrape from 2023-02-28 to 2023-03-30...
2026-02-24 19:55:36,334 [INFO] Processing Term: AI environment cost: Found 0 potential matches.
2026-02-24 19:55:36,334 [INFO] Validating Term: AI environment cost: Found 0 valid match(es).
2026-02-24 19:55:40,389 [INFO] Starting scrape from 2023-03-30 to 2023-04-29...
2026-02-24 19:55:41,187 [INFO] Processing Term: AI environment cost: Found 0 potential matches.
2026-02-24 19:55:41,187 [INFO] Validating Term: AI environment cost: Found 0 valid match(es).
2026-02-24 19:55:45,240 [INFO] Starting scrape from 2023-04-29 to 2023-05-29...
2026-02-24 19:55:45,901 [INFO] Processing Term: AI environment cost: Found 2 potential matches.
2026-02-24 19:55:45,928 [INFO] Validating Term: AI environment cost: Found 2 valid match(es).
2026-02-24 19:55:49,968 [INFO] Starting scrape from 2023-05-29 to 2023-06-28...
2026-02-24 19:55:51,243 [INFO] Processing Term: AI environment cost: Found 24 potential matches.
2026-02-24 19:55:51,351 [INFO] Validating Term: AI environment cost: Found 24 valid match(es).
2026-02-24 19:55:55,386 [INFO] Starting scrape from 2023-06-28 to 2023-07-28...
2026-02-24 19:55:55,966 [INFO] Processing Term: AI environment cost: Found 0 potential matches.
2026-02-24 19:55:55,967 [INFO] Validating Term: AI environment cost: Found 0 valid match(es).
2026-02-24 19:56:00,023 [INFO] Starting scrape from 2023-07-28 to 2023-08-27...
2026-02-24 19:56:00,585 [INFO] Processing Term: AI environment cost: Found 0 potential matches.
2026-02-24 19:56:00,586 [INFO] Validating Term: AI environment cost: Found 0 valid match(es).
2026-02-24 19:56:04,662 [INFO] Starting scrape from 2023-08-27 to 2023-09-26...
2026-02-24 19:56:05,277 [INFO] Processing Term: AI environment cost: Found 0 potential matches.
2026-02-24 19:56:05,277 [INFO] Validating Term: AI environment cost: Found 0 valid match(es).
2026-02-24 19:56:09,339 [INFO] Starting scrape from 2023-09-26 to 2023-10-26...
2026-02-24 19:56:09,992 [INFO] Processing Term: AI environment cost: Found 0 potential matches.
2026-02-24 19:56:09,992 [INFO] Validating Term: AI environment cost: Found 0 valid match(es).
2026-02-24 19:56:14,056 [INFO] Starting scrape from 2023-10-26 to 2023-11-25...
2026-02-24 19:56:14,707 [INFO] Processing Term: AI environment cost: Found 0 potential matches.
2026-02-24 19:56:14,708 [INFO] Validating Term: AI environment cost: Found 0 valid match(es).
2026-02-24 19:56:18,774 [INFO] Starting scrape from 2023-11-25 to 2023-12-25...
2026-02-24 19:56:19,384 [INFO] Processing Term: AI environment cost: Found 0 potential matches.
2026-02-24 19:56:19,385 [INFO] Validating Term: AI environment cost: Found 0 valid match(es).
2026-02-24 19:56:23,427 [INFO] Starting scrape from 2023-12-25 to 2024-01-24...
2026-02-24 19:56:24,068 [INFO] Processing Term: AI environment cost: Found 0 potential matches.
2026-02-24 19:56:24,068 [INFO] Validating Term: AI environment cost: Found 0 valid match(es).
2026-02-24 19:56:28,122 [INFO] Starting scrape from 2024-01-24 to 2024-02-23...
2026-02-24 19:56:28,820 [INFO] Processing Term: AI environment cost: Found 2 potential matches.
2026-02-24 19:56:28,915 [INFO] Validating Term: AI environment cost: Found 0 valid match(es).
2026-02-24 19:56:32,970 [INFO] Starting scrape from 2024-02-23 to 2024-03-24...
2026-02-24 19:56:33,720 [INFO] Processing Term: AI environment cost: Found 0 potential matches.
2026-02-24 19:56:33,720 [INFO] Validating Term: AI environment cost: Found 0 valid match(es).
2026-02-24 19:56:37,775 [INFO] Starting scrape from 2024-03-24 to 2024-04-23...
2026-02-24 19:56:38,531 [INFO] Processing Term: AI environment cost: Found 0 potential matches.
2026-02-24 19:56:38,531 [INFO] Validating Term: AI environment cost: Found 0 valid match(es).
2026-02-24 19:56:42,582 [INFO] Starting scrape from 2024-04-23 to 2024-05-23...
2026-02-24 19:56:43,273 [INFO] Processing Term: AI environment cost: Found 0 potential matches.
2026-02-24 19:56:43,273 [INFO] Validating Term: AI environment cost: Found 0 valid match(es).
2026-02-24 19:56:47,329 [INFO] Starting scrape from 2024-05-23 to 2024-06-22...
2026-02-24 19:56:48,161 [INFO] Processing Term: AI environment cost: Found 2 potential matches.
2026-02-24 19:56:48,182 [INFO] Validating Term: AI environment cost: Found 0 valid match(es).
2026-02-24 19:56:52,227 [INFO] Starting scrape from 2024-06-22 to 2024-07-22...
2026-02-24 19:56:52,972 [INFO] Processing Term: AI environment cost: Found 0 potential matches.
2026-02-24 19:56:52,972 [INFO] Validating Term: AI environment cost: Found 0 valid match(es).
2026-02-24 19:56:57,026 [INFO] Starting scrape from 2024-07-22 to 2024-08-21...
2026-02-24 19:56:57,785 [INFO] Processing Term: AI environment cost: Found 1 potential matches.
2026-02-24 19:56:57,810 [INFO] Validating Term: AI environment cost: Found 0 valid match(es).
2026-02-24 19:57:01,856 [INFO] Starting scrape from 2024-08-21 to 2024-09-20...
2026-02-24 19:57:02,707 [INFO] Processing Term: AI environment cost: Found 0 potential matches.
2026-02-24 19:57:02,708 [INFO] Validating Term: AI environment cost: Found 0 valid match(es).
2026-02-24 19:57:06,758 [INFO] Starting scrape from 2024-09-20 to 2024-10-20...
2026-02-24 19:57:07,614 [INFO] Processing Term: AI environment cost: Found 0 potential matches.
2026-02-24 19:57:07,614 [INFO] Validating Term: AI environment cost: Found 0 valid match(es).
2026-02-24 19:57:11,668 [INFO] Starting scrape from 2024-10-20 to 2024-11-19...
2026-02-24 19:57:12,427 [INFO] Processing Term: AI environment cost: Found 0 potential matches.
2026-02-24 19:57:12,427 [INFO] Validating Term: AI environment cost: Found 0 valid match(es).
2026-02-24 19:57:16,482 [INFO] Starting scrape from 2024-11-19 to 2024-12-19...
2026-02-24 19:57:17,443 [INFO] Processing Term: AI environment cost: Found 0 potential matches.
2026-02-24 19:57:17,444 [INFO] Validating Term: AI environment cost: Found 0 valid match(es).
2026-02-24 19:57:21,500 [INFO] Starting scrape from 2024-12-19 to 2025-01-18...
2026-02-24 19:57:22,461 [INFO] Processing Term: AI environment cost: Found 0 potential matches.
2026-02-24 19:57:22,462 [INFO] Validating Term: AI environment cost: Found 0 valid match(es).
2026-02-24 19:57:26,516 [INFO] Starting scrape from 2025-01-18 to 2025-02-17...
2026-02-24 19:57:27,583 [INFO] Processing Term: AI environment cost: Found 1 potential matches.
2026-02-24 19:57:27,603 [INFO] Validating Term: AI environment cost: Found 1 valid match(es).
2026-02-24 19:57:31,655 [INFO] Starting scrape from 2025-02-17 to 2025-03-19...
2026-02-24 19:57:33,011 [INFO] Processing Term: AI environment cost: Found 0 potential matches.
2026-02-24 19:57:33,012 [INFO] Validating Term: AI environment cost: Found 0 valid match(es).
2026-02-24 19:57:37,070 [INFO] Starting scrape from 2025-03-19 to 2025-04-18...
2026-02-24 19:57:38,640 [INFO] Processing Term: AI environment cost: Found 0 potential matches.
2026-02-24 19:57:38,640 [INFO] Validating Term: AI environment cost: Found 0 valid match(es).
2026-02-24 19:57:42,695 [INFO] Starting scrape from 2025-04-18 to 2025-05-18...
2026-02-24 19:57:43,559 [INFO] Processing Term: AI environment cost: Found 0 potential matches.
2026-02-24 19:57:43,559 [INFO] Validating Term: AI environment cost: Found 0 valid match(es).
2026-02-24 19:57:47,588 [INFO] Starting scrape from 2025-05-18 to 2025-06-17...
2026-02-24 19:57:47,882 [INFO] Processing Term: AI environment cost: Found 0 potential matches.
2026-02-24 19:57:47,882 [INFO] Validating Term: AI environment cost: Found 0 valid match(es).
2026-02-24 19:57:51,940 [INFO] Starting scrape from 2025-06-17 to 2025-07-17...
2026-02-24 19:57:52,260 [INFO] Processing Term: AI environment cost: Found 0 potential matches.
2026-02-24 19:57:52,261 [INFO] Validating Term: AI environment cost: Found 0 valid match(es).
2026-02-24 19:57:56,316 [INFO] Starting scrape from 2025-07-17 to 2025-08-16...
2026-02-24 19:57:56,664 [INFO] Processing Term: AI environment cost: Found 0 potential matches.
2026-02-24 19:57:56,665 [INFO] Validating Term: AI environment cost: Found 0 valid match(es).
2026-02-24 19:58:00,719 [INFO] Starting scrape from 2025-08-16 to 2025-09-15...
2026-02-24 19:58:01,068 [INFO] Processing Term: AI environment cost: Found 0 potential matches.
2026-02-24 19:58:01,068 [INFO] Validating Term: AI environment cost: Found 0 valid match(es).
2026-02-24 19:58:05,109 [INFO] Starting scrape from 2025-09-15 to 2025-10-15...
2026-02-24 19:58:05,389 [INFO] Processing Term: AI environment cost: Found 0 potential matches.
2026-02-24 19:58:05,389 [INFO] Validating Term: AI environment cost: Found 0 valid match(es).
2026-02-24 19:58:09,443 [INFO] Starting scrape from 2025-10-15 to 2025-11-14...
2026-02-24 19:58:09,873 [INFO] Processing Term: AI environment cost: Found 0 potential matches.
2026-02-24 19:58:09,873 [INFO] Validating Term: AI environment cost: Found 0 valid match(es).
2026-02-24 19:58:13,927 [INFO] Starting scrape from 2025-11-14 to 2025-12-14...
2026-02-24 19:58:14,277 [INFO] Processing Term: AI environment cost: Found 0 potential matches.
2026-02-24 19:58:14,278 [INFO] Validating Term: AI environment cost: Found 0 valid match(es).
2026-02-24 19:58:18,332 [INFO] Starting scrape from 2025-12-14 to 2026-01-13...
2026-02-24 19:58:18,679 [INFO] Processing Term: AI environment cost: Found 0 potential matches.
2026-02-24 19:58:18,680 [INFO] Validating Term: AI environment cost: Found 0 valid match(es).
2026-02-24 19:58:22,735 [INFO] Starting scrape from 2026-01-13 to 2026-02-12...
2026-02-24 19:58:22,996 [INFO] Processing Term: AI environment cost: Found 0 potential matches.
2026-02-24 19:58:22,996 [INFO] Validating Term: AI environment cost: Found 0 valid match(es).
2026-02-24 19:58:27,051 [INFO] Starting scrape from 2022-11-30 to 2022-12-30...
2026-02-24 19:58:27,492 [INFO] Processing Term: AI environment harm: Found 0 potential matches.
2026-02-24 19:58:27,492 [INFO] Validating Term: AI environment harm: Found 0 valid match(es).
2026-02-24 19:58:31,525 [INFO] Starting scrape from 2022-12-30 to 2023-01-29...
2026-02-24 19:58:31,993 [INFO] Processing Term: AI environment harm: Found 0 potential matches.
2026-02-24 19:58:31,993 [INFO] Validating Term: AI environment harm: Found 0 valid match(es).
2026-02-24 19:58:36,050 [INFO] Starting scrape from 2023-01-29 to 2023-02-28...
2026-02-24 19:58:36,562 [INFO] Processing Term: AI environment harm: Found 0 potential matches.
2026-02-24 19:58:36,562 [INFO] Validating Term: AI environment harm: Found 0 valid match(es).
2026-02-24 19:58:40,619 [INFO] Starting scrape from 2023-02-28 to 2023-03-30...
2026-02-24 19:58:41,210 [INFO] Processing Term: AI environment harm: Found 0 potential matches.
2026-02-24 19:58:41,211 [INFO] Validating Term: AI environment harm: Found 0 valid match(es).
2026-02-24 19:58:45,257 [INFO] Starting scrape from 2023-03-30 to 2023-04-29...
2026-02-24 19:58:45,920 [INFO] Processing Term: AI environment harm: Found 0 potential matches.
2026-02-24 19:58:45,920 [INFO] Validating Term: AI environment harm: Found 0 valid match(es).
2026-02-24 19:58:49,974 [INFO] Starting scrape from 2023-04-29 to 2023-05-29...
2026-02-24 19:58:50,396 [INFO] Processing Term: AI environment harm: Found 0 potential matches.
2026-02-24 19:58:50,397 [INFO] Validating Term: AI environment harm: Found 0 valid match(es).
2026-02-24 19:58:54,450 [INFO] Starting scrape from 2023-05-29 to 2023-06-28...
2026-02-24 19:58:55,033 [INFO] Processing Term: AI environment harm: Found 0 potential matches.
2026-02-24 19:58:55,033 [INFO] Validating Term: AI environment harm: Found 0 valid match(es).
2026-02-24 19:58:59,088 [INFO] Starting scrape from 2023-06-28 to 2023-07-28...
2026-02-24 19:58:59,540 [INFO] Processing Term: AI environment harm: Found 0 potential matches.
2026-02-24 19:58:59,540 [INFO] Validating Term: AI environment harm: Found 0 valid match(es).
2026-02-24 19:59:03,596 [INFO] Starting scrape from 2023-07-28 to 2023-08-27...
2026-02-24 19:59:04,043 [INFO] Processing Term: AI environment harm: Found 0 potential matches.
2026-02-24 19:59:04,043 [INFO] Validating Term: AI environment harm: Found 0 valid match(es).
2026-02-24 19:59:08,104 [INFO] Starting scrape from 2023-08-27 to 2023-09-26...
2026-02-24 19:59:08,630 [INFO] Processing Term: AI environment harm: Found 0 potential matches.
2026-02-24 19:59:08,630 [INFO] Validating Term: AI environment harm: Found 0 valid match(es).
2026-02-24 19:59:12,696 [INFO] Starting scrape from 2023-09-26 to 2023-10-26...
2026-02-24 19:59:13,157 [INFO] Processing Term: AI environment harm: Found 0 potential matches.
2026-02-24 19:59:13,158 [INFO] Validating Term: AI environment harm: Found 0 valid match(es).
2026-02-24 19:59:17,218 [INFO] Starting scrape from 2023-10-26 to 2023-11-25...
2026-02-24 19:59:17,765 [INFO] Processing Term: AI environment harm: Found 0 potential matches.
2026-02-24 19:59:17,765 [INFO] Validating Term: AI environment harm: Found 0 valid match(es).
2026-02-24 19:59:21,824 [INFO] Starting scrape from 2023-11-25 to 2023-12-25...
2026-02-24 19:59:22,375 [INFO] Processing Term: AI environment harm: Found 0 potential matches.
2026-02-24 19:59:22,375 [INFO] Validating Term: AI environment harm: Found 0 valid match(es).
2026-02-24 19:59:26,438 [INFO] Starting scrape from 2023-12-25 to 2024-01-24...
2026-02-24 19:59:26,916 [INFO] Processing Term: AI environment harm: Found 2 potential matches.
2026-02-24 19:59:26,941 [INFO] Validating Term: AI environment harm: Found 0 valid match(es).
2026-02-24 19:59:30,985 [INFO] Starting scrape from 2024-01-24 to 2024-02-23...
2026-02-24 19:59:31,466 [INFO] Processing Term: AI environment harm: Found 0 potential matches.
2026-02-24 19:59:31,466 [INFO] Validating Term: AI environment harm: Found 0 valid match(es).
2026-02-24 19:59:35,528 [INFO] Starting scrape from 2024-02-23 to 2024-03-24...
2026-02-24 19:59:36,043 [INFO] Processing Term: AI environment harm: Found 0 potential matches.
2026-02-24 19:59:36,044 [INFO] Validating Term: AI environment harm: Found 0 valid match(es).
2026-02-24 19:59:40,073 [INFO] Starting scrape from 2024-03-24 to 2024-04-23...
2026-02-24 19:59:40,601 [INFO] Processing Term: AI environment harm: Found 0 potential matches.
2026-02-24 19:59:40,602 [INFO] Validating Term: AI environment harm: Found 0 valid match(es).
2026-02-24 19:59:44,665 [INFO] Starting scrape from 2024-04-23 to 2024-05-23...
2026-02-24 19:59:45,120 [INFO] Processing Term: AI environment harm: Found 0 potential matches.
2026-02-24 19:59:45,120 [INFO] Validating Term: AI environment harm: Found 0 valid match(es).
2026-02-24 19:59:49,184 [INFO] Starting scrape from 2024-05-23 to 2024-06-22...
2026-02-24 19:59:49,718 [INFO] Processing Term: AI environment harm: Found 0 potential matches.
2026-02-24 19:59:49,718 [INFO] Validating Term: AI environment harm: Found 0 valid match(es).
2026-02-24 19:59:53,780 [INFO] Starting scrape from 2024-06-22 to 2024-07-22...
2026-02-24 19:59:54,288 [INFO] Processing Term: AI environment harm: Found 0 potential matches.
2026-02-24 19:59:54,289 [INFO] Validating Term: AI environment harm: Found 0 valid match(es).
2026-02-24 19:59:58,351 [INFO] Starting scrape from 2024-07-22 to 2024-08-21...
2026-02-24 19:59:59,034 [INFO] Processing Term: AI environment harm: Found 0 potential matches.
2026-02-24 19:59:59,035 [INFO] Validating Term: AI environment harm: Found 0 valid match(es).
2026-02-24 20:00:03,102 [INFO] Starting scrape from 2024-08-21 to 2024-09-20...
2026-02-24 20:00:03,642 [INFO] Processing Term: AI environment harm: Found 0 potential matches.
2026-02-24 20:00:03,642 [INFO] Validating Term: AI environment harm: Found 0 valid match(es).
2026-02-24 20:00:07,713 [INFO] Starting scrape from 2024-09-20 to 2024-10-20...
2026-02-24 20:00:08,285 [INFO] Processing Term: AI environment harm: Found 1 potential matches.
2026-02-24 20:00:08,298 [INFO] Validating Term: AI environment harm: Found 1 valid match(es).
2026-02-24 20:00:12,380 [INFO] Starting scrape from 2024-10-20 to 2024-11-19...
2026-02-24 20:00:12,849 [INFO] Processing Term: AI environment harm: Found 2 potential matches.
2026-02-24 20:00:12,887 [INFO] Validating Term: AI environment harm: Found 2 valid match(es).
2026-02-24 20:00:16,936 [INFO] Starting scrape from 2024-11-19 to 2024-12-19...
2026-02-24 20:00:17,469 [INFO] Processing Term: AI environment harm: Found 1 potential matches.
2026-02-24 20:00:17,489 [INFO] Validating Term: AI environment harm: Found 0 valid match(es).
2026-02-24 20:00:21,547 [INFO] Starting scrape from 2024-12-19 to 2025-01-18...
2026-02-24 20:00:22,408 [INFO] Processing Term: AI environment harm: Found 5 potential matches.
2026-02-24 20:00:22,458 [INFO] Validating Term: AI environment harm: Found 5 valid match(es).
2026-02-24 20:00:26,500 [INFO] Starting scrape from 2025-01-18 to 2025-02-17...
2026-02-24 20:00:27,093 [INFO] Processing Term: AI environment harm: Found 1 potential matches.
2026-02-24 20:00:27,101 [INFO] Validating Term: AI environment harm: Found 0 valid match(es).
2026-02-24 20:00:31,164 [INFO] Starting scrape from 2025-02-17 to 2025-03-19...
2026-02-24 20:00:31,704 [INFO] Processing Term: AI environment harm: Found 0 potential matches.
2026-02-24 20:00:31,704 [INFO] Validating Term: AI environment harm: Found 0 valid match(es).
2026-02-24 20:00:35,765 [INFO] Starting scrape from 2025-03-19 to 2025-04-18...
2026-02-24 20:00:36,616 [INFO] Processing Term: AI environment harm: Found 2 potential matches.
2026-02-24 20:00:36,639 [INFO] Validating Term: AI environment harm: Found 2 valid match(es).
2026-02-24 20:00:40,683 [INFO] Starting scrape from 2025-04-18 to 2025-05-18...
2026-02-24 20:00:41,225 [INFO] Processing Term: AI environment harm: Found 0 potential matches.
2026-02-24 20:00:41,226 [INFO] Validating Term: AI environment harm: Found 0 valid match(es).
